ID_SUBMIT,MN_,DAY_HOUR
0,51010901001,2017/5/25 00:xx
1,51010901001,2017/5/25 01:xx
2,51010901001,2017/5/25 02:xx
3,51010901001,2017/5/25 03:xx
4,51010901001,2017/5/25 04:xx
5,51010901001,2017/5/25 05:xx
6,51010901001,2017/5/25 06:xx
7,51010901001,2017/5/25 07:xx
8,51010901001,2017/5/25 08:xx
9,51010901001,2017/5/25 09:xx
10,51010901001,2017/5/25 10:xx
11,51010901001,2017/5/25 11:xx
12,51010901001,2017/5/25 12:xx
13,51010901001,2017/5/25 13:xx
14,51010901001,2017/5/25 14:xx
15,51010901001,2017/5/25 15:xx
16,51010901001,2017/5/25 16:xx
17,51010901001,2017/5/25 17:xx
18,51010901001,2017/5/25 18:xx
19,51010901001,2017/5/25 19:xx
20,51010901001,2017/5/25 20:xx
21,51010901001,2017/5/25 21:xx
22,51010901001,2017/5/25 22:xx
23,51010901001,2017/5/25 23:xx
24,51010901001,2017/5/26 00:xx
25,51010901001,2017/5/26 01:xx
26,51010901001,2017/5/26 02:xx
27,51010901001,2017/5/26 03:xx
28,51010901001,2017/5/26 04:xx
29,51010901001,2017/5/26 05:xx
30,51010901001,2017/5/26 06:xx
31,51010901001,2017/5/26 07:xx
32,51010901001,2017/5/26 08:xx
33,51010901001,2017/5/26 09:xx
34,51010901001,2017/5/26 10:xx
35,51010901001,2017/5/26 11:xx
36,51010901001,2017/5/26 12:xx
37,51010901001,2017/5/26 13:xx
38,51010901001,2017/5/26 14:xx
39,51010901001,2017/5/26 15:xx
40,51010901001,2017/5/26 16:xx
41,51010901001,2017/5/26 17:xx
42,51010901001,2017/5/26 18:xx
43,51010901001,2017/5/26 19:xx
44,51010901001,2017/5/26 20:xx
45,51010901001,2017/5/26 21:xx
46,51010901001,2017/5/26 22:xx
47,51010901001,2017/5/26 23:xx
48,51010901001,2017/5/27 00:xx
49,51010901001,2017/5/27 01:xx
50,51010901001,2017/5/27 02:xx
51,51010901001,2017/5/27 03:xx
52,51010901001,2017/5/27 04:xx
53,51010901001,2017/5/27 05:xx
54,51010901001,2017/5/27 06:xx
55,51010901001,2017/5/27 07:xx
56,51010901001,2017/5/27 08:xx
57,51010901001,2017/5/27 09:xx
58,51010901001,2017/5/27 10:xx
59,51010901001,2017/5/27 11:xx
60,51010901001,2017/5/27 12:xx
61,51010901001,2017/5/27 13:xx
62,51010901001,2017/5/27 14:xx
63,51010901001,2017/5/27 15:xx
64,51010901001,2017/5/27 16:xx
65,51010901001,2017/5/27 17:xx
66,51010901001,2017/5/27 18:xx
67,51010901001,2017/5/27 19:xx
68,51010901001,2017/5/27 20:xx
69,51010901001,2017/5/27 21:xx
70,51010901001,2017/5/27 22:xx
71,51010901001,2017/5/27 23:xx
72,51010901001,2017/5/28 00:xx
73,51010901001,2017/5/28 01:xx
74,51010901001,2017/5/28 02:xx
75,51010901001,2017/5/28 03:xx
76,51010901001,2017/5/28 04:xx
77,51010901001,2017/5/28 05:xx
78,51010901001,2017/5/28 06:xx
79,51010901001,2017/5/28 07:xx
80,51010901001,2017/5/28 08:xx
81,51010901001,2017/5/28 09:xx
82,51010901001,2017/5/28 10:xx
83,51010901001,2017/5/28 11:xx
84,51010901001,2017/5/28 12:xx
85,51010901001,2017/5/28 13:xx
86,51010901001,2017/5/28 14:xx
87,51010901001,2017/5/28 15:xx
88,51010901001,2017/5/28 16:xx
89,51010901001,2017/5/28 17:xx
90,51010901001,2017/5/28 18:xx
91,51010901001,2017/5/28 19:xx
92,51010901001,2017/5/28 20:xx
93,51010901001,2017/5/28 21:xx
94,51010901001,2017/5/28 22:xx
95,51010901001,2017/5/28 23:xx
96,51010901001,2017/5/29 00:xx
97,51010901001,2017/5/29 01:xx
98,51010901001,2017/5/29 02:xx
99,51010901001,2017/5/29 03:xx
100,51010901001,2017/5/29 04:xx
101,51010901001,2017/5/29 05:xx
102,51010901001,2017/5/29 06:xx
103,51010901001,2017/5/29 07:xx
104,51010901001,2017/5/29 08:xx
105,51010901001,2017/5/29 09:xx
106,51010901001,2017/5/29 10:xx
107,51010901001,2017/5/29 11:xx
108,51010901001,2017/5/29 12:xx
109,51010901001,2017/5/29 13:xx
110,51010901001,2017/5/29 14:xx
111,51010901001,2017/5/29 15:xx
112,51010901001,2017/5/29 16:xx
113,51010901001,2017/5/29 17:xx
114,51010901001,2017/5/29 18:xx
115,51010901001,2017/5/29 19:xx
116,51010901001,2017/5/29 20:xx
117,51010901001,2017/5/29 21:xx
118,51010901001,2017/5/29 22:xx
119,51010901001,2017/5/29 23:xx
120,51010901001,2017/5/30 00:xx
121,51010901001,2017/5/30 01:xx
122,51010901001,2017/5/30 02:xx
123,51010901001,2017/5/30 03:xx
124,51010901001,2017/5/30 04:xx
125,51010901001,2017/5/30 05:xx
126,51010901001,2017/5/30 06:xx
127,51010901001,2017/5/30 07:xx
128,51010901001,2017/5/30 08:xx
129,51010901001,2017/5/30 09:xx
130,51010901001,2017/5/30 10:xx
131,51010901001,2017/5/30 11:xx
132,51010901001,2017/5/30 12:xx
133,51010901001,2017/5/30 13:xx
134,51010901001,2017/5/30 14:xx
135,51010901001,2017/5/30 15:xx
136,51010901001,2017/5/30 16:xx
137,51010901001,2017/5/30 17:xx
138,51010901001,2017/5/30 18:xx
139,51010901001,2017/5/30 19:xx
140,51010901001,2017/5/30 20:xx
141,51010901001,2017/5/30 21:xx
142,51010901001,2017/5/30 22:xx
143,51010901001,2017/5/30 23:xx
144,51010901001,2017/5/31 00:xx
145,51010901001,2017/5/31 01:xx
146,51010901001,2017/5/31 02:xx
147,51010901001,2017/5/31 03:xx
148,51010901001,2017/5/31 04:xx
149,51010901001,2017/5/31 05:xx
150,51010901001,2017/5/31 06:xx
151,51010901001,2017/5/31 07:xx
152,51010901001,2017/5/31 08:xx
153,51010901001,2017/5/31 09:xx
154,51010901001,2017/5/31 10:xx
155,51010901001,2017/5/31 11:xx
156,51010901001,2017/5/31 12:xx
157,51010901001,2017/5/31 13:xx
158,51010901001,2017/5/31 14:xx
159,51010901001,2017/5/31 15:xx
160,51010901001,2017/5/31 16:xx
161,51010901001,2017/5/31 17:xx
162,51010901001,2017/5/31 18:xx
163,51010901001,2017/5/31 19:xx
164,51010901001,2017/5/31 20:xx
165,51010901001,2017/5/31 21:xx
166,51010901001,2017/5/31 22:xx
167,51010901001,2017/5/31 23:xx
168,51010901001,2017/12/25 00:xx
169,51010901001,2017/12/25 01:xx
170,51010901001,2017/12/25 02:xx
171,51010901001,2017/12/25 03:xx
172,51010901001,2017/12/25 04:xx
173,51010901001,2017/12/25 05:xx
174,51010901001,2017/12/25 06:xx
175,51010901001,2017/12/25 07:xx
176,51010901001,2017/12/25 08:xx
177,51010901001,2017/12/25 09:xx
178,51010901001,2017/12/25 10:xx
179,51010901001,2017/12/25 11:xx
180,51010901001,2017/12/25 12:xx
181,51010901001,2017/12/25 13:xx
182,51010901001,2017/12/25 14:xx
183,51010901001,2017/12/25 15:xx
184,51010901001,2017/12/25 16:xx
185,51010901001,2017/12/25 17:xx
186,51010901001,2017/12/25 18:xx
187,51010901001,2017/12/25 18:xx
188,51010901001,2017/12/25 19:xx
189,51010901001,2017/12/25 20:xx
190,51010901001,2017/12/25 21:xx
191,51010901001,2017/12/25 22:xx
192,51010901001,2017/12/25 23:xx
193,51010901001,2017/12/26 00:xx
194,51010901001,2017/12/26 01:xx
195,51010901001,2017/12/26 02:xx
196,51010901001,2017/12/26 03:xx
197,51010901001,2017/12/26 04:xx
198,51010901001,2017/12/26 05:xx
199,51010901001,2017/12/26 06:xx
200,51010901001,2017/12/26 07:xx
201,51010901001,2017/12/26 08:xx
202,51010901001,2017/12/26 09:xx
203,51010901001,2017/12/26 10:xx
204,51010901001,2017/12/26 11:xx
205,51010901001,2017/12/26 12:xx
206,51010901001,2017/12/26 12:xx
207,51010901001,2017/12/26 13:xx
208,51010901001,2017/12/26 14:xx
209,51010901001,2017/12/26 15:xx
210,51010901001,2017/12/26 16:xx
211,51010901001,2017/12/26 17:xx
212,51010901001,2017/12/26 18:xx
213,51010901001,2017/12/26 19:xx
214,51010901001,2017/12/26 20:xx
215,51010901001,2017/12/26 21:xx
216,51010901001,2017/12/26 22:xx
217,51010901001,2017/12/26 23:xx
218,51010901001,2017/12/27 00:xx
219,51010901001,2017/12/27 01:xx
220,51010901001,2017/12/27 02:xx
221,51010901001,2017/12/27 03:xx
222,51010901001,2017/12/27 04:xx
223,51010901001,2017/12/27 04:xx
224,51010901001,2017/12/27 05:xx
225,51010901001,2017/12/27 06:xx
226,51010901001,2017/12/27 07:xx
227,51010901001,2017/12/27 08:xx
228,51010901001,2017/12/27 09:xx
229,51010901001,2017/12/27 10:xx
230,51010901001,2017/12/27 11:xx
231,51010901001,2017/12/27 12:xx
232,51010901001,2017/12/27 13:xx
233,51010901001,2017/12/27 14:xx
234,51010901001,2017/12/27 15:xx
235,51010901001,2017/12/27 16:xx
236,51010901001,2017/12/27 17:xx
237,51010901001,2017/12/27 18:xx
238,51010901001,2017/12/27 19:xx
239,51010901001,2017/12/27 20:xx
240,51010901001,2017/12/27 21:xx
241,51010901001,2017/12/27 22:xx
242,51010901001,2017/12/27 23:xx
243,51010901001,2017/12/28 00:xx
244,51010901001,2017/12/28 01:xx
245,51010901001,2017/12/28 02:xx
246,51010901001,2017/12/28 03:xx
247,51010901001,2017/12/28 04:xx
248,51010901001,2017/12/28 05:xx
249,51010901001,2017/12/28 06:xx
250,51010901001,2017/12/28 07:xx
251,51010901001,2017/12/28 08:xx
252,51010901001,2017/12/28 09:xx
253,51010901001,2017/12/28 10:xx
254,51010901001,2017/12/28 11:xx
255,51010901001,2017/12/28 12:xx
256,51010901001,2017/12/28 13:xx
257,51010901001,2017/12/28 14:xx
258,51010901001,2017/12/28 15:xx
259,51010901001,2017/12/28 16:xx
260,51010901001,2017/12/28 17:xx
261,51010901001,2017/12/28 18:xx
262,51010901001,2017/12/28 19:xx
263,51010901001,2017/12/28 20:xx
264,51010901001,2017/12/28 21:xx
265,51010901001,2017/12/28 22:xx
266,51010901001,2017/12/28 23:xx
267,51010901001,2017/12/28 23:xx
268,51010901001,2017/12/29 00:xx
269,51010901001,2017/12/29 01:xx
270,51010901001,2017/12/29 02:xx
271,51010901001,2017/12/29 02:xx
272,51010901001,2017/12/29 03:xx
273,51010901001,2017/12/29 04:xx
274,51010901001,2017/12/29 05:xx
275,51010901001,2017/12/29 06:xx
276,51010901001,2017/12/29 07:xx
277,51010901001,2017/12/29 08:xx
278,51010901001,2017/12/29 09:xx
279,51010901001,2017/12/29 10:xx
280,51010901001,2017/12/29 11:xx
281,51010901001,2017/12/29 12:xx
282,51010901001,2017/12/29 12:xx
283,51010901001,2017/12/29 13:xx
284,51010901001,2017/12/29 14:xx
285,51010901001,2017/12/29 15:xx
286,51010901001,2017/12/29 16:xx
287,51010901001,2017/12/29 17:xx
288,51010901001,2017/12/29 18:xx
289,51010901001,2017/12/29 19:xx
290,51010901001,2017/12/29 20:xx
291,51010901001,2017/12/29 21:xx
292,51010901001,2017/12/29 22:xx
293,51010901001,2017/12/29 22:xx
294,51010901001,2017/12/29 23:xx
295,51010901001,2017/12/30 00:xx
296,51010901001,2017/12/30 01:xx
297,51010901001,2017/12/30 02:xx
298,51010901001,2017/12/30 03:xx
299,51010901001,2017/12/30 04:xx
300,51010901001,2017/12/30 05:xx
301,51010901001,2017/12/30 06:xx
302,51010901001,2017/12/30 07:xx
303,51010901001,2017/12/30 08:xx
304,51010901001,2017/12/30 09:xx
305,51010901001,2017/12/30 10:xx
306,51010901001,2017/12/30 11:xx
307,51010901001,2017/12/30 11:xx
308,51010901001,2017/12/30 12:xx
309,51010901001,2017/12/30 13:xx
310,51010901001,2017/12/30 13:xx
311,51010901001,2017/12/30 14:xx
312,51010901001,2017/12/30 15:xx
313,51010901001,2017/12/30 16:xx
314,51010901001,2017/12/30 17:xx
315,51010901001,2017/12/30 18:xx
316,51010901001,2017/12/30 19:xx
317,51010901001,2017/12/30 20:xx
318,51010901001,2017/12/30 20:xx
319,51010901001,2017/12/30 21:xx
320,51010901001,2017/12/30 22:xx
321,51010901001,2017/12/30 23:xx
322,51010901001,2017/12/30 23:xx
323,51010901001,2017/12/31 00:xx
324,51010901001,2017/12/31 01:xx
325,51010901001,2017/12/31 01:xx
326,51010901001,2017/12/31 02:xx
327,51010901001,2017/12/31 03:xx
328,51010901001,2017/12/31 03:xx
329,51010901001,2017/12/31 04:xx
330,51010901001,2017/12/31 05:xx
331,51010901001,2017/12/31 06:xx
332,51010901001,2017/12/31 07:xx
333,51010901001,2017/12/31 08:xx
334,51010901001,2017/12/31 09:xx
335,51010901001,2017/12/31 10:xx
336,51010901001,2017/12/31 11:xx
337,51010901001,2017/12/31 12:xx
338,51010901001,2017/12/31 13:xx
339,51010901001,2017/12/31 14:xx
340,51010901001,2017/12/31 15:xx
341,51010901001,2017/12/31 16:xx
342,51010901001,2017/12/31 17:xx
343,51010901001,2017/12/31 18:xx
344,51010901001,2017/12/31 19:xx
345,51010901001,2017/12/31 20:xx
346,51010901001,2017/12/31 20:xx
347,51010901001,2017/12/31 21:xx
348,51010901001,2017/12/31 22:xx
349,51010901001,2017/12/31 23:xx
350,51010901001,2017/12/31 23:xx
351,51010801001,2017/5/25 00:xx
352,51010801001,2017/5/25 01:xx
353,51010801001,2017/5/25 02:xx
354,51010801001,2017/5/25 03:xx
355,51010801001,2017/5/25 04:xx
356,51010801001,2017/5/25 05:xx
357,51010801001,2017/5/25 06:xx
358,51010801001,2017/5/25 07:xx
359,51010801001,2017/5/25 08:xx
360,51010801001,2017/5/25 09:xx
361,51010801001,2017/5/25 10:xx
362,51010801001,2017/5/25 11:xx
363,51010801001,2017/5/25 12:xx
364,51010801001,2017/5/25 13:xx
365,51010801001,2017/5/25 14:xx
366,51010801001,2017/5/25 15:xx
367,51010801001,2017/5/25 16:xx
368,51010801001,2017/5/25 17:xx
369,51010801001,2017/5/25 18:xx
370,51010801001,2017/5/25 19:xx
371,51010801001,2017/5/25 20:xx
372,51010801001,2017/5/25 21:xx
373,51010801001,2017/5/25 22:xx
374,51010801001,2017/5/25 23:xx
375,51010801001,2017/5/26 00:xx
376,51010801001,2017/5/26 01:xx
377,51010801001,2017/5/26 02:xx
378,51010801001,2017/5/26 03:xx
379,51010801001,2017/5/26 04:xx
380,51010801001,2017/5/26 05:xx
381,51010801001,2017/5/26 06:xx
382,51010801001,2017/5/26 07:xx
383,51010801001,2017/5/26 08:xx
384,51010801001,2017/5/26 09:xx
385,51010801001,2017/5/26 10:xx
386,51010801001,2017/5/26 11:xx
387,51010801001,2017/5/26 12:xx
388,51010801001,2017/5/26 13:xx
389,51010801001,2017/5/26 14:xx
390,51010801001,2017/5/26 15:xx
391,51010801001,2017/5/26 16:xx
392,51010801001,2017/5/26 17:xx
393,51010801001,2017/5/26 18:xx
394,51010801001,2017/5/26 19:xx
395,51010801001,2017/5/26 20:xx
396,51010801001,2017/5/26 21:xx
397,51010801001,2017/5/26 22:xx
398,51010801001,2017/5/26 23:xx
399,51010801001,2017/5/27 00:xx
400,51010801001,2017/5/27 01:xx
401,51010801001,2017/5/27 02:xx
402,51010801001,2017/5/27 03:xx
403,51010801001,2017/5/27 04:xx
404,51010801001,2017/5/27 05:xx
405,51010801001,2017/5/27 06:xx
406,51010801001,2017/5/27 07:xx
407,51010801001,2017/5/27 08:xx
408,51010801001,2017/5/27 09:xx
409,51010801001,2017/5/27 10:xx
410,51010801001,2017/5/27 11:xx
411,51010801001,2017/5/27 12:xx
412,51010801001,2017/5/27 13:xx
413,51010801001,2017/5/27 14:xx
414,51010801001,2017/5/27 15:xx
415,51010801001,2017/5/27 16:xx
416,51010801001,2017/5/27 17:xx
417,51010801001,2017/5/27 18:xx
418,51010801001,2017/5/27 19:xx
419,51010801001,2017/5/27 20:xx
420,51010801001,2017/5/27 21:xx
421,51010801001,2017/5/27 22:xx
422,51010801001,2017/5/27 23:xx
423,51010801001,2017/5/28 00:xx
424,51010801001,2017/5/28 01:xx
425,51010801001,2017/5/28 02:xx
426,51010801001,2017/5/28 03:xx
427,51010801001,2017/5/28 04:xx
428,51010801001,2017/5/28 05:xx
429,51010801001,2017/5/28 06:xx
430,51010801001,2017/5/28 07:xx
431,51010801001,2017/5/28 08:xx
432,51010801001,2017/5/28 09:xx
433,51010801001,2017/5/28 10:xx
434,51010801001,2017/5/28 11:xx
435,51010801001,2017/5/28 12:xx
436,51010801001,2017/5/28 13:xx
437,51010801001,2017/5/28 14:xx
438,51010801001,2017/5/28 15:xx
439,51010801001,2017/5/28 16:xx
440,51010801001,2017/5/28 17:xx
441,51010801001,2017/5/28 18:xx
442,51010801001,2017/5/28 19:xx
443,51010801001,2017/5/28 20:xx
444,51010801001,2017/5/28 21:xx
445,51010801001,2017/5/28 22:xx
446,51010801001,2017/5/28 23:xx
447,51010801001,2017/5/29 00:xx
448,51010801001,2017/5/29 01:xx
449,51010801001,2017/5/29 02:xx
450,51010801001,2017/5/29 03:xx
451,51010801001,2017/5/29 04:xx
452,51010801001,2017/5/29 05:xx
453,51010801001,2017/5/29 06:xx
454,51010801001,2017/5/29 07:xx
455,51010801001,2017/5/29 08:xx
456,51010801001,2017/5/29 09:xx
457,51010801001,2017/5/29 10:xx
458,51010801001,2017/5/29 11:xx
459,51010801001,2017/5/29 12:xx
460,51010801001,2017/5/29 13:xx
461,51010801001,2017/5/29 14:xx
462,51010801001,2017/5/29 15:xx
463,51010801001,2017/5/29 16:xx
464,51010801001,2017/5/29 17:xx
465,51010801001,2017/5/29 18:xx
466,51010801001,2017/5/29 19:xx
467,51010801001,2017/5/29 20:xx
468,51010801001,2017/5/29 21:xx
469,51010801001,2017/5/29 22:xx
470,51010801001,2017/5/29 23:xx
471,51010801001,2017/5/30 00:xx
472,51010801001,2017/5/30 01:xx
473,51010801001,2017/5/30 02:xx
474,51010801001,2017/5/30 03:xx
475,51010801001,2017/5/30 04:xx
476,51010801001,2017/5/30 05:xx
477,51010801001,2017/5/30 06:xx
478,51010801001,2017/5/30 07:xx
479,51010801001,2017/5/30 08:xx
480,51010801001,2017/5/30 09:xx
481,51010801001,2017/5/30 10:xx
482,51010801001,2017/5/30 11:xx
483,51010801001,2017/5/30 12:xx
484,51010801001,2017/5/30 13:xx
485,51010801001,2017/5/30 14:xx
486,51010801001,2017/5/30 15:xx
487,51010801001,2017/5/30 16:xx
488,51010801001,2017/5/30 17:xx
489,51010801001,2017/5/30 18:xx
490,51010801001,2017/5/30 19:xx
491,51010801001,2017/5/30 20:xx
492,51010801001,2017/5/30 21:xx
493,51010801001,2017/5/30 22:xx
494,51010801001,2017/5/30 23:xx
495,51010801001,2017/5/31 00:xx
496,51010801001,2017/5/31 01:xx
497,51010801001,2017/5/31 02:xx
498,51010801001,2017/5/31 03:xx
499,51010801001,2017/5/31 04:xx
500,51010801001,2017/5/31 05:xx
501,51010801001,2017/5/31 06:xx
502,51010801001,2017/5/31 07:xx
503,51010801001,2017/5/31 08:xx
504,51010801001,2017/5/31 09:xx
505,51010801001,2017/5/31 10:xx
506,51010801001,2017/5/31 11:xx
507,51010801001,2017/5/31 12:xx
508,51010801001,2017/5/31 13:xx
509,51010801001,2017/5/31 14:xx
510,51010801001,2017/5/31 15:xx
511,51010801001,2017/5/31 16:xx
512,51010801001,2017/5/31 17:xx
513,51010801001,2017/5/31 18:xx
514,51010801001,2017/5/31 19:xx
515,51010801001,2017/5/31 20:xx
516,51010801001,2017/5/31 21:xx
517,51010801001,2017/5/31 22:xx
518,51010801001,2017/5/31 23:xx
519,51010801001,2017/12/25 00:xx
520,51010801001,2017/12/25 01:xx
521,51010801001,2017/12/25 02:xx
522,51010801001,2017/12/25 03:xx
523,51010801001,2017/12/25 04:xx
524,51010801001,2017/12/25 05:xx
525,51010801001,2017/12/25 06:xx
526,51010801001,2017/12/25 07:xx
527,51010801001,2017/12/25 08:xx
528,51010801001,2017/12/25 09:xx
529,51010801001,2017/12/25 10:xx
530,51010801001,2017/12/25 10:xx
531,51010801001,2017/12/25 11:xx
532,51010801001,2017/12/25 12:xx
533,51010801001,2017/12/25 13:xx
534,51010801001,2017/12/25 14:xx
535,51010801001,2017/12/25 15:xx
536,51010801001,2017/12/25 16:xx
537,51010801001,2017/12/25 17:xx
538,51010801001,2017/12/25 18:xx
539,51010801001,2017/12/25 18:xx
540,51010801001,2017/12/25 19:xx
541,51010801001,2017/12/25 20:xx
542,51010801001,2017/12/25 21:xx
543,51010801001,2017/12/25 22:xx
544,51010801001,2017/12/25 23:xx
545,51010801001,2017/12/26 00:xx
546,51010801001,2017/12/26 01:xx
547,51010801001,2017/12/26 02:xx
548,51010801001,2017/12/26 03:xx
549,51010801001,2017/12/26 04:xx
550,51010801001,2017/12/26 05:xx
551,51010801001,2017/12/26 06:xx
552,51010801001,2017/12/26 07:xx
553,51010801001,2017/12/26 08:xx
554,51010801001,2017/12/26 09:xx
555,51010801001,2017/12/26 10:xx
556,51010801001,2017/12/26 11:xx
557,51010801001,2017/12/26 12:xx
558,51010801001,2017/12/26 12:xx
559,51010801001,2017/12/26 13:xx
560,51010801001,2017/12/26 14:xx
561,51010801001,2017/12/26 15:xx
562,51010801001,2017/12/26 16:xx
563,51010801001,2017/12/26 17:xx
564,51010801001,2017/12/26 18:xx
565,51010801001,2017/12/26 19:xx
566,51010801001,2017/12/26 20:xx
567,51010801001,2017/12/26 21:xx
568,51010801001,2017/12/26 22:xx
569,51010801001,2017/12/26 23:xx
570,51010801001,2017/12/27 00:xx
571,51010801001,2017/12/27 01:xx
572,51010801001,2017/12/27 02:xx
573,51010801001,2017/12/27 03:xx
574,51010801001,2017/12/27 04:xx
575,51010801001,2017/12/27 04:xx
576,51010801001,2017/12/27 05:xx
577,51010801001,2017/12/27 06:xx
578,51010801001,2017/12/27 07:xx
579,51010801001,2017/12/27 08:xx
580,51010801001,2017/12/27 09:xx
581,51010801001,2017/12/27 10:xx
582,51010801001,2017/12/27 11:xx
583,51010801001,2017/12/27 12:xx
584,51010801001,2017/12/27 12:xx
585,51010801001,2017/12/27 13:xx
586,51010801001,2017/12/27 14:xx
587,51010801001,2017/12/27 15:xx
588,51010801001,2017/12/27 16:xx
589,51010801001,2017/12/27 17:xx
590,51010801001,2017/12/27 18:xx
591,51010801001,2017/12/27 19:xx
592,51010801001,2017/12/27 20:xx
593,51010801001,2017/12/27 21:xx
594,51010801001,2017/12/27 22:xx
595,51010801001,2017/12/27 23:xx
596,51010801001,2017/12/28 00:xx
597,51010801001,2017/12/28 01:xx
598,51010801001,2017/12/28 02:xx
599,51010801001,2017/12/28 03:xx
600,51010801001,2017/12/28 04:xx
601,51010801001,2017/12/28 05:xx
602,51010801001,2017/12/28 06:xx
603,51010801001,2017/12/28 07:xx
604,51010801001,2017/12/28 08:xx
605,51010801001,2017/12/28 09:xx
606,51010801001,2017/12/28 10:xx
607,51010801001,2017/12/28 11:xx
608,51010801001,2017/12/28 12:xx
609,51010801001,2017/12/28 13:xx
610,51010801001,2017/12/28 14:xx
611,51010801001,2017/12/28 15:xx
612,51010801001,2017/12/28 16:xx
613,51010801001,2017/12/28 17:xx
614,51010801001,2017/12/28 18:xx
615,51010801001,2017/12/28 19:xx
616,51010801001,2017/12/28 20:xx
617,51010801001,2017/12/28 21:xx
618,51010801001,2017/12/28 22:xx
619,51010801001,2017/12/28 23:xx
620,51010801001,2017/12/28 23:xx
621,51010801001,2017/12/29 00:xx
622,51010801001,2017/12/29 01:xx
623,51010801001,2017/12/29 02:xx
624,51010801001,2017/12/29 03:xx
625,51010801001,2017/12/29 04:xx
626,51010801001,2017/12/29 05:xx
627,51010801001,2017/12/29 06:xx
628,51010801001,2017/12/29 07:xx
629,51010801001,2017/12/29 08:xx
630,51010801001,2017/12/29 09:xx
631,51010801001,2017/12/29 10:xx
632,51010801001,2017/12/29 11:xx
633,51010801001,2017/12/29 12:xx
634,51010801001,2017/12/29 12:xx
635,51010801001,2017/12/29 13:xx
636,51010801001,2017/12/29 14:xx
637,51010801001,2017/12/29 15:xx
638,51010801001,2017/12/29 16:xx
639,51010801001,2017/12/29 17:xx
640,51010801001,2017/12/29 18:xx
641,51010801001,2017/12/29 19:xx
642,51010801001,2017/12/29 20:xx
643,51010801001,2017/12/29 21:xx
644,51010801001,2017/12/29 22:xx
645,51010801001,2017/12/29 22:xx
646,51010801001,2017/12/29 23:xx
647,51010801001,2017/12/30 00:xx
648,51010801001,2017/12/30 01:xx
649,51010801001,2017/12/30 02:xx
650,51010801001,2017/12/30 03:xx
651,51010801001,2017/12/30 04:xx
652,51010801001,2017/12/30 05:xx
653,51010801001,2017/12/30 06:xx
654,51010801001,2017/12/30 07:xx
655,51010801001,2017/12/30 08:xx
656,51010801001,2017/12/30 09:xx
657,51010801001,2017/12/30 10:xx
658,51010801001,2017/12/30 10:xx
659,51010801001,2017/12/30 11:xx
660,51010801001,2017/12/30 12:xx
661,51010801001,2017/12/30 13:xx
662,51010801001,2017/12/30 13:xx
663,51010801001,2017/12/30 14:xx
664,51010801001,2017/12/30 15:xx
665,51010801001,2017/12/30 16:xx
666,51010801001,2017/12/30 17:xx
667,51010801001,2017/12/30 18:xx
668,51010801001,2017/12/30 19:xx
669,51010801001,2017/12/30 19:xx
670,51010801001,2017/12/30 20:xx
671,51010801001,2017/12/30 21:xx
672,51010801001,2017/12/30 21:xx
673,51010801001,2017/12/30 22:xx
674,51010801001,2017/12/30 23:xx
675,51010801001,2017/12/30 23:xx
676,51010801001,2017/12/31 00:xx
677,51010801001,2017/12/31 01:xx
678,51010801001,2017/12/31 01:xx
679,51010801001,2017/12/31 02:xx
680,51010801001,2017/12/31 03:xx
681,51010801001,2017/12/31 03:xx
682,51010801001,2017/12/31 04:xx
683,51010801001,2017/12/31 05:xx
684,51010801001,2017/12/31 06:xx
685,51010801001,2017/12/31 07:xx
686,51010801001,2017/12/31 08:xx
687,51010801001,2017/12/31 09:xx
688,51010801001,2017/12/31 10:xx
689,51010801001,2017/12/31 11:xx
690,51010801001,2017/12/31 12:xx
691,51010801001,2017/12/31 13:xx
692,51010801001,2017/12/31 14:xx
693,51010801001,2017/12/31 15:xx
694,51010801001,2017/12/31 16:xx
695,51010801001,2017/12/31 17:xx
696,51010801001,2017/12/31 17:xx
697,51010801001,2017/12/31 18:xx
698,51010801001,2017/12/31 19:xx
699,51010801001,2017/12/31 20:xx
700,51010801001,2017/12/31 20:xx
701,51010801001,2017/12/31 21:xx
702,51010801001,2017/12/31 22:xx
703,51010801001,2017/12/31 23:xx
704,51010801001,2017/12/31 23:xx
705,51010501001,2017/5/25 00:xx
706,51010501001,2017/5/25 01:xx
707,51010501001,2017/5/25 02:xx
708,51010501001,2017/5/25 03:xx
709,51010501001,2017/5/25 04:xx
710,51010501001,2017/5/25 05:xx
711,51010501001,2017/5/25 06:xx
712,51010501001,2017/5/25 07:xx
713,51010501001,2017/5/25 08:xx
714,51010501001,2017/5/25 09:xx
715,51010501001,2017/5/25 10:xx
716,51010501001,2017/5/25 11:xx
717,51010501001,2017/5/25 12:xx
718,51010501001,2017/5/25 13:xx
719,51010501001,2017/5/25 14:xx
720,51010501001,2017/5/25 15:xx
721,51010501001,2017/5/25 16:xx
722,51010501001,2017/5/25 17:xx
723,51010501001,2017/5/25 18:xx
724,51010501001,2017/5/25 19:xx
725,51010501001,2017/5/25 20:xx
726,51010501001,2017/5/25 21:xx
727,51010501001,2017/5/25 22:xx
728,51010501001,2017/5/25 23:xx
729,51010501001,2017/5/26 00:xx
730,51010501001,2017/5/26 01:xx
731,51010501001,2017/5/26 02:xx
732,51010501001,2017/5/26 03:xx
733,51010501001,2017/5/26 04:xx
734,51010501001,2017/5/26 05:xx
735,51010501001,2017/5/26 06:xx
736,51010501001,2017/5/26 07:xx
737,51010501001,2017/5/26 08:xx
738,51010501001,2017/5/26 09:xx
739,51010501001,2017/5/26 10:xx
740,51010501001,2017/5/26 11:xx
741,51010501001,2017/5/26 12:xx
742,51010501001,2017/5/26 13:xx
743,51010501001,2017/5/26 14:xx
744,51010501001,2017/5/26 15:xx
745,51010501001,2017/5/26 16:xx
746,51010501001,2017/5/26 17:xx
747,51010501001,2017/5/26 18:xx
748,51010501001,2017/5/26 19:xx
749,51010501001,2017/5/26 20:xx
750,51010501001,2017/5/26 21:xx
751,51010501001,2017/5/26 22:xx
752,51010501001,2017/5/26 23:xx
753,51010501001,2017/5/27 00:xx
754,51010501001,2017/5/27 01:xx
755,51010501001,2017/5/27 02:xx
756,51010501001,2017/5/27 03:xx
757,51010501001,2017/5/27 04:xx
758,51010501001,2017/5/27 05:xx
759,51010501001,2017/5/27 06:xx
760,51010501001,2017/5/27 07:xx
761,51010501001,2017/5/27 08:xx
762,51010501001,2017/5/27 09:xx
763,51010501001,2017/5/27 10:xx
764,51010501001,2017/5/27 11:xx
765,51010501001,2017/5/27 12:xx
766,51010501001,2017/5/27 13:xx
767,51010501001,2017/5/27 14:xx
768,51010501001,2017/5/27 15:xx
769,51010501001,2017/5/27 16:xx
770,51010501001,2017/5/27 17:xx
771,51010501001,2017/5/27 18:xx
772,51010501001,2017/5/27 19:xx
773,51010501001,2017/5/27 20:xx
774,51010501001,2017/5/27 21:xx
775,51010501001,2017/5/27 22:xx
776,51010501001,2017/5/27 23:xx
777,51010501001,2017/5/28 00:xx
778,51010501001,2017/5/28 01:xx
779,51010501001,2017/5/28 02:xx
780,51010501001,2017/5/28 03:xx
781,51010501001,2017/5/28 04:xx
782,51010501001,2017/5/28 05:xx
783,51010501001,2017/5/28 06:xx
784,51010501001,2017/5/28 07:xx
785,51010501001,2017/5/28 08:xx
786,51010501001,2017/5/28 09:xx
787,51010501001,2017/5/28 10:xx
788,51010501001,2017/5/28 11:xx
789,51010501001,2017/5/28 12:xx
790,51010501001,2017/5/28 13:xx
791,51010501001,2017/5/28 14:xx
792,51010501001,2017/5/28 15:xx
793,51010501001,2017/5/28 16:xx
794,51010501001,2017/5/28 17:xx
795,51010501001,2017/5/28 18:xx
796,51010501001,2017/5/28 19:xx
797,51010501001,2017/5/28 20:xx
798,51010501001,2017/5/28 21:xx
799,51010501001,2017/5/28 22:xx
800,51010501001,2017/5/28 23:xx
801,51010501001,2017/5/29 00:xx
802,51010501001,2017/5/29 01:xx
803,51010501001,2017/5/29 02:xx
804,51010501001,2017/5/29 03:xx
805,51010501001,2017/5/29 04:xx
806,51010501001,2017/5/29 05:xx
807,51010501001,2017/5/29 06:xx
808,51010501001,2017/5/29 07:xx
809,51010501001,2017/5/29 08:xx
810,51010501001,2017/5/29 09:xx
811,51010501001,2017/5/29 10:xx
812,51010501001,2017/5/29 11:xx
813,51010501001,2017/5/29 12:xx
814,51010501001,2017/5/29 13:xx
815,51010501001,2017/5/29 14:xx
816,51010501001,2017/5/29 15:xx
817,51010501001,2017/5/29 16:xx
818,51010501001,2017/5/29 17:xx
819,51010501001,2017/5/29 18:xx
820,51010501001,2017/5/29 19:xx
821,51010501001,2017/5/29 20:xx
822,51010501001,2017/5/29 21:xx
823,51010501001,2017/5/29 22:xx
824,51010501001,2017/5/29 23:xx
825,51010501001,2017/5/30 00:xx
826,51010501001,2017/5/30 01:xx
827,51010501001,2017/5/30 02:xx
828,51010501001,2017/5/30 03:xx
829,51010501001,2017/5/30 04:xx
830,51010501001,2017/5/30 05:xx
831,51010501001,2017/5/30 06:xx
832,51010501001,2017/5/30 07:xx
833,51010501001,2017/5/30 08:xx
834,51010501001,2017/5/30 09:xx
835,51010501001,2017/5/30 10:xx
836,51010501001,2017/5/30 11:xx
837,51010501001,2017/5/30 12:xx
838,51010501001,2017/5/30 13:xx
839,51010501001,2017/5/30 14:xx
840,51010501001,2017/5/30 15:xx
841,51010501001,2017/5/30 16:xx
842,51010501001,2017/5/30 17:xx
843,51010501001,2017/5/30 18:xx
844,51010501001,2017/5/30 19:xx
845,51010501001,2017/5/30 20:xx
846,51010501001,2017/5/30 21:xx
847,51010501001,2017/5/30 22:xx
848,51010501001,2017/5/30 23:xx
849,51010501001,2017/5/31 00:xx
850,51010501001,2017/5/31 01:xx
851,51010501001,2017/5/31 02:xx
852,51010501001,2017/5/31 03:xx
853,51010501001,2017/5/31 04:xx
854,51010501001,2017/5/31 05:xx
855,51010501001,2017/5/31 06:xx
856,51010501001,2017/5/31 07:xx
857,51010501001,2017/5/31 08:xx
858,51010501001,2017/5/31 09:xx
859,51010501001,2017/5/31 10:xx
860,51010501001,2017/5/31 11:xx
861,51010501001,2017/5/31 12:xx
862,51010501001,2017/5/31 13:xx
863,51010501001,2017/5/31 14:xx
864,51010501001,2017/5/31 15:xx
865,51010501001,2017/5/31 16:xx
866,51010501001,2017/5/31 17:xx
867,51010501001,2017/5/31 18:xx
868,51010501001,2017/5/31 19:xx
869,51010501001,2017/5/31 20:xx
870,51010501001,2017/5/31 21:xx
871,51010501001,2017/5/31 22:xx
872,51010501001,2017/5/31 23:xx
873,51010501001,2017/12/25 00:xx
874,51010501001,2017/12/25 01:xx
875,51010501001,2017/12/25 02:xx
876,51010501001,2017/12/25 03:xx
877,51010501001,2017/12/25 04:xx
878,51010501001,2017/12/25 05:xx
879,51010501001,2017/12/25 06:xx
880,51010501001,2017/12/25 07:xx
881,51010501001,2017/12/25 08:xx
882,51010501001,2017/12/25 09:xx
883,51010501001,2017/12/25 10:xx
884,51010501001,2017/12/25 11:xx
885,51010501001,2017/12/25 12:xx
886,51010501001,2017/12/25 13:xx
887,51010501001,2017/12/25 14:xx
888,51010501001,2017/12/25 15:xx
889,51010501001,2017/12/25 16:xx
890,51010501001,2017/12/25 17:xx
891,51010501001,2017/12/25 18:xx
892,51010501001,2017/12/25 19:xx
893,51010501001,2017/12/25 20:xx
894,51010501001,2017/12/25 21:xx
895,51010501001,2017/12/25 22:xx
896,51010501001,2017/12/25 23:xx
897,51010501001,2017/12/26 00:xx
898,51010501001,2017/12/26 01:xx
899,51010501001,2017/12/26 02:xx
900,51010501001,2017/12/26 03:xx
901,51010501001,2017/12/26 04:xx
902,51010501001,2017/12/26 05:xx
903,51010501001,2017/12/26 06:xx
904,51010501001,2017/12/26 07:xx
905,51010501001,2017/12/26 08:xx
906,51010501001,2017/12/26 09:xx
907,51010501001,2017/12/26 10:xx
908,51010501001,2017/12/26 11:xx
909,51010501001,2017/12/26 12:xx
910,51010501001,2017/12/26 12:xx
911,51010501001,2017/12/26 13:xx
912,51010501001,2017/12/26 14:xx
913,51010501001,2017/12/26 15:xx
914,51010501001,2017/12/26 16:xx
915,51010501001,2017/12/26 17:xx
916,51010501001,2017/12/26 18:xx
917,51010501001,2017/12/26 19:xx
918,51010501001,2017/12/26 20:xx
919,51010501001,2017/12/26 21:xx
920,51010501001,2017/12/26 22:xx
921,51010501001,2017/12/26 23:xx
922,51010501001,2017/12/27 00:xx
923,51010501001,2017/12/27 01:xx
924,51010501001,2017/12/27 02:xx
925,51010501001,2017/12/27 03:xx
926,51010501001,2017/12/27 04:xx
927,51010501001,2017/12/27 04:xx
928,51010501001,2017/12/27 05:xx
929,51010501001,2017/12/27 06:xx
930,51010501001,2017/12/27 07:xx
931,51010501001,2017/12/27 08:xx
932,51010501001,2017/12/27 09:xx
933,51010501001,2017/12/27 10:xx
934,51010501001,2017/12/27 11:xx
935,51010501001,2017/12/27 12:xx
936,51010501001,2017/12/27 12:xx
937,51010501001,2017/12/27 13:xx
938,51010501001,2017/12/27 14:xx
939,51010501001,2017/12/27 15:xx
940,51010501001,2017/12/27 16:xx
941,51010501001,2017/12/27 17:xx
942,51010501001,2017/12/27 18:xx
943,51010501001,2017/12/27 19:xx
944,51010501001,2017/12/27 20:xx
945,51010501001,2017/12/27 21:xx
946,51010501001,2017/12/27 22:xx
947,51010501001,2017/12/27 23:xx
948,51010501001,2017/12/28 00:xx
949,51010501001,2017/12/28 01:xx
950,51010501001,2017/12/28 02:xx
951,51010501001,2017/12/28 03:xx
952,51010501001,2017/12/28 04:xx
953,51010501001,2017/12/28 05:xx
954,51010501001,2017/12/28 06:xx
955,51010501001,2017/12/28 07:xx
956,51010501001,2017/12/28 08:xx
957,51010501001,2017/12/28 09:xx
958,51010501001,2017/12/28 10:xx
959,51010501001,2017/12/28 11:xx
960,51010501001,2017/12/28 12:xx
961,51010501001,2017/12/28 13:xx
962,51010501001,2017/12/28 14:xx
963,51010501001,2017/12/28 15:xx
964,51010501001,2017/12/28 16:xx
965,51010501001,2017/12/28 17:xx
966,51010501001,2017/12/28 18:xx
967,51010501001,2017/12/28 19:xx
968,51010501001,2017/12/28 20:xx
969,51010501001,2017/12/28 21:xx
970,51010501001,2017/12/28 22:xx
971,51010501001,2017/12/28 23:xx
972,51010501001,2017/12/28 23:xx
973,51010501001,2017/12/29 00:xx
974,51010501001,2017/12/29 01:xx
975,51010501001,2017/12/29 02:xx
976,51010501001,2017/12/29 02:xx
977,51010501001,2017/12/29 03:xx
978,51010501001,2017/12/29 04:xx
979,51010501001,2017/12/29 05:xx
980,51010501001,2017/12/29 06:xx
981,51010501001,2017/12/29 07:xx
982,51010501001,2017/12/29 08:xx
983,51010501001,2017/12/29 09:xx
984,51010501001,2017/12/29 10:xx
985,51010501001,2017/12/29 11:xx
986,51010501001,2017/12/29 12:xx
987,51010501001,2017/12/29 12:xx
988,51010501001,2017/12/29 13:xx
989,51010501001,2017/12/29 14:xx
990,51010501001,2017/12/29 15:xx
991,51010501001,2017/12/29 16:xx
992,51010501001,2017/12/29 17:xx
993,51010501001,2017/12/29 18:xx
994,51010501001,2017/12/29 19:xx
995,51010501001,2017/12/29 20:xx
996,51010501001,2017/12/29 21:xx
997,51010501001,2017/12/29 22:xx
998,51010501001,2017/12/29 23:xx
999,51010501001,2017/12/30 00:xx
1000,51010501001,2017/12/30 01:xx
1001,51010501001,2017/12/30 02:xx
1002,51010501001,2017/12/30 03:xx
1003,51010501001,2017/12/30 04:xx
1004,51010501001,2017/12/30 05:xx
1005,51010501001,2017/12/30 06:xx
1006,51010501001,2017/12/30 07:xx
1007,51010501001,2017/12/30 08:xx
1008,51010501001,2017/12/30 09:xx
1009,51010501001,2017/12/30 10:xx
1010,51010501001,2017/12/30 11:xx
1011,51010501001,2017/12/30 11:xx
1012,51010501001,2017/12/30 12:xx
1013,51010501001,2017/12/30 13:xx
1014,51010501001,2017/12/30 14:xx
1015,51010501001,2017/12/30 15:xx
1016,51010501001,2017/12/30 16:xx
1017,51010501001,2017/12/30 17:xx
1018,51010501001,2017/12/30 18:xx
1019,51010501001,2017/12/30 19:xx
1020,51010501001,2017/12/30 20:xx
1021,51010501001,2017/12/30 21:xx
1022,51010501001,2017/12/30 21:xx
1023,51010501001,2017/12/30 22:xx
1024,51010501001,2017/12/30 23:xx
1025,51010501001,2017/12/31 00:xx
1026,51010501001,2017/12/31 01:xx
1027,51010501001,2017/12/31 01:xx
1028,51010501001,2017/12/31 02:xx
1029,51010501001,2017/12/31 03:xx
1030,51010501001,2017/12/31 03:xx
1031,51010501001,2017/12/31 04:xx
1032,51010501001,2017/12/31 05:xx
1033,51010501001,2017/12/31 06:xx
1034,51010501001,2017/12/31 07:xx
1035,51010501001,2017/12/31 08:xx
1036,51010501001,2017/12/31 09:xx
1037,51010501001,2017/12/31 10:xx
1038,51010501001,2017/12/31 11:xx
1039,51010501001,2017/12/31 12:xx
1040,51010501001,2017/12/31 13:xx
1041,51010501001,2017/12/31 14:xx
1042,51010501001,2017/12/31 15:xx
1043,51010501001,2017/12/31 16:xx
1044,51010501001,2017/12/31 17:xx
1045,51010501001,2017/12/31 17:xx
1046,51010501001,2017/12/31 18:xx
1047,51010501001,2017/12/31 19:xx
1048,51010501001,2017/12/31 20:xx
1049,51010501001,2017/12/31 21:xx
1050,51010501001,2017/12/31 22:xx
1051,51010501001,2017/12/31 23:xx
1052,51010501001,2017/12/31 23:xx
1053,51010501002,2017/5/25 00:xx
1054,51010501002,2017/5/25 01:xx
1055,51010501002,2017/5/25 02:xx
1056,51010501002,2017/5/25 03:xx
1057,51010501002,2017/5/25 04:xx
1058,51010501002,2017/5/25 05:xx
1059,51010501002,2017/5/25 06:xx
1060,51010501002,2017/5/25 07:xx
1061,51010501002,2017/5/25 08:xx
1062,51010501002,2017/5/25 09:xx
1063,51010501002,2017/5/25 10:xx
1064,51010501002,2017/5/25 11:xx
1065,51010501002,2017/5/25 12:xx
1066,51010501002,2017/5/25 13:xx
1067,51010501002,2017/5/25 14:xx
1068,51010501002,2017/5/25 15:xx
1069,51010501002,2017/5/25 16:xx
1070,51010501002,2017/5/25 17:xx
1071,51010501002,2017/5/25 18:xx
1072,51010501002,2017/5/25 19:xx
1073,51010501002,2017/5/25 20:xx
1074,51010501002,2017/5/25 21:xx
1075,51010501002,2017/5/25 22:xx
1076,51010501002,2017/5/25 23:xx
1077,51010501002,2017/5/26 00:xx
1078,51010501002,2017/5/26 01:xx
1079,51010501002,2017/5/26 02:xx
1080,51010501002,2017/5/26 03:xx
1081,51010501002,2017/5/26 04:xx
1082,51010501002,2017/5/26 05:xx
1083,51010501002,2017/5/26 06:xx
1084,51010501002,2017/5/26 07:xx
1085,51010501002,2017/5/26 08:xx
1086,51010501002,2017/5/26 09:xx
1087,51010501002,2017/5/26 10:xx
1088,51010501002,2017/5/26 11:xx
1089,51010501002,2017/5/26 12:xx
1090,51010501002,2017/5/26 13:xx
1091,51010501002,2017/5/26 14:xx
1092,51010501002,2017/5/26 15:xx
1093,51010501002,2017/5/26 16:xx
1094,51010501002,2017/5/26 17:xx
1095,51010501002,2017/5/26 18:xx
1096,51010501002,2017/5/26 19:xx
1097,51010501002,2017/5/26 20:xx
1098,51010501002,2017/5/26 21:xx
1099,51010501002,2017/5/26 22:xx
1100,51010501002,2017/5/26 23:xx
1101,51010501002,2017/5/27 00:xx
1102,51010501002,2017/5/27 01:xx
1103,51010501002,2017/5/27 02:xx
1104,51010501002,2017/5/27 03:xx
1105,51010501002,2017/5/27 04:xx
1106,51010501002,2017/5/27 05:xx
1107,51010501002,2017/5/27 06:xx
1108,51010501002,2017/5/27 07:xx
1109,51010501002,2017/5/27 08:xx
1110,51010501002,2017/5/27 09:xx
1111,51010501002,2017/5/27 10:xx
1112,51010501002,2017/5/27 11:xx
1113,51010501002,2017/5/27 12:xx
1114,51010501002,2017/5/27 13:xx
1115,51010501002,2017/5/27 14:xx
1116,51010501002,2017/5/27 15:xx
1117,51010501002,2017/5/27 16:xx
1118,51010501002,2017/5/27 17:xx
1119,51010501002,2017/5/27 18:xx
1120,51010501002,2017/5/27 19:xx
1121,51010501002,2017/5/27 20:xx
1122,51010501002,2017/5/27 21:xx
1123,51010501002,2017/5/27 22:xx
1124,51010501002,2017/5/27 23:xx
1125,51010501002,2017/5/28 00:xx
1126,51010501002,2017/5/28 01:xx
1127,51010501002,2017/5/28 02:xx
1128,51010501002,2017/5/28 03:xx
1129,51010501002,2017/5/28 04:xx
1130,51010501002,2017/5/28 05:xx
1131,51010501002,2017/5/28 06:xx
1132,51010501002,2017/5/28 07:xx
1133,51010501002,2017/5/28 08:xx
1134,51010501002,2017/5/28 09:xx
1135,51010501002,2017/5/28 10:xx
1136,51010501002,2017/5/28 11:xx
1137,51010501002,2017/5/28 12:xx
1138,51010501002,2017/5/28 13:xx
1139,51010501002,2017/5/28 14:xx
1140,51010501002,2017/5/28 15:xx
1141,51010501002,2017/5/28 16:xx
1142,51010501002,2017/5/28 17:xx
1143,51010501002,2017/5/28 18:xx
1144,51010501002,2017/5/28 19:xx
1145,51010501002,2017/5/28 20:xx
1146,51010501002,2017/5/28 21:xx
1147,51010501002,2017/5/28 22:xx
1148,51010501002,2017/5/28 23:xx
1149,51010501002,2017/5/29 00:xx
1150,51010501002,2017/5/29 01:xx
1151,51010501002,2017/5/29 02:xx
1152,51010501002,2017/5/29 03:xx
1153,51010501002,2017/5/29 04:xx
1154,51010501002,2017/5/29 05:xx
1155,51010501002,2017/5/29 06:xx
1156,51010501002,2017/5/29 07:xx
1157,51010501002,2017/5/29 08:xx
1158,51010501002,2017/5/29 09:xx
1159,51010501002,2017/5/29 10:xx
1160,51010501002,2017/5/29 11:xx
1161,51010501002,2017/5/29 12:xx
1162,51010501002,2017/5/29 13:xx
1163,51010501002,2017/5/29 14:xx
1164,51010501002,2017/5/29 15:xx
1165,51010501002,2017/5/29 16:xx
1166,51010501002,2017/5/29 17:xx
1167,51010501002,2017/5/29 18:xx
1168,51010501002,2017/5/29 19:xx
1169,51010501002,2017/5/29 20:xx
1170,51010501002,2017/5/29 21:xx
1171,51010501002,2017/5/29 22:xx
1172,51010501002,2017/5/29 23:xx
1173,51010501002,2017/5/30 00:xx
1174,51010501002,2017/5/30 01:xx
1175,51010501002,2017/5/30 02:xx
1176,51010501002,2017/5/30 03:xx
1177,51010501002,2017/5/30 04:xx
1178,51010501002,2017/5/30 05:xx
1179,51010501002,2017/5/30 06:xx
1180,51010501002,2017/5/30 07:xx
1181,51010501002,2017/5/30 08:xx
1182,51010501002,2017/5/30 09:xx
1183,51010501002,2017/5/30 10:xx
1184,51010501002,2017/5/30 11:xx
1185,51010501002,2017/5/30 12:xx
1186,51010501002,2017/5/30 13:xx
1187,51010501002,2017/5/30 14:xx
1188,51010501002,2017/5/30 15:xx
1189,51010501002,2017/5/30 16:xx
1190,51010501002,2017/5/30 17:xx
1191,51010501002,2017/5/30 18:xx
1192,51010501002,2017/5/30 19:xx
1193,51010501002,2017/5/30 20:xx
1194,51010501002,2017/5/30 21:xx
1195,51010501002,2017/5/30 22:xx
1196,51010501002,2017/5/30 23:xx
1197,51010501002,2017/5/31 00:xx
1198,51010501002,2017/5/31 01:xx
1199,51010501002,2017/5/31 02:xx
1200,51010501002,2017/5/31 03:xx
1201,51010501002,2017/5/31 04:xx
1202,51010501002,2017/5/31 05:xx
1203,51010501002,2017/5/31 06:xx
1204,51010501002,2017/5/31 07:xx
1205,51010501002,2017/5/31 08:xx
1206,51010501002,2017/5/31 09:xx
1207,51010501002,2017/5/31 10:xx
1208,51010501002,2017/5/31 11:xx
1209,51010501002,2017/5/31 12:xx
1210,51010501002,2017/5/31 13:xx
1211,51010501002,2017/5/31 14:xx
1212,51010501002,2017/5/31 15:xx
1213,51010501002,2017/5/31 16:xx
1214,51010501002,2017/5/31 17:xx
1215,51010501002,2017/5/31 18:xx
1216,51010501002,2017/5/31 19:xx
1217,51010501002,2017/5/31 20:xx
1218,51010501002,2017/5/31 21:xx
1219,51010501002,2017/5/31 22:xx
1220,51010501002,2017/5/31 23:xx
1221,51010501002,2017/12/25 00:xx
1222,51010501002,2017/12/25 01:xx
1223,51010501002,2017/12/25 02:xx
1224,51010501002,2017/12/25 03:xx
1225,51010501002,2017/12/25 04:xx
1226,51010501002,2017/12/25 05:xx
1227,51010501002,2017/12/25 06:xx
1228,51010501002,2017/12/25 07:xx
1229,51010501002,2017/12/25 08:xx
1230,51010501002,2017/12/25 09:xx
1231,51010501002,2017/12/25 10:xx
1232,51010501002,2017/12/25 10:xx
1233,51010501002,2017/12/25 11:xx
1234,51010501002,2017/12/25 12:xx
1235,51010501002,2017/12/25 13:xx
1236,51010501002,2017/12/25 14:xx
1237,51010501002,2017/12/25 15:xx
1238,51010501002,2017/12/25 16:xx
1239,51010501002,2017/12/25 17:xx
1240,51010501002,2017/12/25 18:xx
1241,51010501002,2017/12/25 18:xx
1242,51010501002,2017/12/25 19:xx
1243,51010501002,2017/12/25 20:xx
1244,51010501002,2017/12/25 21:xx
1245,51010501002,2017/12/25 22:xx
1246,51010501002,2017/12/25 23:xx
1247,51010501002,2017/12/26 00:xx
1248,51010501002,2017/12/26 01:xx
1249,51010501002,2017/12/26 02:xx
1250,51010501002,2017/12/26 03:xx
1251,51010501002,2017/12/26 04:xx
1252,51010501002,2017/12/26 05:xx
1253,51010501002,2017/12/26 06:xx
1254,51010501002,2017/12/26 07:xx
1255,51010501002,2017/12/26 08:xx
1256,51010501002,2017/12/26 09:xx
1257,51010501002,2017/12/26 10:xx
1258,51010501002,2017/12/26 11:xx
1259,51010501002,2017/12/26 12:xx
1260,51010501002,2017/12/26 12:xx
1261,51010501002,2017/12/26 13:xx
1262,51010501002,2017/12/26 14:xx
1263,51010501002,2017/12/26 15:xx
1264,51010501002,2017/12/26 16:xx
1265,51010501002,2017/12/26 17:xx
1266,51010501002,2017/12/26 18:xx
1267,51010501002,2017/12/26 19:xx
1268,51010501002,2017/12/26 20:xx
1269,51010501002,2017/12/26 21:xx
1270,51010501002,2017/12/26 22:xx
1271,51010501002,2017/12/26 23:xx
1272,51010501002,2017/12/27 00:xx
1273,51010501002,2017/12/27 01:xx
1274,51010501002,2017/12/27 02:xx
1275,51010501002,2017/12/27 03:xx
1276,51010501002,2017/12/27 04:xx
1277,51010501002,2017/12/27 04:xx
1278,51010501002,2017/12/27 05:xx
1279,51010501002,2017/12/27 06:xx
1280,51010501002,2017/12/27 07:xx
1281,51010501002,2017/12/27 08:xx
1282,51010501002,2017/12/27 09:xx
1283,51010501002,2017/12/27 10:xx
1284,51010501002,2017/12/27 11:xx
1285,51010501002,2017/12/27 12:xx
1286,51010501002,2017/12/27 12:xx
1287,51010501002,2017/12/27 13:xx
1288,51010501002,2017/12/27 14:xx
1289,51010501002,2017/12/27 15:xx
1290,51010501002,2017/12/27 16:xx
1291,51010501002,2017/12/27 17:xx
1292,51010501002,2017/12/27 18:xx
1293,51010501002,2017/12/27 19:xx
1294,51010501002,2017/12/27 20:xx
1295,51010501002,2017/12/27 21:xx
1296,51010501002,2017/12/27 22:xx
1297,51010501002,2017/12/27 23:xx
1298,51010501002,2017/12/28 00:xx
1299,51010501002,2017/12/28 01:xx
1300,51010501002,2017/12/28 02:xx
1301,51010501002,2017/12/28 03:xx
1302,51010501002,2017/12/28 04:xx
1303,51010501002,2017/12/28 05:xx
1304,51010501002,2017/12/28 06:xx
1305,51010501002,2017/12/28 07:xx
1306,51010501002,2017/12/28 08:xx
1307,51010501002,2017/12/28 09:xx
1308,51010501002,2017/12/28 10:xx
1309,51010501002,2017/12/28 11:xx
1310,51010501002,2017/12/28 12:xx
1311,51010501002,2017/12/28 13:xx
1312,51010501002,2017/12/28 14:xx
1313,51010501002,2017/12/28 15:xx
1314,51010501002,2017/12/28 16:xx
1315,51010501002,2017/12/28 17:xx
1316,51010501002,2017/12/28 18:xx
1317,51010501002,2017/12/28 19:xx
1318,51010501002,2017/12/28 20:xx
1319,51010501002,2017/12/28 21:xx
1320,51010501002,2017/12/28 22:xx
1321,51010501002,2017/12/28 23:xx
1322,51010501002,2017/12/28 23:xx
1323,51010501002,2017/12/29 00:xx
1324,51010501002,2017/12/29 01:xx
1325,51010501002,2017/12/29 02:xx
1326,51010501002,2017/12/29 02:xx
1327,51010501002,2017/12/29 03:xx
1328,51010501002,2017/12/29 04:xx
1329,51010501002,2017/12/29 05:xx
1330,51010501002,2017/12/29 06:xx
1331,51010501002,2017/12/29 07:xx
1332,51010501002,2017/12/29 08:xx
1333,51010501002,2017/12/29 09:xx
1334,51010501002,2017/12/29 10:xx
1335,51010501002,2017/12/29 11:xx
1336,51010501002,2017/12/29 12:xx
1337,51010501002,2017/12/29 12:xx
1338,51010501002,2017/12/29 13:xx
1339,51010501002,2017/12/29 14:xx
1340,51010501002,2017/12/29 15:xx
1341,51010501002,2017/12/29 16:xx
1342,51010501002,2017/12/29 17:xx
1343,51010501002,2017/12/29 18:xx
1344,51010501002,2017/12/29 19:xx
1345,51010501002,2017/12/29 20:xx
1346,51010501002,2017/12/29 21:xx
1347,51010501002,2017/12/29 22:xx
1348,51010501002,2017/12/29 22:xx
1349,51010501002,2017/12/29 23:xx
1350,51010501002,2017/12/30 00:xx
1351,51010501002,2017/12/30 01:xx
1352,51010501002,2017/12/30 02:xx
1353,51010501002,2017/12/30 03:xx
1354,51010501002,2017/12/30 04:xx
1355,51010501002,2017/12/30 05:xx
1356,51010501002,2017/12/30 06:xx
1357,51010501002,2017/12/30 07:xx
1358,51010501002,2017/12/30 08:xx
1359,51010501002,2017/12/30 09:xx
1360,51010501002,2017/12/30 10:xx
1361,51010501002,2017/12/30 10:xx
1362,51010501002,2017/12/30 11:xx
1363,51010501002,2017/12/30 12:xx
1364,51010501002,2017/12/30 13:xx
1365,51010501002,2017/12/30 13:xx
1366,51010501002,2017/12/30 14:xx
1367,51010501002,2017/12/30 15:xx
1368,51010501002,2017/12/30 16:xx
1369,51010501002,2017/12/30 17:xx
1370,51010501002,2017/12/30 18:xx
1371,51010501002,2017/12/30 19:xx
1372,51010501002,2017/12/30 20:xx
1373,51010501002,2017/12/30 21:xx
1374,51010501002,2017/12/30 21:xx
1375,51010501002,2017/12/30 22:xx
1376,51010501002,2017/12/30 23:xx
1377,51010501002,2017/12/30 23:xx
1378,51010501002,2017/12/31 00:xx
1379,51010501002,2017/12/31 01:xx
1380,51010501002,2017/12/31 01:xx
1381,51010501002,2017/12/31 02:xx
1382,51010501002,2017/12/31 03:xx
1383,51010501002,2017/12/31 04:xx
1384,51010501002,2017/12/31 05:xx
1385,51010501002,2017/12/31 06:xx
1386,51010501002,2017/12/31 07:xx
1387,51010501002,2017/12/31 08:xx
1388,51010501002,2017/12/31 08:xx
1389,51010501002,2017/12/31 09:xx
1390,51010501002,2017/12/31 10:xx
1391,51010501002,2017/12/31 11:xx
1392,51010501002,2017/12/31 12:xx
1393,51010501002,2017/12/31 13:xx
1394,51010501002,2017/12/31 14:xx
1395,51010501002,2017/12/31 15:xx
1396,51010501002,2017/12/31 16:xx
1397,51010501002,2017/12/31 17:xx
1398,51010501002,2017/12/31 17:xx
1399,51010501002,2017/12/31 18:xx
1400,51010501002,2017/12/31 19:xx
1401,51010501002,2017/12/31 20:xx
1402,51010501002,2017/12/31 20:xx
1403,51010501002,2017/12/31 21:xx
1404,51010501002,2017/12/31 22:xx
1405,51010501002,2017/12/31 23:xx
1406,51010501002,2017/12/31 23:xx
1407,51010401001,2017/5/25 00:xx
1408,51010401001,2017/5/25 01:xx
1409,51010401001,2017/5/25 02:xx
1410,51010401001,2017/5/25 03:xx
1411,51010401001,2017/5/25 04:xx
1412,51010401001,2017/5/25 05:xx
1413,51010401001,2017/5/25 06:xx
1414,51010401001,2017/5/25 07:xx
1415,51010401001,2017/5/25 08:xx
1416,51010401001,2017/5/25 09:xx
1417,51010401001,2017/5/25 10:xx
1418,51010401001,2017/5/25 11:xx
1419,51010401001,2017/5/25 12:xx
1420,51010401001,2017/5/25 13:xx
1421,51010401001,2017/5/25 14:xx
1422,51010401001,2017/5/25 15:xx
1423,51010401001,2017/5/25 16:xx
1424,51010401001,2017/5/25 17:xx
1425,51010401001,2017/5/25 18:xx
1426,51010401001,2017/5/25 19:xx
1427,51010401001,2017/5/25 20:xx
1428,51010401001,2017/5/25 21:xx
1429,51010401001,2017/5/25 22:xx
1430,51010401001,2017/5/25 23:xx
1431,51010401001,2017/5/26 00:xx
1432,51010401001,2017/5/26 01:xx
1433,51010401001,2017/5/26 02:xx
1434,51010401001,2017/5/26 03:xx
1435,51010401001,2017/5/26 04:xx
1436,51010401001,2017/5/26 05:xx
1437,51010401001,2017/5/26 06:xx
1438,51010401001,2017/5/26 07:xx
1439,51010401001,2017/5/26 08:xx
1440,51010401001,2017/5/26 09:xx
1441,51010401001,2017/5/26 10:xx
1442,51010401001,2017/5/26 11:xx
1443,51010401001,2017/5/26 12:xx
1444,51010401001,2017/5/26 13:xx
1445,51010401001,2017/5/26 14:xx
1446,51010401001,2017/5/26 15:xx
1447,51010401001,2017/5/26 16:xx
1448,51010401001,2017/5/26 17:xx
1449,51010401001,2017/5/26 18:xx
1450,51010401001,2017/5/26 19:xx
1451,51010401001,2017/5/26 20:xx
1452,51010401001,2017/5/26 21:xx
1453,51010401001,2017/5/26 22:xx
1454,51010401001,2017/5/26 23:xx
1455,51010401001,2017/5/27 00:xx
1456,51010401001,2017/5/27 01:xx
1457,51010401001,2017/5/27 02:xx
1458,51010401001,2017/5/27 03:xx
1459,51010401001,2017/5/27 04:xx
1460,51010401001,2017/5/27 05:xx
1461,51010401001,2017/5/27 06:xx
1462,51010401001,2017/5/27 07:xx
1463,51010401001,2017/5/27 08:xx
1464,51010401001,2017/5/27 09:xx
1465,51010401001,2017/5/27 10:xx
1466,51010401001,2017/5/27 11:xx
1467,51010401001,2017/5/27 12:xx
1468,51010401001,2017/5/27 13:xx
1469,51010401001,2017/5/27 14:xx
1470,51010401001,2017/5/27 15:xx
1471,51010401001,2017/5/27 16:xx
1472,51010401001,2017/5/27 17:xx
1473,51010401001,2017/5/27 18:xx
1474,51010401001,2017/5/27 19:xx
1475,51010401001,2017/5/27 20:xx
1476,51010401001,2017/5/27 21:xx
1477,51010401001,2017/5/27 22:xx
1478,51010401001,2017/5/27 23:xx
1479,51010401001,2017/5/28 00:xx
1480,51010401001,2017/5/28 01:xx
1481,51010401001,2017/5/28 02:xx
1482,51010401001,2017/5/28 03:xx
1483,51010401001,2017/5/28 04:xx
1484,51010401001,2017/5/28 05:xx
1485,51010401001,2017/5/28 06:xx
1486,51010401001,2017/5/28 07:xx
1487,51010401001,2017/5/28 08:xx
1488,51010401001,2017/5/28 09:xx
1489,51010401001,2017/5/28 10:xx
1490,51010401001,2017/5/28 11:xx
1491,51010401001,2017/5/28 12:xx
1492,51010401001,2017/5/28 13:xx
1493,51010401001,2017/5/28 14:xx
1494,51010401001,2017/5/28 15:xx
1495,51010401001,2017/5/28 16:xx
1496,51010401001,2017/5/28 17:xx
1497,51010401001,2017/5/28 18:xx
1498,51010401001,2017/5/28 19:xx
1499,51010401001,2017/5/28 20:xx
1500,51010401001,2017/5/28 21:xx
1501,51010401001,2017/5/28 22:xx
1502,51010401001,2017/5/28 23:xx
1503,51010401001,2017/5/29 00:xx
1504,51010401001,2017/5/29 01:xx
1505,51010401001,2017/5/29 02:xx
1506,51010401001,2017/5/29 03:xx
1507,51010401001,2017/5/29 04:xx
1508,51010401001,2017/5/29 05:xx
1509,51010401001,2017/5/29 06:xx
1510,51010401001,2017/5/29 07:xx
1511,51010401001,2017/5/29 08:xx
1512,51010401001,2017/5/29 09:xx
1513,51010401001,2017/5/29 10:xx
1514,51010401001,2017/5/29 11:xx
1515,51010401001,2017/5/29 12:xx
1516,51010401001,2017/5/29 13:xx
1517,51010401001,2017/5/29 14:xx
1518,51010401001,2017/5/29 15:xx
1519,51010401001,2017/5/29 16:xx
1520,51010401001,2017/5/29 17:xx
1521,51010401001,2017/5/29 18:xx
1522,51010401001,2017/5/29 19:xx
1523,51010401001,2017/5/29 20:xx
1524,51010401001,2017/5/29 21:xx
1525,51010401001,2017/5/29 22:xx
1526,51010401001,2017/5/29 23:xx
1527,51010401001,2017/5/30 00:xx
1528,51010401001,2017/5/30 01:xx
1529,51010401001,2017/5/30 02:xx
1530,51010401001,2017/5/30 03:xx
1531,51010401001,2017/5/30 04:xx
1532,51010401001,2017/5/30 05:xx
1533,51010401001,2017/5/30 06:xx
1534,51010401001,2017/5/30 07:xx
1535,51010401001,2017/5/30 08:xx
1536,51010401001,2017/5/30 09:xx
1537,51010401001,2017/5/30 10:xx
1538,51010401001,2017/5/30 11:xx
1539,51010401001,2017/5/30 12:xx
1540,51010401001,2017/5/30 13:xx
1541,51010401001,2017/5/30 14:xx
1542,51010401001,2017/5/30 15:xx
1543,51010401001,2017/5/30 16:xx
1544,51010401001,2017/5/30 17:xx
1545,51010401001,2017/5/30 18:xx
1546,51010401001,2017/5/30 19:xx
1547,51010401001,2017/5/30 20:xx
1548,51010401001,2017/5/30 21:xx
1549,51010401001,2017/5/30 22:xx
1550,51010401001,2017/5/30 23:xx
1551,51010401001,2017/5/31 00:xx
1552,51010401001,2017/5/31 01:xx
1553,51010401001,2017/5/31 02:xx
1554,51010401001,2017/5/31 03:xx
1555,51010401001,2017/5/31 04:xx
1556,51010401001,2017/5/31 05:xx
1557,51010401001,2017/5/31 06:xx
1558,51010401001,2017/5/31 07:xx
1559,51010401001,2017/5/31 08:xx
1560,51010401001,2017/5/31 09:xx
1561,51010401001,2017/5/31 10:xx
1562,51010401001,2017/5/31 11:xx
1563,51010401001,2017/5/31 12:xx
1564,51010401001,2017/5/31 13:xx
1565,51010401001,2017/5/31 14:xx
1566,51010401001,2017/5/31 15:xx
1567,51010401001,2017/5/31 16:xx
1568,51010401001,2017/5/31 17:xx
1569,51010401001,2017/5/31 18:xx
1570,51010401001,2017/5/31 19:xx
1571,51010401001,2017/5/31 20:xx
1572,51010401001,2017/5/31 21:xx
1573,51010401001,2017/5/31 22:xx
1574,51010401001,2017/5/31 23:xx
1575,51010401001,2017/12/25 00:xx
1576,51010401001,2017/12/25 01:xx
1577,51010401001,2017/12/25 02:xx
1578,51010401001,2017/12/25 03:xx
1579,51010401001,2017/12/25 04:xx
1580,51010401001,2017/12/25 05:xx
1581,51010401001,2017/12/25 06:xx
1582,51010401001,2017/12/25 07:xx
1583,51010401001,2017/12/25 08:xx
1584,51010401001,2017/12/25 09:xx
1585,51010401001,2017/12/25 10:xx
1586,51010401001,2017/12/25 10:xx
1587,51010401001,2017/12/25 11:xx
1588,51010401001,2017/12/25 12:xx
1589,51010401001,2017/12/25 13:xx
1590,51010401001,2017/12/25 14:xx
1591,51010401001,2017/12/25 15:xx
1592,51010401001,2017/12/25 16:xx
1593,51010401001,2017/12/25 17:xx
1594,51010401001,2017/12/25 18:xx
1595,51010401001,2017/12/25 18:xx
1596,51010401001,2017/12/25 19:xx
1597,51010401001,2017/12/25 20:xx
1598,51010401001,2017/12/25 21:xx
1599,51010401001,2017/12/25 22:xx
1600,51010401001,2017/12/25 23:xx
1601,51010401001,2017/12/26 00:xx
1602,51010401001,2017/12/26 01:xx
1603,51010401001,2017/12/26 02:xx
1604,51010401001,2017/12/26 03:xx
1605,51010401001,2017/12/26 04:xx
1606,51010401001,2017/12/26 05:xx
1607,51010401001,2017/12/26 06:xx
1608,51010401001,2017/12/26 07:xx
1609,51010401001,2017/12/26 08:xx
1610,51010401001,2017/12/26 09:xx
1611,51010401001,2017/12/26 10:xx
1612,51010401001,2017/12/26 11:xx
1613,51010401001,2017/12/26 12:xx
1614,51010401001,2017/12/26 12:xx
1615,51010401001,2017/12/26 13:xx
1616,51010401001,2017/12/26 14:xx
1617,51010401001,2017/12/26 15:xx
1618,51010401001,2017/12/26 16:xx
1619,51010401001,2017/12/26 17:xx
1620,51010401001,2017/12/26 18:xx
1621,51010401001,2017/12/26 19:xx
1622,51010401001,2017/12/26 20:xx
1623,51010401001,2017/12/26 21:xx
1624,51010401001,2017/12/26 22:xx
1625,51010401001,2017/12/26 23:xx
1626,51010401001,2017/12/27 00:xx
1627,51010401001,2017/12/27 01:xx
1628,51010401001,2017/12/27 02:xx
1629,51010401001,2017/12/27 03:xx
1630,51010401001,2017/12/27 04:xx
1631,51010401001,2017/12/27 04:xx
1632,51010401001,2017/12/27 05:xx
1633,51010401001,2017/12/27 06:xx
1634,51010401001,2017/12/27 07:xx
1635,51010401001,2017/12/27 08:xx
1636,51010401001,2017/12/27 09:xx
1637,51010401001,2017/12/27 10:xx
1638,51010401001,2017/12/27 11:xx
1639,51010401001,2017/12/27 12:xx
1640,51010401001,2017/12/27 12:xx
1641,51010401001,2017/12/27 13:xx
1642,51010401001,2017/12/27 14:xx
1643,51010401001,2017/12/27 15:xx
1644,51010401001,2017/12/27 16:xx
1645,51010401001,2017/12/27 17:xx
1646,51010401001,2017/12/27 18:xx
1647,51010401001,2017/12/27 19:xx
1648,51010401001,2017/12/27 20:xx
1649,51010401001,2017/12/27 21:xx
1650,51010401001,2017/12/27 22:xx
1651,51010401001,2017/12/27 23:xx
1652,51010401001,2017/12/28 00:xx
1653,51010401001,2017/12/28 01:xx
1654,51010401001,2017/12/28 02:xx
1655,51010401001,2017/12/28 03:xx
1656,51010401001,2017/12/28 04:xx
1657,51010401001,2017/12/28 05:xx
1658,51010401001,2017/12/28 06:xx
1659,51010401001,2017/12/28 07:xx
1660,51010401001,2017/12/28 08:xx
1661,51010401001,2017/12/28 09:xx
1662,51010401001,2017/12/28 10:xx
1663,51010401001,2017/12/28 11:xx
1664,51010401001,2017/12/28 12:xx
1665,51010401001,2017/12/28 13:xx
1666,51010401001,2017/12/28 14:xx
1667,51010401001,2017/12/28 15:xx
1668,51010401001,2017/12/28 16:xx
1669,51010401001,2017/12/28 17:xx
1670,51010401001,2017/12/28 18:xx
1671,51010401001,2017/12/28 19:xx
1672,51010401001,2017/12/28 20:xx
1673,51010401001,2017/12/28 21:xx
1674,51010401001,2017/12/28 22:xx
1675,51010401001,2017/12/28 23:xx
1676,51010401001,2017/12/28 23:xx
1677,51010401001,2017/12/29 00:xx
1678,51010401001,2017/12/29 01:xx
1679,51010401001,2017/12/29 02:xx
1680,51010401001,2017/12/29 03:xx
1681,51010401001,2017/12/29 04:xx
1682,51010401001,2017/12/29 05:xx
1683,51010401001,2017/12/29 06:xx
1684,51010401001,2017/12/29 07:xx
1685,51010401001,2017/12/29 08:xx
1686,51010401001,2017/12/29 09:xx
1687,51010401001,2017/12/29 10:xx
1688,51010401001,2017/12/29 11:xx
1689,51010401001,2017/12/29 11:xx
1690,51010401001,2017/12/29 12:xx
1691,51010401001,2017/12/29 13:xx
1692,51010401001,2017/12/29 14:xx
1693,51010401001,2017/12/29 15:xx
1694,51010401001,2017/12/29 16:xx
1695,51010401001,2017/12/29 17:xx
1696,51010401001,2017/12/29 18:xx
1697,51010401001,2017/12/29 19:xx
1698,51010401001,2017/12/29 20:xx
1699,51010401001,2017/12/29 21:xx
1700,51010401001,2017/12/29 22:xx
1701,51010401001,2017/12/29 22:xx
1702,51010401001,2017/12/29 23:xx
1703,51010401001,2017/12/30 00:xx
1704,51010401001,2017/12/30 01:xx
1705,51010401001,2017/12/30 02:xx
1706,51010401001,2017/12/30 03:xx
1707,51010401001,2017/12/30 04:xx
1708,51010401001,2017/12/30 05:xx
1709,51010401001,2017/12/30 06:xx
1710,51010401001,2017/12/30 07:xx
1711,51010401001,2017/12/30 08:xx
1712,51010401001,2017/12/30 09:xx
1713,51010401001,2017/12/30 10:xx
1714,51010401001,2017/12/30 10:xx
1715,51010401001,2017/12/30 11:xx
1716,51010401001,2017/12/30 12:xx
1717,51010401001,2017/12/30 13:xx
1718,51010401001,2017/12/30 13:xx
1719,51010401001,2017/12/30 14:xx
1720,51010401001,2017/12/30 15:xx
1721,51010401001,2017/12/30 16:xx
1722,51010401001,2017/12/30 17:xx
1723,51010401001,2017/12/30 18:xx
1724,51010401001,2017/12/30 19:xx
1725,51010401001,2017/12/30 20:xx
1726,51010401001,2017/12/30 21:xx
1727,51010401001,2017/12/30 21:xx
1728,51010401001,2017/12/30 22:xx
1729,51010401001,2017/12/30 23:xx
1730,51010401001,2017/12/30 23:xx
1731,51010401001,2017/12/31 00:xx
1732,51010401001,2017/12/31 01:xx
1733,51010401001,2017/12/31 01:xx
1734,51010401001,2017/12/31 02:xx
1735,51010401001,2017/12/31 03:xx
1736,51010401001,2017/12/31 03:xx
1737,51010401001,2017/12/31 04:xx
1738,51010401001,2017/12/31 05:xx
1739,51010401001,2017/12/31 06:xx
1740,51010401001,2017/12/31 07:xx
1741,51010401001,2017/12/31 08:xx
1742,51010401001,2017/12/31 08:xx
1743,51010401001,2017/12/31 09:xx
1744,51010401001,2017/12/31 10:xx
1745,51010401001,2017/12/31 11:xx
1746,51010401001,2017/12/31 12:xx
1747,51010401001,2017/12/31 13:xx
1748,51010401001,2017/12/31 14:xx
1749,51010401001,2017/12/31 15:xx
1750,51010401001,2017/12/31 16:xx
1751,51010401001,2017/12/31 17:xx
1752,51010401001,2017/12/31 17:xx
1753,51010401001,2017/12/31 18:xx
1754,51010401001,2017/12/31 19:xx
1755,51010401001,2017/12/31 20:xx
1756,51010401001,2017/12/31 21:xx
1757,51010401001,2017/12/31 22:xx
1758,51010401001,2017/12/31 23:xx
1759,51010401001,2017/12/31 23:xx
1760,51010101001,2017/5/25 00:xx
1761,51010101001,2017/5/25 01:xx
1762,51010101001,2017/5/25 02:xx
1763,51010101001,2017/5/25 03:xx
1764,51010101001,2017/5/25 04:xx
1765,51010101001,2017/5/25 05:xx
1766,51010101001,2017/5/25 06:xx
1767,51010101001,2017/5/25 07:xx
1768,51010101001,2017/5/25 08:xx
1769,51010101001,2017/5/25 09:xx
1770,51010101001,2017/5/25 10:xx
1771,51010101001,2017/5/25 11:xx
1772,51010101001,2017/5/25 12:xx
1773,51010101001,2017/5/25 13:xx
1774,51010101001,2017/5/25 14:xx
1775,51010101001,2017/5/25 15:xx
1776,51010101001,2017/5/25 16:xx
1777,51010101001,2017/5/25 17:xx
1778,51010101001,2017/5/25 18:xx
1779,51010101001,2017/5/25 19:xx
1780,51010101001,2017/5/25 20:xx
1781,51010101001,2017/5/25 21:xx
1782,51010101001,2017/5/25 22:xx
1783,51010101001,2017/5/25 23:xx
1784,51010101001,2017/5/26 00:xx
1785,51010101001,2017/5/26 01:xx
1786,51010101001,2017/5/26 02:xx
1787,51010101001,2017/5/26 03:xx
1788,51010101001,2017/5/26 04:xx
1789,51010101001,2017/5/26 05:xx
1790,51010101001,2017/5/26 06:xx
1791,51010101001,2017/5/26 07:xx
1792,51010101001,2017/5/26 08:xx
1793,51010101001,2017/5/26 09:xx
1794,51010101001,2017/5/26 10:xx
1795,51010101001,2017/5/26 11:xx
1796,51010101001,2017/5/26 12:xx
1797,51010101001,2017/5/26 13:xx
1798,51010101001,2017/5/26 14:xx
1799,51010101001,2017/5/26 15:xx
1800,51010101001,2017/5/26 16:xx
1801,51010101001,2017/5/26 17:xx
1802,51010101001,2017/5/26 18:xx
1803,51010101001,2017/5/26 19:xx
1804,51010101001,2017/5/26 20:xx
1805,51010101001,2017/5/26 21:xx
1806,51010101001,2017/5/26 22:xx
1807,51010101001,2017/5/26 23:xx
1808,51010101001,2017/5/27 00:xx
1809,51010101001,2017/5/27 01:xx
1810,51010101001,2017/5/27 02:xx
1811,51010101001,2017/5/27 03:xx
1812,51010101001,2017/5/27 04:xx
1813,51010101001,2017/5/27 05:xx
1814,51010101001,2017/5/27 06:xx
1815,51010101001,2017/5/27 07:xx
1816,51010101001,2017/5/27 08:xx
1817,51010101001,2017/5/27 09:xx
1818,51010101001,2017/5/27 10:xx
1819,51010101001,2017/5/27 11:xx
1820,51010101001,2017/5/27 12:xx
1821,51010101001,2017/5/27 13:xx
1822,51010101001,2017/5/27 14:xx
1823,51010101001,2017/5/27 15:xx
1824,51010101001,2017/5/27 16:xx
1825,51010101001,2017/5/27 17:xx
1826,51010101001,2017/5/27 18:xx
1827,51010101001,2017/5/27 19:xx
1828,51010101001,2017/5/27 20:xx
1829,51010101001,2017/5/27 21:xx
1830,51010101001,2017/5/27 22:xx
1831,51010101001,2017/5/27 23:xx
1832,51010101001,2017/5/28 00:xx
1833,51010101001,2017/5/28 01:xx
1834,51010101001,2017/5/28 02:xx
1835,51010101001,2017/5/28 03:xx
1836,51010101001,2017/5/28 04:xx
1837,51010101001,2017/5/28 05:xx
1838,51010101001,2017/5/28 06:xx
1839,51010101001,2017/5/28 07:xx
1840,51010101001,2017/5/28 08:xx
1841,51010101001,2017/5/28 09:xx
1842,51010101001,2017/5/28 10:xx
1843,51010101001,2017/5/28 11:xx
1844,51010101001,2017/5/28 12:xx
1845,51010101001,2017/5/28 13:xx
1846,51010101001,2017/5/28 14:xx
1847,51010101001,2017/5/28 15:xx
1848,51010101001,2017/5/28 16:xx
1849,51010101001,2017/5/28 17:xx
1850,51010101001,2017/5/28 18:xx
1851,51010101001,2017/5/28 19:xx
1852,51010101001,2017/5/28 20:xx
1853,51010101001,2017/5/28 21:xx
1854,51010101001,2017/5/28 22:xx
1855,51010101001,2017/5/28 23:xx
1856,51010101001,2017/5/29 00:xx
1857,51010101001,2017/5/29 01:xx
1858,51010101001,2017/5/29 02:xx
1859,51010101001,2017/5/29 03:xx
1860,51010101001,2017/5/29 04:xx
1861,51010101001,2017/5/29 05:xx
1862,51010101001,2017/5/29 06:xx
1863,51010101001,2017/5/29 07:xx
1864,51010101001,2017/5/29 08:xx
1865,51010101001,2017/5/29 09:xx
1866,51010101001,2017/5/29 10:xx
1867,51010101001,2017/5/29 11:xx
1868,51010101001,2017/5/29 12:xx
1869,51010101001,2017/5/29 13:xx
1870,51010101001,2017/5/29 14:xx
1871,51010101001,2017/5/29 15:xx
1872,51010101001,2017/5/29 16:xx
1873,51010101001,2017/5/29 17:xx
1874,51010101001,2017/5/29 18:xx
1875,51010101001,2017/5/29 19:xx
1876,51010101001,2017/5/29 20:xx
1877,51010101001,2017/5/29 21:xx
1878,51010101001,2017/5/29 22:xx
1879,51010101001,2017/5/29 23:xx
1880,51010101001,2017/5/30 00:xx
1881,51010101001,2017/5/30 01:xx
1882,51010101001,2017/5/30 02:xx
1883,51010101001,2017/5/30 03:xx
1884,51010101001,2017/5/30 04:xx
1885,51010101001,2017/5/30 05:xx
1886,51010101001,2017/5/30 06:xx
1887,51010101001,2017/5/30 07:xx
1888,51010101001,2017/5/30 08:xx
1889,51010101001,2017/5/30 09:xx
1890,51010101001,2017/5/30 10:xx
1891,51010101001,2017/5/30 11:xx
1892,51010101001,2017/5/30 12:xx
1893,51010101001,2017/5/30 13:xx
1894,51010101001,2017/5/30 14:xx
1895,51010101001,2017/5/30 15:xx
1896,51010101001,2017/5/30 16:xx
1897,51010101001,2017/5/30 17:xx
1898,51010101001,2017/5/30 18:xx
1899,51010101001,2017/5/30 19:xx
1900,51010101001,2017/5/30 20:xx
1901,51010101001,2017/5/30 21:xx
1902,51010101001,2017/5/30 22:xx
1903,51010101001,2017/5/30 23:xx
1904,51010101001,2017/5/31 00:xx
1905,51010101001,2017/5/31 01:xx
1906,51010101001,2017/5/31 02:xx
1907,51010101001,2017/5/31 03:xx
1908,51010101001,2017/5/31 04:xx
1909,51010101001,2017/5/31 05:xx
1910,51010101001,2017/5/31 06:xx
1911,51010101001,2017/5/31 07:xx
1912,51010101001,2017/5/31 08:xx
1913,51010101001,2017/5/31 09:xx
1914,51010101001,2017/5/31 10:xx
1915,51010101001,2017/5/31 11:xx
1916,51010101001,2017/5/31 12:xx
1917,51010101001,2017/5/31 13:xx
1918,51010101001,2017/5/31 14:xx
1919,51010101001,2017/5/31 15:xx
1920,51010101001,2017/5/31 16:xx
1921,51010101001,2017/5/31 17:xx
1922,51010101001,2017/5/31 18:xx
1923,51010101001,2017/5/31 19:xx
1924,51010101001,2017/5/31 20:xx
1925,51010101001,2017/5/31 21:xx
1926,51010101001,2017/5/31 22:xx
1927,51010101001,2017/5/31 23:xx
1928,51010101001,2017/12/25 00:xx
1929,51010101001,2017/12/25 01:xx
1930,51010101001,2017/12/25 02:xx
1931,51010101001,2017/12/25 03:xx
1932,51010101001,2017/12/25 04:xx
1933,51010101001,2017/12/25 05:xx
1934,51010101001,2017/12/25 06:xx
1935,51010101001,2017/12/25 07:xx
1936,51010101001,2017/12/25 08:xx
1937,51010101001,2017/12/25 09:xx
1938,51010101001,2017/12/25 10:xx
1939,51010101001,2017/12/25 10:xx
1940,51010101001,2017/12/25 11:xx
1941,51010101001,2017/12/25 12:xx
1942,51010101001,2017/12/25 13:xx
1943,51010101001,2017/12/25 14:xx
1944,51010101001,2017/12/25 15:xx
1945,51010101001,2017/12/25 16:xx
1946,51010101001,2017/12/25 17:xx
1947,51010101001,2017/12/25 18:xx
1948,51010101001,2017/12/25 18:xx
1949,51010101001,2017/12/25 19:xx
1950,51010101001,2017/12/25 20:xx
1951,51010101001,2017/12/25 21:xx
1952,51010101001,2017/12/25 22:xx
1953,51010101001,2017/12/25 23:xx
1954,51010101001,2017/12/26 00:xx
1955,51010101001,2017/12/26 01:xx
1956,51010101001,2017/12/26 02:xx
1957,51010101001,2017/12/26 03:xx
1958,51010101001,2017/12/26 04:xx
1959,51010101001,2017/12/26 05:xx
1960,51010101001,2017/12/26 06:xx
1961,51010101001,2017/12/26 07:xx
1962,51010101001,2017/12/26 08:xx
1963,51010101001,2017/12/26 09:xx
1964,51010101001,2017/12/26 10:xx
1965,51010101001,2017/12/26 11:xx
1966,51010101001,2017/12/26 12:xx
1967,51010101001,2017/12/26 13:xx
1968,51010101001,2017/12/26 14:xx
1969,51010101001,2017/12/26 15:xx
1970,51010101001,2017/12/26 16:xx
1971,51010101001,2017/12/26 17:xx
1972,51010101001,2017/12/26 18:xx
1973,51010101001,2017/12/26 19:xx
1974,51010101001,2017/12/26 20:xx
1975,51010101001,2017/12/26 21:xx
1976,51010101001,2017/12/26 22:xx
1977,51010101001,2017/12/26 23:xx
1978,51010101001,2017/12/27 00:xx
1979,51010101001,2017/12/27 01:xx
1980,51010101001,2017/12/27 02:xx
1981,51010101001,2017/12/27 03:xx
1982,51010101001,2017/12/27 04:xx
1983,51010101001,2017/12/27 04:xx
1984,51010101001,2017/12/27 05:xx
1985,51010101001,2017/12/27 06:xx
1986,51010101001,2017/12/27 07:xx
1987,51010101001,2017/12/27 08:xx
1988,51010101001,2017/12/27 09:xx
1989,51010101001,2017/12/27 10:xx
1990,51010101001,2017/12/27 11:xx
1991,51010101001,2017/12/27 12:xx
1992,51010101001,2017/12/27 12:xx
1993,51010101001,2017/12/27 13:xx
1994,51010101001,2017/12/27 14:xx
1995,51010101001,2017/12/27 15:xx
1996,51010101001,2017/12/27 16:xx
1997,51010101001,2017/12/27 17:xx
1998,51010101001,2017/12/27 18:xx
1999,51010101001,2017/12/27 19:xx
2000,51010101001,2017/12/27 20:xx
2001,51010101001,2017/12/27 21:xx
2002,51010101001,2017/12/27 22:xx
2003,51010101001,2017/12/27 23:xx
2004,51010101001,2017/12/28 00:xx
2005,51010101001,2017/12/28 01:xx
2006,51010101001,2017/12/28 02:xx
2007,51010101001,2017/12/28 03:xx
2008,51010101001,2017/12/28 04:xx
2009,51010101001,2017/12/28 05:xx
2010,51010101001,2017/12/28 06:xx
2011,51010101001,2017/12/28 07:xx
2012,51010101001,2017/12/28 08:xx
2013,51010101001,2017/12/28 09:xx
2014,51010101001,2017/12/28 10:xx
2015,51010101001,2017/12/28 11:xx
2016,51010101001,2017/12/28 12:xx
2017,51010101001,2017/12/28 13:xx
2018,51010101001,2017/12/28 14:xx
2019,51010101001,2017/12/28 15:xx
2020,51010101001,2017/12/28 16:xx
2021,51010101001,2017/12/28 17:xx
2022,51010101001,2017/12/28 18:xx
2023,51010101001,2017/12/28 19:xx
2024,51010101001,2017/12/28 20:xx
2025,51010101001,2017/12/28 21:xx
2026,51010101001,2017/12/28 22:xx
2027,51010101001,2017/12/28 23:xx
2028,51010101001,2017/12/28 23:xx
2029,51010101001,2017/12/29 00:xx
2030,51010101001,2017/12/29 01:xx
2031,51010101001,2017/12/29 02:xx
2032,51010101001,2017/12/29 03:xx
2033,51010101001,2017/12/29 04:xx
2034,51010101001,2017/12/29 05:xx
2035,51010101001,2017/12/29 06:xx
2036,51010101001,2017/12/29 07:xx
2037,51010101001,2017/12/29 08:xx
2038,51010101001,2017/12/29 09:xx
2039,51010101001,2017/12/29 10:xx
2040,51010101001,2017/12/29 11:xx
2041,51010101001,2017/12/29 12:xx
2042,51010101001,2017/12/29 13:xx
2043,51010101001,2017/12/29 14:xx
2044,51010101001,2017/12/29 15:xx
2045,51010101001,2017/12/29 16:xx
2046,51010101001,2017/12/29 17:xx
2047,51010101001,2017/12/29 18:xx
2048,51010101001,2017/12/29 19:xx
2049,51010101001,2017/12/29 20:xx
2050,51010101001,2017/12/29 21:xx
2051,51010101001,2017/12/29 22:xx
2052,51010101001,2017/12/29 22:xx
2053,51010101001,2017/12/29 23:xx
2054,51010101001,2017/12/30 00:xx
2055,51010101001,2017/12/30 01:xx
2056,51010101001,2017/12/30 02:xx
2057,51010101001,2017/12/30 03:xx
2058,51010101001,2017/12/30 04:xx
2059,51010101001,2017/12/30 05:xx
2060,51010101001,2017/12/30 06:xx
2061,51010101001,2017/12/30 07:xx
2062,51010101001,2017/12/30 08:xx
2063,51010101001,2017/12/30 09:xx
2064,51010101001,2017/12/30 10:xx
2065,51010101001,2017/12/30 11:xx
2066,51010101001,2017/12/30 12:xx
2067,51010101001,2017/12/30 13:xx
2068,51010101001,2017/12/30 13:xx
2069,51010101001,2017/12/30 14:xx
2070,51010101001,2017/12/30 15:xx
2071,51010101001,2017/12/30 16:xx
2072,51010101001,2017/12/30 17:xx
2073,51010101001,2017/12/30 18:xx
2074,51010101001,2017/12/30 19:xx
2075,51010101001,2017/12/30 20:xx
2076,51010101001,2017/12/30 21:xx
2077,51010101001,2017/12/30 21:xx
2078,51010101001,2017/12/30 22:xx
2079,51010101001,2017/12/30 23:xx
2080,51010101001,2017/12/30 23:xx
2081,51010101001,2017/12/31 00:xx
2082,51010101001,2017/12/31 01:xx
2083,51010101001,2017/12/31 01:xx
2084,51010101001,2017/12/31 02:xx
2085,51010101001,2017/12/31 03:xx
2086,51010101001,2017/12/31 03:xx
2087,51010101001,2017/12/31 04:xx
2088,51010101001,2017/12/31 05:xx
2089,51010101001,2017/12/31 06:xx
2090,51010101001,2017/12/31 07:xx
2091,51010101001,2017/12/31 08:xx
2092,51010101001,2017/12/31 08:xx
2093,51010101001,2017/12/31 09:xx
2094,51010101001,2017/12/31 10:xx
2095,51010101001,2017/12/31 11:xx
2096,51010101001,2017/12/31 12:xx
2097,51010101001,2017/12/31 13:xx
2098,51010101001,2017/12/31 14:xx
2099,51010101001,2017/12/31 15:xx
2100,51010101001,2017/12/31 16:xx
2101,51010101001,2017/12/31 17:xx
2102,51010101001,2017/12/31 17:xx
2103,51010101001,2017/12/31 18:xx
2104,51010101001,2017/12/31 19:xx
2105,51010101001,2017/12/31 20:xx
2106,51010101001,2017/12/31 20:xx
2107,51010101001,2017/12/31 21:xx
2108,51010101001,2017/12/31 22:xx
2109,51010101001,2017/12/31 23:xx
2110,51010101001,2017/12/31 23:xx
2111,51010601002,2017/5/25 00:xx
2112,51010601002,2017/5/25 01:xx
2113,51010601002,2017/5/25 02:xx
2114,51010601002,2017/5/25 03:xx
2115,51010601002,2017/5/25 04:xx
2116,51010601002,2017/5/25 05:xx
2117,51010601002,2017/5/25 06:xx
2118,51010601002,2017/5/25 07:xx
2119,51010601002,2017/5/25 08:xx
2120,51010601002,2017/5/25 09:xx
2121,51010601002,2017/5/25 10:xx
2122,51010601002,2017/5/25 11:xx
2123,51010601002,2017/5/25 12:xx
2124,51010601002,2017/5/25 13:xx
2125,51010601002,2017/5/25 14:xx
2126,51010601002,2017/5/25 15:xx
2127,51010601002,2017/5/25 16:xx
2128,51010601002,2017/5/25 17:xx
2129,51010601002,2017/5/25 18:xx
2130,51010601002,2017/5/25 19:xx
2131,51010601002,2017/5/25 20:xx
2132,51010601002,2017/5/25 21:xx
2133,51010601002,2017/5/25 22:xx
2134,51010601002,2017/5/25 23:xx
2135,51010601002,2017/5/26 00:xx
2136,51010601002,2017/5/26 01:xx
2137,51010601002,2017/5/26 02:xx
2138,51010601002,2017/5/26 03:xx
2139,51010601002,2017/5/26 04:xx
2140,51010601002,2017/5/26 05:xx
2141,51010601002,2017/5/26 06:xx
2142,51010601002,2017/5/26 07:xx
2143,51010601002,2017/5/26 08:xx
2144,51010601002,2017/5/26 09:xx
2145,51010601002,2017/5/26 10:xx
2146,51010601002,2017/5/26 11:xx
2147,51010601002,2017/5/26 12:xx
2148,51010601002,2017/5/26 13:xx
2149,51010601002,2017/5/26 14:xx
2150,51010601002,2017/5/26 15:xx
2151,51010601002,2017/5/26 16:xx
2152,51010601002,2017/5/26 17:xx
2153,51010601002,2017/5/26 18:xx
2154,51010601002,2017/5/26 19:xx
2155,51010601002,2017/5/26 20:xx
2156,51010601002,2017/5/26 21:xx
2157,51010601002,2017/5/26 22:xx
2158,51010601002,2017/5/26 23:xx
2159,51010601002,2017/5/27 00:xx
2160,51010601002,2017/5/27 01:xx
2161,51010601002,2017/5/27 02:xx
2162,51010601002,2017/5/27 03:xx
2163,51010601002,2017/5/27 04:xx
2164,51010601002,2017/5/27 05:xx
2165,51010601002,2017/5/27 06:xx
2166,51010601002,2017/5/27 07:xx
2167,51010601002,2017/5/27 08:xx
2168,51010601002,2017/5/27 09:xx
2169,51010601002,2017/5/27 10:xx
2170,51010601002,2017/5/27 11:xx
2171,51010601002,2017/5/27 12:xx
2172,51010601002,2017/5/27 13:xx
2173,51010601002,2017/5/27 14:xx
2174,51010601002,2017/5/27 15:xx
2175,51010601002,2017/5/27 16:xx
2176,51010601002,2017/5/27 17:xx
2177,51010601002,2017/5/27 18:xx
2178,51010601002,2017/5/27 19:xx
2179,51010601002,2017/5/27 20:xx
2180,51010601002,2017/5/27 21:xx
2181,51010601002,2017/5/27 22:xx
2182,51010601002,2017/5/27 23:xx
2183,51010601002,2017/5/28 00:xx
2184,51010601002,2017/5/28 01:xx
2185,51010601002,2017/5/28 02:xx
2186,51010601002,2017/5/28 03:xx
2187,51010601002,2017/5/28 04:xx
2188,51010601002,2017/5/28 05:xx
2189,51010601002,2017/5/28 06:xx
2190,51010601002,2017/5/28 07:xx
2191,51010601002,2017/5/28 08:xx
2192,51010601002,2017/5/28 09:xx
2193,51010601002,2017/5/28 10:xx
2194,51010601002,2017/5/28 11:xx
2195,51010601002,2017/5/28 12:xx
2196,51010601002,2017/5/28 13:xx
2197,51010601002,2017/5/28 14:xx
2198,51010601002,2017/5/28 15:xx
2199,51010601002,2017/5/28 16:xx
2200,51010601002,2017/5/28 17:xx
2201,51010601002,2017/5/28 18:xx
2202,51010601002,2017/5/28 19:xx
2203,51010601002,2017/5/28 20:xx
2204,51010601002,2017/5/28 21:xx
2205,51010601002,2017/5/28 22:xx
2206,51010601002,2017/5/28 23:xx
2207,51010601002,2017/5/29 00:xx
2208,51010601002,2017/5/29 01:xx
2209,51010601002,2017/5/29 02:xx
2210,51010601002,2017/5/29 03:xx
2211,51010601002,2017/5/29 04:xx
2212,51010601002,2017/5/29 05:xx
2213,51010601002,2017/5/29 06:xx
2214,51010601002,2017/5/29 07:xx
2215,51010601002,2017/5/29 08:xx
2216,51010601002,2017/5/29 09:xx
2217,51010601002,2017/5/29 10:xx
2218,51010601002,2017/5/29 11:xx
2219,51010601002,2017/5/29 12:xx
2220,51010601002,2017/5/29 13:xx
2221,51010601002,2017/5/29 14:xx
2222,51010601002,2017/5/29 15:xx
2223,51010601002,2017/5/29 16:xx
2224,51010601002,2017/5/29 17:xx
2225,51010601002,2017/5/29 18:xx
2226,51010601002,2017/5/29 19:xx
2227,51010601002,2017/5/29 20:xx
2228,51010601002,2017/5/29 21:xx
2229,51010601002,2017/5/29 22:xx
2230,51010601002,2017/5/29 23:xx
2231,51010601002,2017/5/30 00:xx
2232,51010601002,2017/5/30 01:xx
2233,51010601002,2017/5/30 02:xx
2234,51010601002,2017/5/30 03:xx
2235,51010601002,2017/5/30 04:xx
2236,51010601002,2017/5/30 05:xx
2237,51010601002,2017/5/30 06:xx
2238,51010601002,2017/5/30 07:xx
2239,51010601002,2017/5/30 08:xx
2240,51010601002,2017/5/30 09:xx
2241,51010601002,2017/5/30 10:xx
2242,51010601002,2017/5/30 11:xx
2243,51010601002,2017/5/30 12:xx
2244,51010601002,2017/5/30 13:xx
2245,51010601002,2017/5/30 14:xx
2246,51010601002,2017/5/30 15:xx
2247,51010601002,2017/5/30 16:xx
2248,51010601002,2017/5/30 17:xx
2249,51010601002,2017/5/30 18:xx
2250,51010601002,2017/5/30 19:xx
2251,51010601002,2017/5/30 20:xx
2252,51010601002,2017/5/30 21:xx
2253,51010601002,2017/5/30 22:xx
2254,51010601002,2017/5/30 23:xx
2255,51010601002,2017/5/31 00:xx
2256,51010601002,2017/5/31 01:xx
2257,51010601002,2017/5/31 02:xx
2258,51010601002,2017/5/31 03:xx
2259,51010601002,2017/5/31 04:xx
2260,51010601002,2017/5/31 05:xx
2261,51010601002,2017/5/31 06:xx
2262,51010601002,2017/5/31 07:xx
2263,51010601002,2017/5/31 08:xx
2264,51010601002,2017/5/31 09:xx
2265,51010601002,2017/5/31 10:xx
2266,51010601002,2017/5/31 11:xx
2267,51010601002,2017/5/31 12:xx
2268,51010601002,2017/5/31 13:xx
2269,51010601002,2017/5/31 14:xx
2270,51010601002,2017/5/31 15:xx
2271,51010601002,2017/5/31 16:xx
2272,51010601002,2017/5/31 17:xx
2273,51010601002,2017/5/31 18:xx
2274,51010601002,2017/5/31 19:xx
2275,51010601002,2017/5/31 20:xx
2276,51010601002,2017/5/31 21:xx
2277,51010601002,2017/5/31 22:xx
2278,51010601002,2017/5/31 23:xx
2279,51010601002,2017/12/25 00:xx
2280,51010601002,2017/12/25 01:xx
2281,51010601002,2017/12/25 02:xx
2282,51010601002,2017/12/25 03:xx
2283,51010601002,2017/12/25 04:xx
2284,51010601002,2017/12/25 05:xx
2285,51010601002,2017/12/25 06:xx
2286,51010601002,2017/12/25 07:xx
2287,51010601002,2017/12/25 08:xx
2288,51010601002,2017/12/25 09:xx
2289,51010601002,2017/12/25 10:xx
2290,51010601002,2017/12/25 10:xx
2291,51010601002,2017/12/25 11:xx
2292,51010601002,2017/12/25 12:xx
2293,51010601002,2017/12/25 13:xx
2294,51010601002,2017/12/25 14:xx
2295,51010601002,2017/12/25 15:xx
2296,51010601002,2017/12/25 16:xx
2297,51010601002,2017/12/25 17:xx
2298,51010601002,2017/12/25 18:xx
2299,51010601002,2017/12/25 18:xx
2300,51010601002,2017/12/25 19:xx
2301,51010601002,2017/12/25 20:xx
2302,51010601002,2017/12/25 21:xx
2303,51010601002,2017/12/25 22:xx
2304,51010601002,2017/12/25 23:xx
2305,51010601002,2017/12/26 00:xx
2306,51010601002,2017/12/26 01:xx
2307,51010601002,2017/12/26 02:xx
2308,51010601002,2017/12/26 03:xx
2309,51010601002,2017/12/26 04:xx
2310,51010601002,2017/12/26 05:xx
2311,51010601002,2017/12/26 06:xx
2312,51010601002,2017/12/26 07:xx
2313,51010601002,2017/12/26 08:xx
2314,51010601002,2017/12/26 09:xx
2315,51010601002,2017/12/26 10:xx
2316,51010601002,2017/12/26 11:xx
2317,51010601002,2017/12/26 12:xx
2318,51010601002,2017/12/26 12:xx
2319,51010601002,2017/12/26 13:xx
2320,51010601002,2017/12/26 14:xx
2321,51010601002,2017/12/26 15:xx
2322,51010601002,2017/12/26 16:xx
2323,51010601002,2017/12/26 17:xx
2324,51010601002,2017/12/26 18:xx
2325,51010601002,2017/12/26 19:xx
2326,51010601002,2017/12/26 20:xx
2327,51010601002,2017/12/26 21:xx
2328,51010601002,2017/12/26 22:xx
2329,51010601002,2017/12/26 23:xx
2330,51010601002,2017/12/27 00:xx
2331,51010601002,2017/12/27 01:xx
2332,51010601002,2017/12/27 02:xx
2333,51010601002,2017/12/27 03:xx
2334,51010601002,2017/12/27 04:xx
2335,51010601002,2017/12/27 04:xx
2336,51010601002,2017/12/27 05:xx
2337,51010601002,2017/12/27 06:xx
2338,51010601002,2017/12/27 07:xx
2339,51010601002,2017/12/27 08:xx
2340,51010601002,2017/12/27 09:xx
2341,51010601002,2017/12/27 10:xx
2342,51010601002,2017/12/27 11:xx
2343,51010601002,2017/12/27 12:xx
2344,51010601002,2017/12/27 12:xx
2345,51010601002,2017/12/27 13:xx
2346,51010601002,2017/12/27 14:xx
2347,51010601002,2017/12/27 15:xx
2348,51010601002,2017/12/27 16:xx
2349,51010601002,2017/12/27 17:xx
2350,51010601002,2017/12/27 18:xx
2351,51010601002,2017/12/27 19:xx
2352,51010601002,2017/12/27 20:xx
2353,51010601002,2017/12/27 21:xx
2354,51010601002,2017/12/27 22:xx
2355,51010601002,2017/12/27 23:xx
2356,51010601002,2017/12/28 00:xx
2357,51010601002,2017/12/28 01:xx
2358,51010601002,2017/12/28 02:xx
2359,51010601002,2017/12/28 03:xx
2360,51010601002,2017/12/28 04:xx
2361,51010601002,2017/12/28 05:xx
2362,51010601002,2017/12/28 06:xx
2363,51010601002,2017/12/28 07:xx
2364,51010601002,2017/12/28 08:xx
2365,51010601002,2017/12/28 09:xx
2366,51010601002,2017/12/28 10:xx
2367,51010601002,2017/12/28 11:xx
2368,51010601002,2017/12/28 12:xx
2369,51010601002,2017/12/28 13:xx
2370,51010601002,2017/12/28 14:xx
2371,51010601002,2017/12/28 15:xx
2372,51010601002,2017/12/28 16:xx
2373,51010601002,2017/12/28 17:xx
2374,51010601002,2017/12/28 18:xx
2375,51010601002,2017/12/28 19:xx
2376,51010601002,2017/12/28 20:xx
2377,51010601002,2017/12/28 21:xx
2378,51010601002,2017/12/28 22:xx
2379,51010601002,2017/12/28 23:xx
2380,51010601002,2017/12/29 00:xx
2381,51010601002,2017/12/29 01:xx
2382,51010601002,2017/12/29 02:xx
2383,51010601002,2017/12/29 02:xx
2384,51010601002,2017/12/29 03:xx
2385,51010601002,2017/12/29 04:xx
2386,51010601002,2017/12/29 05:xx
2387,51010601002,2017/12/29 06:xx
2388,51010601002,2017/12/29 07:xx
2389,51010601002,2017/12/29 08:xx
2390,51010601002,2017/12/29 09:xx
2391,51010601002,2017/12/29 10:xx
2392,51010601002,2017/12/29 11:xx
2393,51010601002,2017/12/29 12:xx
2394,51010601002,2017/12/29 12:xx
2395,51010601002,2017/12/29 13:xx
2396,51010601002,2017/12/29 14:xx
2397,51010601002,2017/12/29 15:xx
2398,51010601002,2017/12/29 16:xx
2399,51010601002,2017/12/29 17:xx
2400,51010601002,2017/12/29 18:xx
2401,51010601002,2017/12/29 19:xx
2402,51010601002,2017/12/29 20:xx
2403,51010601002,2017/12/29 21:xx
2404,51010601002,2017/12/29 22:xx
2405,51010601002,2017/12/29 23:xx
2406,51010601002,2017/12/30 00:xx
2407,51010601002,2017/12/30 01:xx
2408,51010601002,2017/12/30 02:xx
2409,51010601002,2017/12/30 03:xx
2410,51010601002,2017/12/30 04:xx
2411,51010601002,2017/12/30 05:xx
2412,51010601002,2017/12/30 06:xx
2413,51010601002,2017/12/30 07:xx
2414,51010601002,2017/12/30 08:xx
2415,51010601002,2017/12/30 09:xx
2416,51010601002,2017/12/30 10:xx
2417,51010601002,2017/12/30 10:xx
2418,51010601002,2017/12/30 11:xx
2419,51010601002,2017/12/30 12:xx
2420,51010601002,2017/12/30 13:xx
2421,51010601002,2017/12/30 13:xx
2422,51010601002,2017/12/30 14:xx
2423,51010601002,2017/12/30 15:xx
2424,51010601002,2017/12/30 16:xx
2425,51010601002,2017/12/30 17:xx
2426,51010601002,2017/12/30 18:xx
2427,51010601002,2017/12/30 19:xx
2428,51010601002,2017/12/30 20:xx
2429,51010601002,2017/12/30 21:xx
2430,51010601002,2017/12/30 21:xx
2431,51010601002,2017/12/30 22:xx
2432,51010601002,2017/12/30 23:xx
2433,51010601002,2017/12/31 00:xx
2434,51010601002,2017/12/31 01:xx
2435,51010601002,2017/12/31 01:xx
2436,51010601002,2017/12/31 02:xx
2437,51010601002,2017/12/31 03:xx
2438,51010601002,2017/12/31 03:xx
2439,51010601002,2017/12/31 04:xx
2440,51010601002,2017/12/31 05:xx
2441,51010601002,2017/12/31 06:xx
2442,51010601002,2017/12/31 07:xx
2443,51010601002,2017/12/31 08:xx
2444,51010601002,2017/12/31 09:xx
2445,51010601002,2017/12/31 10:xx
2446,51010601002,2017/12/31 11:xx
2447,51010601002,2017/12/31 12:xx
2448,51010601002,2017/12/31 13:xx
2449,51010601002,2017/12/31 14:xx
2450,51010601002,2017/12/31 15:xx
2451,51010601002,2017/12/31 16:xx
2452,51010601002,2017/12/31 17:xx
2453,51010601002,2017/12/31 17:xx
2454,51010601002,2017/12/31 18:xx
2455,51010601002,2017/12/31 19:xx
2456,51010601002,2017/12/31 20:xx
2457,51010601002,2017/12/31 21:xx
2458,51010601002,2017/12/31 22:xx
2459,51010601002,2017/12/31 23:xx
2460,51010601002,2017/12/31 23:xx
2461,51011201004,2017/5/25 00:xx
2462,51011201004,2017/5/25 01:xx
2463,51011201004,2017/5/25 02:xx
2464,51011201004,2017/5/25 03:xx
2465,51011201004,2017/5/25 04:xx
2466,51011201004,2017/5/25 05:xx
2467,51011201004,2017/5/25 06:xx
2468,51011201004,2017/5/25 07:xx
2469,51011201004,2017/5/25 08:xx
2470,51011201004,2017/5/25 09:xx
2471,51011201004,2017/5/25 10:xx
2472,51011201004,2017/5/25 11:xx
2473,51011201004,2017/5/25 12:xx
2474,51011201004,2017/5/25 13:xx
2475,51011201004,2017/5/25 14:xx
2476,51011201004,2017/5/25 15:xx
2477,51011201004,2017/5/25 16:xx
2478,51011201004,2017/5/25 17:xx
2479,51011201004,2017/5/25 18:xx
2480,51011201004,2017/5/25 19:xx
2481,51011201004,2017/5/25 20:xx
2482,51011201004,2017/5/25 21:xx
2483,51011201004,2017/5/25 22:xx
2484,51011201004,2017/5/25 23:xx
2485,51011201004,2017/5/26 00:xx
2486,51011201004,2017/5/26 01:xx
2487,51011201004,2017/5/26 02:xx
2488,51011201004,2017/5/26 03:xx
2489,51011201004,2017/5/26 04:xx
2490,51011201004,2017/5/26 05:xx
2491,51011201004,2017/5/26 06:xx
2492,51011201004,2017/5/26 07:xx
2493,51011201004,2017/5/26 08:xx
2494,51011201004,2017/5/26 09:xx
2495,51011201004,2017/5/26 10:xx
2496,51011201004,2017/5/26 11:xx
2497,51011201004,2017/5/26 12:xx
2498,51011201004,2017/5/26 13:xx
2499,51011201004,2017/5/26 14:xx
2500,51011201004,2017/5/26 15:xx
2501,51011201004,2017/5/26 16:xx
2502,51011201004,2017/5/26 17:xx
2503,51011201004,2017/5/26 18:xx
2504,51011201004,2017/5/26 19:xx
2505,51011201004,2017/5/26 20:xx
2506,51011201004,2017/5/26 21:xx
2507,51011201004,2017/5/26 22:xx
2508,51011201004,2017/5/26 23:xx
2509,51011201004,2017/5/27 00:xx
2510,51011201004,2017/5/27 01:xx
2511,51011201004,2017/5/27 02:xx
2512,51011201004,2017/5/27 03:xx
2513,51011201004,2017/5/27 04:xx
2514,51011201004,2017/5/27 05:xx
2515,51011201004,2017/5/27 06:xx
2516,51011201004,2017/5/27 07:xx
2517,51011201004,2017/5/27 08:xx
2518,51011201004,2017/5/27 09:xx
2519,51011201004,2017/5/27 10:xx
2520,51011201004,2017/5/27 11:xx
2521,51011201004,2017/5/27 12:xx
2522,51011201004,2017/5/27 13:xx
2523,51011201004,2017/5/27 14:xx
2524,51011201004,2017/5/27 15:xx
2525,51011201004,2017/5/27 16:xx
2526,51011201004,2017/5/27 17:xx
2527,51011201004,2017/5/27 18:xx
2528,51011201004,2017/5/27 19:xx
2529,51011201004,2017/5/27 20:xx
2530,51011201004,2017/5/27 21:xx
2531,51011201004,2017/5/27 22:xx
2532,51011201004,2017/5/27 23:xx
2533,51011201004,2017/5/28 00:xx
2534,51011201004,2017/5/28 01:xx
2535,51011201004,2017/5/28 02:xx
2536,51011201004,2017/5/28 03:xx
2537,51011201004,2017/5/28 04:xx
2538,51011201004,2017/5/28 05:xx
2539,51011201004,2017/5/28 06:xx
2540,51011201004,2017/5/28 07:xx
2541,51011201004,2017/5/28 08:xx
2542,51011201004,2017/5/28 09:xx
2543,51011201004,2017/5/28 10:xx
2544,51011201004,2017/5/28 11:xx
2545,51011201004,2017/5/28 12:xx
2546,51011201004,2017/5/28 13:xx
2547,51011201004,2017/5/28 14:xx
2548,51011201004,2017/5/28 15:xx
2549,51011201004,2017/5/28 16:xx
2550,51011201004,2017/5/28 17:xx
2551,51011201004,2017/5/28 18:xx
2552,51011201004,2017/5/28 19:xx
2553,51011201004,2017/5/28 20:xx
2554,51011201004,2017/5/28 21:xx
2555,51011201004,2017/5/28 22:xx
2556,51011201004,2017/5/28 23:xx
2557,51011201004,2017/5/29 00:xx
2558,51011201004,2017/5/29 01:xx
2559,51011201004,2017/5/29 02:xx
2560,51011201004,2017/5/29 03:xx
2561,51011201004,2017/5/29 04:xx
2562,51011201004,2017/5/29 05:xx
2563,51011201004,2017/5/29 06:xx
2564,51011201004,2017/5/29 07:xx
2565,51011201004,2017/5/29 08:xx
2566,51011201004,2017/5/29 09:xx
2567,51011201004,2017/5/29 10:xx
2568,51011201004,2017/5/29 11:xx
2569,51011201004,2017/5/29 12:xx
2570,51011201004,2017/5/29 13:xx
2571,51011201004,2017/5/29 14:xx
2572,51011201004,2017/5/29 15:xx
2573,51011201004,2017/5/29 16:xx
2574,51011201004,2017/5/29 17:xx
2575,51011201004,2017/5/29 18:xx
2576,51011201004,2017/5/29 19:xx
2577,51011201004,2017/5/29 20:xx
2578,51011201004,2017/5/29 21:xx
2579,51011201004,2017/5/29 22:xx
2580,51011201004,2017/5/29 23:xx
2581,51011201004,2017/5/30 00:xx
2582,51011201004,2017/5/30 01:xx
2583,51011201004,2017/5/30 02:xx
2584,51011201004,2017/5/30 03:xx
2585,51011201004,2017/5/30 04:xx
2586,51011201004,2017/5/30 05:xx
2587,51011201004,2017/5/30 06:xx
2588,51011201004,2017/5/30 07:xx
2589,51011201004,2017/5/30 08:xx
2590,51011201004,2017/5/30 09:xx
2591,51011201004,2017/5/30 10:xx
2592,51011201004,2017/5/30 11:xx
2593,51011201004,2017/5/30 12:xx
2594,51011201004,2017/5/30 13:xx
2595,51011201004,2017/5/30 14:xx
2596,51011201004,2017/5/30 15:xx
2597,51011201004,2017/5/30 16:xx
2598,51011201004,2017/5/30 17:xx
2599,51011201004,2017/5/30 18:xx
2600,51011201004,2017/5/30 19:xx
2601,51011201004,2017/5/30 20:xx
2602,51011201004,2017/5/30 21:xx
2603,51011201004,2017/5/30 22:xx
2604,51011201004,2017/5/30 23:xx
2605,51011201004,2017/5/31 00:xx
2606,51011201004,2017/5/31 01:xx
2607,51011201004,2017/5/31 02:xx
2608,51011201004,2017/5/31 03:xx
2609,51011201004,2017/5/31 04:xx
2610,51011201004,2017/5/31 05:xx
2611,51011201004,2017/5/31 06:xx
2612,51011201004,2017/5/31 07:xx
2613,51011201004,2017/5/31 08:xx
2614,51011201004,2017/5/31 09:xx
2615,51011201004,2017/5/31 10:xx
2616,51011201004,2017/5/31 11:xx
2617,51011201004,2017/5/31 12:xx
2618,51011201004,2017/5/31 13:xx
2619,51011201004,2017/5/31 14:xx
2620,51011201004,2017/5/31 15:xx
2621,51011201004,2017/5/31 16:xx
2622,51011201004,2017/5/31 17:xx
2623,51011201004,2017/5/31 18:xx
2624,51011201004,2017/5/31 19:xx
2625,51011201004,2017/5/31 20:xx
2626,51011201004,2017/5/31 21:xx
2627,51011201004,2017/5/31 22:xx
2628,51011201004,2017/5/31 23:xx
2629,51011201004,2017/12/25 00:xx
2630,51011201004,2017/12/25 01:xx
2631,51011201004,2017/12/25 02:xx
2632,51011201004,2017/12/25 03:xx
2633,51011201004,2017/12/25 04:xx
2634,51011201004,2017/12/25 05:xx
2635,51011201004,2017/12/25 06:xx
2636,51011201004,2017/12/25 07:xx
2637,51011201004,2017/12/25 08:xx
2638,51011201004,2017/12/25 09:xx
2639,51011201004,2017/12/25 10:xx
2640,51011201004,2017/12/25 10:xx
2641,51011201004,2017/12/25 11:xx
2642,51011201004,2017/12/25 12:xx
2643,51011201004,2017/12/25 13:xx
2644,51011201004,2017/12/25 14:xx
2645,51011201004,2017/12/25 15:xx
2646,51011201004,2017/12/25 16:xx
2647,51011201004,2017/12/25 17:xx
2648,51011201004,2017/12/25 18:xx
2649,51011201004,2017/12/25 18:xx
2650,51011201004,2017/12/25 19:xx
2651,51011201004,2017/12/25 20:xx
2652,51011201004,2017/12/25 21:xx
2653,51011201004,2017/12/25 22:xx
2654,51011201004,2017/12/25 23:xx
2655,51011201004,2017/12/26 00:xx
2656,51011201004,2017/12/26 01:xx
2657,51011201004,2017/12/26 02:xx
2658,51011201004,2017/12/26 03:xx
2659,51011201004,2017/12/26 04:xx
2660,51011201004,2017/12/26 05:xx
2661,51011201004,2017/12/26 06:xx
2662,51011201004,2017/12/26 07:xx
2663,51011201004,2017/12/26 08:xx
2664,51011201004,2017/12/26 09:xx
2665,51011201004,2017/12/26 10:xx
2666,51011201004,2017/12/26 11:xx
2667,51011201004,2017/12/26 12:xx
2668,51011201004,2017/12/26 12:xx
2669,51011201004,2017/12/26 13:xx
2670,51011201004,2017/12/26 14:xx
2671,51011201004,2017/12/26 15:xx
2672,51011201004,2017/12/26 16:xx
2673,51011201004,2017/12/26 17:xx
2674,51011201004,2017/12/26 18:xx
2675,51011201004,2017/12/26 19:xx
2676,51011201004,2017/12/26 20:xx
2677,51011201004,2017/12/26 21:xx
2678,51011201004,2017/12/26 22:xx
2679,51011201004,2017/12/26 23:xx
2680,51011201004,2017/12/27 00:xx
2681,51011201004,2017/12/27 01:xx
2682,51011201004,2017/12/27 02:xx
2683,51011201004,2017/12/27 03:xx
2684,51011201004,2017/12/27 04:xx
2685,51011201004,2017/12/27 04:xx
2686,51011201004,2017/12/27 05:xx
2687,51011201004,2017/12/27 06:xx
2688,51011201004,2017/12/27 07:xx
2689,51011201004,2017/12/27 08:xx
2690,51011201004,2017/12/27 09:xx
2691,51011201004,2017/12/27 10:xx
2692,51011201004,2017/12/27 11:xx
2693,51011201004,2017/12/27 12:xx
2694,51011201004,2017/12/27 12:xx
2695,51011201004,2017/12/27 13:xx
2696,51011201004,2017/12/27 14:xx
2697,51011201004,2017/12/27 15:xx
2698,51011201004,2017/12/27 16:xx
2699,51011201004,2017/12/27 17:xx
2700,51011201004,2017/12/27 18:xx
2701,51011201004,2017/12/27 19:xx
2702,51011201004,2017/12/27 20:xx
2703,51011201004,2017/12/27 21:xx
2704,51011201004,2017/12/27 22:xx
2705,51011201004,2017/12/27 23:xx
2706,51011201004,2017/12/28 00:xx
2707,51011201004,2017/12/28 01:xx
2708,51011201004,2017/12/28 02:xx
2709,51011201004,2017/12/28 03:xx
2710,51011201004,2017/12/28 04:xx
2711,51011201004,2017/12/28 05:xx
2712,51011201004,2017/12/28 06:xx
2713,51011201004,2017/12/28 07:xx
2714,51011201004,2017/12/28 08:xx
2715,51011201004,2017/12/28 09:xx
2716,51011201004,2017/12/28 10:xx
2717,51011201004,2017/12/28 11:xx
2718,51011201004,2017/12/28 12:xx
2719,51011201004,2017/12/28 13:xx
2720,51011201004,2017/12/28 14:xx
2721,51011201004,2017/12/28 15:xx
2722,51011201004,2017/12/28 16:xx
2723,51011201004,2017/12/28 17:xx
2724,51011201004,2017/12/28 18:xx
2725,51011201004,2017/12/28 19:xx
2726,51011201004,2017/12/28 20:xx
2727,51011201004,2017/12/28 21:xx
2728,51011201004,2017/12/28 22:xx
2729,51011201004,2017/12/28 23:xx
2730,51011201004,2017/12/28 23:xx
2731,51011201004,2017/12/29 00:xx
2732,51011201004,2017/12/29 01:xx
2733,51011201004,2017/12/29 02:xx
2734,51011201004,2017/12/29 02:xx
2735,51011201004,2017/12/29 03:xx
2736,51011201004,2017/12/29 04:xx
2737,51011201004,2017/12/29 05:xx
2738,51011201004,2017/12/29 06:xx
2739,51011201004,2017/12/29 07:xx
2740,51011201004,2017/12/29 08:xx
2741,51011201004,2017/12/29 09:xx
2742,51011201004,2017/12/29 10:xx
2743,51011201004,2017/12/29 11:xx
2744,51011201004,2017/12/29 12:xx
2745,51011201004,2017/12/29 12:xx
2746,51011201004,2017/12/29 13:xx
2747,51011201004,2017/12/29 14:xx
2748,51011201004,2017/12/29 15:xx
2749,51011201004,2017/12/29 16:xx
2750,51011201004,2017/12/29 17:xx
2751,51011201004,2017/12/29 18:xx
2752,51011201004,2017/12/29 19:xx
2753,51011201004,2017/12/29 20:xx
2754,51011201004,2017/12/29 21:xx
2755,51011201004,2017/12/29 22:xx
2756,51011201004,2017/12/29 22:xx
2757,51011201004,2017/12/29 23:xx
2758,51011201004,2017/12/30 00:xx
2759,51011201004,2017/12/30 01:xx
2760,51011201004,2017/12/30 02:xx
2761,51011201004,2017/12/30 03:xx
2762,51011201004,2017/12/30 04:xx
2763,51011201004,2017/12/30 05:xx
2764,51011201004,2017/12/30 06:xx
2765,51011201004,2017/12/30 07:xx
2766,51011201004,2017/12/30 08:xx
2767,51011201004,2017/12/30 09:xx
2768,51011201004,2017/12/30 10:xx
2769,51011201004,2017/12/30 11:xx
2770,51011201004,2017/12/30 11:xx
2771,51011201004,2017/12/30 12:xx
2772,51011201004,2017/12/30 13:xx
2773,51011201004,2017/12/30 13:xx
2774,51011201004,2017/12/30 14:xx
2775,51011201004,2017/12/30 15:xx
2776,51011201004,2017/12/30 16:xx
2777,51011201004,2017/12/30 17:xx
2778,51011201004,2017/12/30 18:xx
2779,51011201004,2017/12/30 19:xx
2780,51011201004,2017/12/30 20:xx
2781,51011201004,2017/12/30 21:xx
2782,51011201004,2017/12/30 21:xx
2783,51011201004,2017/12/30 22:xx
2784,51011201004,2017/12/30 23:xx
2785,51011201004,2017/12/30 23:xx
2786,51011201004,2017/12/31 00:xx
2787,51011201004,2017/12/31 01:xx
2788,51011201004,2017/12/31 01:xx
2789,51011201004,2017/12/31 02:xx
2790,51011201004,2017/12/31 03:xx
2791,51011201004,2017/12/31 03:xx
2792,51011201004,2017/12/31 04:xx
2793,51011201004,2017/12/31 05:xx
2794,51011201004,2017/12/31 06:xx
2795,51011201004,2017/12/31 07:xx
2796,51011201004,2017/12/31 08:xx
2797,51011201004,2017/12/31 08:xx
2798,51011201004,2017/12/31 09:xx
2799,51011201004,2017/12/31 10:xx
2800,51011201004,2017/12/31 11:xx
2801,51011201004,2017/12/31 12:xx
2802,51011201004,2017/12/31 13:xx
2803,51011201004,2017/12/31 14:xx
2804,51011201004,2017/12/31 15:xx
2805,51011201004,2017/12/31 16:xx
2806,51011201004,2017/12/31 17:xx
2807,51011201004,2017/12/31 18:xx
2808,51011201004,2017/12/31 19:xx
2809,51011201004,2017/12/31 20:xx
2810,51011201004,2017/12/31 20:xx
2811,51011201004,2017/12/31 21:xx
2812,51011201004,2017/12/31 22:xx
2813,51011201004,2017/12/31 23:xx
2814,51011201004,2017/12/31 23:xx
