[{"x": 13652, "y": 1954, "w": 12747, "h": 9723, "class": "roi"}, {"x": 22297, "y": 3846, "w": 94, "h": 70, "class": "pos"}, {"x": 22114, "y": 3820, "w": 59, "h": 60, "class": "pos"}, {"x": 21241, "y": 3639, "w": 126, "h": 189, "class": "pos"}, {"x": 20307, "y": 3742, "w": 70, "h": 87, "class": "pos"}, {"x": 25387, "y": 6530, "w": 99, "h": 152, "class": "pos"}, {"x": 25283, "y": 7680, "w": 153, "h": 162, "class": "pos"}, {"x": 23718, "y": 8179, "w": 150, "h": 219, "class": "pos"}, {"x": 20024, "y": 8504, "w": 144, "h": 109, "class": "pos"}, {"x": 14593, "y": 10212, "w": 264, "h": 154, "class": "pos"}, {"x": 21838, "y": 11256, "w": 109, "h": 136, "class": "pos"}]