[{"x": 7858, "y": 8195, "w": 165, "h": 148, "class": "pos"}, {"x": 8174, "y": 7840, "w": 90, "h": 107, "class": "pos"}, {"x": 6357, "y": 5511, "w": 4048, "h": 4398, "class": "roi"}, {"x": 6760, "y": 8560, "w": 46, "h": 30, "class": "pos"}, {"x": 6361, "y": 8870, "w": 41, "h": 55, "class": "pos"}, {"x": 9545, "y": 8331, "w": 48, "h": 74, "class": "pos"}, {"x": 8000, "y": 8369, "w": 43, "h": 90, "class": "pos"}, {"x": 10128, "y": 6127, "w": 224, "h": 163, "class": "pos"}, {"x": 8906, "y": 6061, "w": 44, "h": 33, "class": "pos"}, {"x": 8790, "y": 5768, "w": 164, "h": 139, "class": "pos"}, {"x": 7694, "y": 6085, "w": 101, "h": 107, "class": "pos"}, {"x": 6784, "y": 6446, "w": 171, "h": 150, "class": "pos"}, {"x": 6945, "y": 6621, "w": 111, "h": 181, "class": "pos"}, {"x": 18319, "y": 7521, "w": 86, "h": 78, "class": "pos"}, {"x": 18147, "y": 8243, "w": 218, "h": 238, "class": "pos"}, {"x": 16602, "y": 6280, "w": 3900, "h": 3295, "class": "roi"}, {"x": 19727, "y": 8098, "w": 168, "h": 172, "class": "pos"}, {"x": 20238, "y": 7516, "w": 75, "h": 124, "class": "pos"}, {"x": 19387, "y": 6994, "w": 77, "h": 55, "class": "pos"}, {"x": 19142, "y": 6630, "w": 61, "h": 60, "class": "pos"}, {"x": 19290, "y": 6598, "w": 76, "h": 66, "class": "pos"}, {"x": 18239, "y": 6920, "w": 50, "h": 57, "class": "pos"}, {"x": 17995, "y": 6868, "w": 68, "h": 50, "class": "pos"}, {"x": 17080, "y": 7204, "w": 64, "h": 55, "class": "pos"}, {"x": 16829, "y": 7642, "w": 214, "h": 170, "class": "pos"}, {"x": 17143, "y": 8052, "w": 39, "h": 37, "class": "pos"}]