[{"x": 27891, "y": 2280, "w": 4102, "h": 2792, "class": "roi"}, {"x": 28253, "y": 3519, "w": 197, "h": 290, "class": "pos"}, {"x": 31750, "y": 4186, "w": 138, "h": 68, "class": "pos"}, {"x": 18379, "y": 3327, "w": 4595, "h": 3780, "class": "roi"}, {"x": 33328, "y": 7108, "w": 3780, "h": 3315, "class": "roi"}, {"x": 40366, "y": 6003, "w": 3490, "h": 3141, "class": "roi"}, {"x": 40891, "y": 7068, "w": 225, "h": 227, "class": "pos"}, {"x": 40815, "y": 7440, "w": 102, "h": 312, "class": "pos"}, {"x": 42785, "y": 8879, "w": 60, "h": 69, "class": "pos"}, {"x": 36585, "y": 9684, "w": 132, "h": 115, "class": "pos"}, {"x": 33486, "y": 8714, "w": 334, "h": 300, "class": "pos"}, {"x": 19216, "y": 6684, "w": 90, "h": 102, "class": "pos"}, {"x": 20756, "y": 6692, "w": 273, "h": 365, "class": "pos"}, {"x": 20700, "y": 5143, "w": 165, "h": 193, "class": "pos"}, {"x": 19350, "y": 4041, "w": 199, "h": 119, "class": "pos"}, {"x": 33489, "y": 9012, "w": 303, "h": 326, "class": "pos"}]