[{"x": 35721, "y": 7047, "w": 163, "h": 179, "class": "pos"}, {"x": 35203, "y": 7237, "w": 163, "h": 294, "class": "pos"}, {"x": 34847, "y": 7803, "w": 157, "h": 126, "class": "pos"}, {"x": 35888, "y": 7498, "w": 75, "h": 132, "class": "pos"}, {"x": 29582, "y": 3026, "w": 6570, "h": 5402, "class": "roi"}, {"x": 33015, "y": 8239, "w": 100, "h": 97, "class": "pos"}, {"x": 32268, "y": 7805, "w": 127, "h": 110, "class": "pos"}, {"x": 30523, "y": 7590, "w": 125, "h": 109, "class": "pos"}, {"x": 33904, "y": 6224, "w": 199, "h": 164, "class": "pos"}, {"x": 30909, "y": 6552, "w": 102, "h": 70, "class": "pos"}, {"x": 36010, "y": 5653, "w": 96, "h": 58, "class": "pos"}, {"x": 32405, "y": 4813, "w": 101, "h": 99, "class": "pos"}, {"x": 32701, "y": 3732, "w": 41, "h": 108, "class": "pos"}, {"x": 29807, "y": 3117, "w": 46, "h": 87, "class": "pos"}, {"x": 32737, "y": 13296, "w": 165, "h": 173, "class": "pos"}, {"x": 25843, "y": 9096, "w": 7358, "h": 6611, "class": "roi"}, {"x": 26976, "y": 9933, "w": 120, "h": 71, "class": "pos"}, {"x": 29450, "y": 10264, "w": 187, "h": 133, "class": "pos"}, {"x": 28936, "y": 10676, "w": 79, "h": 73, "class": "pos"}, {"x": 30306, "y": 10425, "w": 160, "h": 102, "class": "pos"}, {"x": 32287, "y": 9176, "w": 85, "h": 49, "class": "pos"}, {"x": 32433, "y": 9211, "w": 196, "h": 148, "class": "pos"}, {"x": 26564, "y": 10793, "w": 175, "h": 154, "class": "pos"}, {"x": 32249, "y": 12669, "w": 250, "h": 193, "class": "pos"}, {"x": 30690, "y": 13797, "w": 129, "h": 153, "class": "pos"}, {"x": 30228, "y": 12899, "w": 144, "h": 54, "class": "pos"}, {"x": 27749, "y": 12203, "w": 54, "h": 119, "class": "pos"}, {"x": 32376, "y": 32255, "w": 271, "h": 215, "class": "pos"}, {"x": 24747, "y": 25605, "w": 8075, "h": 7208, "class": "roi"}, {"x": 27746, "y": 25733, "w": 188, "h": 105, "class": "pos"}, {"x": 32292, "y": 26088, "w": 399, "h": 332, "class": "pos"}, {"x": 32190, "y": 27753, "w": 191, "h": 87, "class": "pos"}, {"x": 28418, "y": 28139, "w": 129, "h": 84, "class": "pos"}, {"x": 27528, "y": 27690, "w": 193, "h": 196, "class": "pos"}, {"x": 26175, "y": 27583, "w": 112, "h": 76, "class": "pos"}, {"x": 27768, "y": 29435, "w": 184, "h": 115, "class": "pos"}, {"x": 26304, "y": 31904, "w": 62, "h": 112, "class": "pos"}]