[{"x": 2921, "y": 27598, "w": 285, "h": 148, "class": "pos"}, {"x": 2393, "y": 26456, "w": 4322, "h": 3685, "class": "roi"}, {"x": 20736, "y": 4277, "w": 8872, "h": 8872, "class": "roi"}, {"x": 22171, "y": 4494, "w": 156, "h": 140, "class": "pos"}, {"x": 26181, "y": 10105, "w": 178, "h": 180, "class": "pos"}, {"x": 15702, "y": 34421, "w": 9953, "h": 8076, "class": "roi"}, {"x": 22098, "y": 36273, "w": 211, "h": 233, "class": "pos"}, {"x": 18746, "y": 36321, "w": 168, "h": 207, "class": "pos"}, {"x": 16279, "y": 36453, "w": 82, "h": 102, "class": "pos"}, {"x": 16059, "y": 36269, "w": 145, "h": 57, "class": "pos"}]