[{"x": 22759, "y": 33124, "w": 77, "h": 97, "class": "pos"}, {"x": 17447, "y": 32097, "w": 6930, "h": 5032, "class": "roi"}, {"x": 22083, "y": 27427, "w": 181, "h": 236, "class": "pos"}, {"x": 16488, "y": 26841, "w": 6109, "h": 4763, "class": "roi"}, {"x": 22537, "y": 21760, "w": 243, "h": 194, "class": "pos"}, {"x": 17460, "y": 20990, "w": 5970, "h": 4423, "class": "roi"}, {"x": 21685, "y": 22457, "w": 166, "h": 250, "class": "pos"}, {"x": 38943, "y": 28608, "w": 109, "h": 167, "class": "pos"}, {"x": 31775, "y": 24129, "w": 7658, "h": 5890, "class": "roi"}, {"x": 7541, "y": 30095, "w": 111, "h": 112, "class": "pos"}, {"x": 5186, "y": 26447, "w": 6351, "h": 4622, "class": "roi"}, {"x": 24467, "y": 38462, "w": 3184, "h": 2930, "class": "roi"}, {"x": 26432, "y": 39903, "w": 147, "h": 107, "class": "pos"}]