[{"x": 7946, "y": 8017, "w": 59, "h": 46, "class": "pos"}, {"x": 7812, "y": 8258, "w": 44, "h": 51, "class": "pos"}, {"x": 6963, "y": 7479, "w": 3386, "h": 3210, "class": "roi"}, {"x": 20081, "y": 7734, "w": 70, "h": 85, "class": "pos"}, {"x": 18472, "y": 7048, "w": 3323, "h": 3332, "class": "roi"}, {"x": 18809, "y": 8040, "w": 84, "h": 76, "class": "pos"}, {"x": 20128, "y": 8938, "w": 101, "h": 125, "class": "pos"}, {"x": 14694, "y": 19643, "w": 137, "h": 133, "class": "pos"}, {"x": 13871, "y": 19774, "w": 66, "h": 74, "class": "pos"}, {"x": 12376, "y": 18369, "w": 3593, "h": 3117, "class": "roi"}, {"x": 12844, "y": 21279, "w": 50, "h": 47, "class": "pos"}, {"x": 12899, "y": 21135, "w": 36, "h": 20, "class": "pos"}, {"x": 12565, "y": 21339, "w": 97, "h": 111, "class": "pos"}, {"x": 12798, "y": 21338, "w": 48, "h": 42, "class": "pos"}]