[{"x": 9371, "y": 4628, "w": 4591, "h": 3759, "class": "roi"}, {"x": 12393, "y": 6306, "w": 78, "h": 107, "class": "pos"}, {"x": 1323, "y": 12236, "w": 4519, "h": 3575, "class": "roi"}, {"x": 2503, "y": 13211, "w": 309, "h": 258, "class": "pos"}, {"x": 4525, "y": 15067, "w": 195, "h": 143, "class": "pos"}, {"x": 3122, "y": 16577, "w": 3790, "h": 3555, "class": "roi"}, {"x": 4506, "y": 18121, "w": 88, "h": 117, "class": "pos"}, {"x": 16587, "y": 18171, "w": 3895, "h": 3823, "class": "roi"}, {"x": 17925, "y": 19236, "w": 118, "h": 140, "class": "pos"}, {"x": 17554, "y": 18351, "w": 89, "h": 105, "class": "pos"}]