[{"x": 3811, "y": 28288, "w": 214, "h": 189, "class": "pos"}, {"x": 3387, "y": 28290, "w": 181, "h": 144, "class": "pos"}, {"x": 4282, "y": 29487, "w": 119, "h": 132, "class": "pos"}, {"x": 3828, "y": 30295, "w": 258, "h": 483, "class": "pos"}, {"x": 2809, "y": 27901, "w": 3962, "h": 3530, "class": "roi"}, {"x": 6242, "y": 28463, "w": 213, "h": 292, "class": "pos"}, {"x": 7989, "y": 21277, "w": 199, "h": 133, "class": "pos"}, {"x": 6291, "y": 19715, "w": 5247, "h": 3935, "class": "roi"}, {"x": 8730, "y": 22853, "w": 66, "h": 76, "class": "pos"}, {"x": 9002, "y": 22867, "w": 237, "h": 196, "class": "pos"}, {"x": 10470, "y": 23134, "w": 75, "h": 80, "class": "pos"}, {"x": 10380, "y": 21654, "w": 261, "h": 379, "class": "pos"}, {"x": 6581, "y": 21515, "w": 181, "h": 211, "class": "pos"}, {"x": 6714, "y": 21265, "w": 226, "h": 140, "class": "pos"}, {"x": 11257, "y": 20740, "w": 135, "h": 194, "class": "pos"}, {"x": 9816, "y": 19919, "w": 228, "h": 299, "class": "pos"}, {"x": 10200, "y": 20052, "w": 148, "h": 96, "class": "pos"}, {"x": 16967, "y": 35604, "w": 298, "h": 364, "class": "pos"}, {"x": 14925, "y": 34957, "w": 4071, "h": 4304, "class": "roi"}, {"x": 15615, "y": 37711, "w": 343, "h": 293, "class": "pos"}]