[{"x": 24461, "y": 2072, "w": 176, "h": 215, "class": "pos"}, {"x": 23295, "y": 1324, "w": 4511, "h": 4665, "class": "roi"}, {"x": 24872, "y": 5476, "w": 112, "h": 110, "class": "pos"}, {"x": 24709, "y": 4661, "w": 226, "h": 177, "class": "pos"}, {"x": 24084, "y": 1407, "w": 179, "h": 134, "class": "pos"}, {"x": 24581, "y": 2394, "w": 164, "h": 132, "class": "pos"}, {"x": 29133, "y": 19248, "w": 5483, "h": 5073, "class": "roi"}, {"x": 31753, "y": 19284, "w": 201, "h": 122, "class": "pos"}, {"x": 32575, "y": 20119, "w": 284, "h": 188, "class": "pos"}, {"x": 34252, "y": 21804, "w": 195, "h": 328, "class": "pos"}, {"x": 34265, "y": 24042, "w": 163, "h": 120, "class": "pos"}, {"x": 31632, "y": 22518, "w": 141, "h": 145, "class": "pos"}, {"x": 32381, "y": 20932, "w": 158, "h": 83, "class": "pos"}, {"x": 32060, "y": 21199, "w": 180, "h": 122, "class": "pos"}, {"x": 32087, "y": 21485, "w": 82, "h": 94, "class": "pos"}, {"x": 30623, "y": 21457, "w": 147, "h": 101, "class": "pos"}, {"x": 30694, "y": 22286, "w": 122, "h": 125, "class": "pos"}, {"x": 5004, "y": 17723, "w": 5934, "h": 5991, "class": "roi"}, {"x": 5306, "y": 22259, "w": 120, "h": 212, "class": "pos"}, {"x": 6016, "y": 23304, "w": 187, "h": 158, "class": "pos"}, {"x": 9031, "y": 23217, "w": 319, "h": 207, "class": "pos"}, {"x": 6339, "y": 21833, "w": 91, "h": 148, "class": "pos"}, {"x": 5326, "y": 21090, "w": 117, "h": 140, "class": "pos"}, {"x": 6856, "y": 21273, "w": 260, "h": 166, "class": "pos"}, {"x": 18012, "y": 34569, "w": 6654, "h": 4927, "class": "roi"}, {"x": 20209, "y": 38243, "w": 224, "h": 244, "class": "pos"}, {"x": 18202, "y": 38416, "w": 61, "h": 50, "class": "pos"}, {"x": 18227, "y": 37960, "w": 108, "h": 110, "class": "pos"}, {"x": 18618, "y": 37573, "w": 97, "h": 133, "class": "pos"}, {"x": 22280, "y": 36601, "w": 199, "h": 172, "class": "pos"}, {"x": 23750, "y": 35025, "w": 158, "h": 151, "class": "pos"}]