[{"x": 12895, "y": 4436, "w": 8144, "h": 7152, "class": "roi"}, {"x": 14561, "y": 5826, "w": 44, "h": 51, "class": "pos"}, {"x": 13597, "y": 4716, "w": 103, "h": 116, "class": "pos"}, {"x": 16045, "y": 6608, "w": 228, "h": 209, "class": "pos"}, {"x": 19160, "y": 6385, "w": 121, "h": 131, "class": "pos"}, {"x": 19444, "y": 4687, "w": 81, "h": 81, "class": "pos"}, {"x": 20658, "y": 7354, "w": 152, "h": 155, "class": "pos"}, {"x": 15653, "y": 8318, "w": 137, "h": 97, "class": "pos"}, {"x": 16210, "y": 8043, "w": 55, "h": 48, "class": "pos"}, {"x": 14082, "y": 10651, "w": 193, "h": 227, "class": "pos"}, {"x": 14883, "y": 10802, "w": 93, "h": 140, "class": "pos"}, {"x": 18311, "y": 11111, "w": 169, "h": 154, "class": "pos"}, {"x": 19801, "y": 10129, "w": 141, "h": 157, "class": "pos"}, {"x": 17559, "y": 9855, "w": 159, "h": 249, "class": "pos"}, {"x": 14565, "y": 20547, "w": 3682, "h": 3746, "class": "roi"}, {"x": 17798, "y": 22336, "w": 103, "h": 112, "class": "pos"}]