[{"x": 7893, "y": 3955, "w": 2805, "h": 2696, "class": "roi"}, {"x": 8675, "y": 5073, "w": 108, "h": 166, "class": "pos"}, {"x": 14463, "y": 6009, "w": 3464, "h": 2722, "class": "roi"}, {"x": 16820, "y": 8185, "w": 156, "h": 176, "class": "pos"}, {"x": 15528, "y": 10660, "w": 3252, "h": 3243, "class": "roi"}, {"x": 17992, "y": 11088, "w": 116, "h": 235, "class": "pos"}, {"x": 6845, "y": 15989, "w": 3409, "h": 2612, "class": "roi"}, {"x": 7090, "y": 17848, "w": 477, "h": 428, "class": "pos"}, {"x": 10654, "y": 20333, "w": 4209, "h": 3298, "class": "roi"}, {"x": 10819, "y": 22887, "w": 307, "h": 350, "class": "pos"}]