[{"x": 25998, "y": 5361, "w": 4232, "h": 4426, "class": "roi"}, {"x": 4892, "y": 15944, "w": 5173, "h": 5126, "class": "roi"}, {"x": 34240, "y": 31088, "w": 4703, "h": 4562, "class": "roi"}, {"x": 26695, "y": 5972, "w": 149, "h": 153, "class": "pos"}, {"x": 26168, "y": 6287, "w": 97, "h": 63, "class": "pos"}, {"x": 29416, "y": 8477, "w": 65, "h": 67, "class": "pos"}, {"x": 29940, "y": 9272, "w": 71, "h": 68, "class": "pos"}, {"x": 29600, "y": 9225, "w": 131, "h": 67, "class": "pos"}, {"x": 26576, "y": 8720, "w": 43, "h": 55, "class": "pos"}, {"x": 5646, "y": 17621, "w": 113, "h": 121, "class": "pos"}, {"x": 5962, "y": 16695, "w": 117, "h": 117, "class": "pos"}, {"x": 7096, "y": 17193, "w": 194, "h": 187, "class": "pos"}, {"x": 8616, "y": 18939, "w": 70, "h": 61, "class": "pos"}, {"x": 8588, "y": 18872, "w": 76, "h": 31, "class": "pos"}, {"x": 8543, "y": 18781, "w": 56, "h": 50, "class": "pos"}, {"x": 8530, "y": 18850, "w": 40, "h": 64, "class": "pos"}, {"x": 8383, "y": 18800, "w": 72, "h": 83, "class": "pos"}, {"x": 9904, "y": 19774, "w": 129, "h": 161, "class": "pos"}, {"x": 9334, "y": 19540, "w": 171, "h": 93, "class": "pos"}, {"x": 38481, "y": 31487, "w": 82, "h": 87, "class": "pos"}, {"x": 37419, "y": 32599, "w": 125, "h": 159, "class": "pos"}, {"x": 37251, "y": 33161, "w": 257, "h": 259, "class": "pos"}, {"x": 34929, "y": 34624, "w": 50, "h": 55, "class": "pos"}]