[{"x": 14109, "y": 4111, "w": 3365, "h": 3231, "class": "roi"}, {"x": 14821, "y": 4813, "w": 70, "h": 77, "class": "pos"}, {"x": 25574, "y": 11875, "w": 3363, "h": 3473, "class": "roi"}, {"x": 27873, "y": 13779, "w": 61, "h": 95, "class": "pos"}, {"x": 15651, "y": 18967, "w": 3200, "h": 3437, "class": "roi"}, {"x": 16758, "y": 20573, "w": 74, "h": 67, "class": "pos"}, {"x": 39261, "y": 20936, "w": 3116, "h": 3220, "class": "roi"}, {"x": 40541, "y": 21794, "w": 81, "h": 46, "class": "pos"}, {"x": 43035, "y": 21164, "w": 3397, "h": 3555, "class": "roi"}, {"x": 45296, "y": 21932, "w": 166, "h": 183, "class": "pos"}]