[{"x": 20090, "y": 11634, "w": 5356, "h": 5906, "class": "roi"}, {"x": 9953, "y": 26379, "w": 7026, "h": 6163, "class": "roi"}, {"x": 22806, "y": 12685, "w": 187, "h": 201, "class": "pos"}, {"x": 22253, "y": 13247, "w": 533, "h": 375, "class": "pos"}, {"x": 23854, "y": 13044, "w": 234, "h": 173, "class": "pos"}, {"x": 25172, "y": 13788, "w": 192, "h": 208, "class": "pos"}, {"x": 20730, "y": 15619, "w": 66, "h": 26, "class": "pos"}, {"x": 21784, "y": 17094, "w": 256, "h": 409, "class": "pos"}, {"x": 15259, "y": 27327, "w": 152, "h": 87, "class": "pos"}, {"x": 15970, "y": 27915, "w": 67, "h": 135, "class": "pos"}, {"x": 10184, "y": 28889, "w": 97, "h": 107, "class": "pos"}, {"x": 11006, "y": 28705, "w": 142, "h": 236, "class": "pos"}, {"x": 11322, "y": 28477, "w": 82, "h": 113, "class": "pos"}, {"x": 10969, "y": 29178, "w": 333, "h": 330, "class": "pos"}, {"x": 12005, "y": 29583, "w": 186, "h": 144, "class": "pos"}, {"x": 11584, "y": 30614, "w": 260, "h": 245, "class": "pos"}, {"x": 14947, "y": 31878, "w": 178, "h": 224, "class": "pos"}, {"x": 16064, "y": 30126, "w": 97, "h": 92, "class": "pos"}]