[{"x": 23112, "y": 7025, "w": 10887, "h": 8095, "class": "roi"}, {"x": 5432, "y": 20192, "w": 10561, "h": 8514, "class": "roi"}, {"x": 28220, "y": 10385, "w": 189, "h": 263, "class": "pos"}, {"x": 31781, "y": 7298, "w": 141, "h": 93, "class": "pos"}, {"x": 24398, "y": 7730, "w": 85, "h": 83, "class": "pos"}, {"x": 9553, "y": 23657, "w": 231, "h": 220, "class": "pos"}, {"x": 9045, "y": 26866, "w": 114, "h": 76, "class": "pos"}, {"x": 12974, "y": 27972, "w": 84, "h": 85, "class": "pos"}, {"x": 14946, "y": 24447, "w": 232, "h": 248, "class": "pos"}]