[{"x": 20427, "y": 2099, "w": 7008, "h": 6656, "class": "roi"}, {"x": 23959, "y": 4423, "w": 118, "h": 110, "class": "pos"}, {"x": 28329, "y": 4686, "w": 4807, "h": 4434, "class": "roi"}, {"x": 30987, "y": 6110, "w": 169, "h": 174, "class": "pos"}, {"x": 33824, "y": 5220, "w": 3437, "h": 3336, "class": "roi"}, {"x": 35186, "y": 6349, "w": 336, "h": 141, "class": "pos"}, {"x": 34757, "y": 8693, "w": 4253, "h": 3910, "class": "roi"}, {"x": 36467, "y": 9161, "w": 191, "h": 275, "class": "pos"}, {"x": 6968, "y": 8246, "w": 3519, "h": 3815, "class": "roi"}, {"x": 8753, "y": 9672, "w": 106, "h": 105, "class": "pos"}]