[{"x": 8488, "y": 20177, "w": 142, "h": 116, "class": "pos"}, {"x": 6845, "y": 19938, "w": 196, "h": 162, "class": "pos"}, {"x": 6210, "y": 16766, "w": 4922, "h": 3655, "class": "roi"}, {"x": 12517, "y": 22918, "w": 4270, "h": 3764, "class": "roi"}, {"x": 14992, "y": 23558, "w": 87, "h": 42, "class": "pos"}, {"x": 15696, "y": 24239, "w": 49, "h": 40, "class": "pos"}, {"x": 15211, "y": 25628, "w": 142, "h": 131, "class": "pos"}, {"x": 14370, "y": 25284, "w": 116, "h": 44, "class": "pos"}, {"x": 13056, "y": 25998, "w": 291, "h": 284, "class": "pos"}]