[{"x": 7659, "y": 28181, "w": 26720, "h": 15514, "class": "roi"}, {"x": 32111, "y": 39141, "w": 80, "h": 103, "class": "pos"}, {"x": 31784, "y": 37876, "w": 121, "h": 81, "class": "pos"}, {"x": 31584, "y": 40530, "w": 100, "h": 110, "class": "pos"}, {"x": 32485, "y": 40948, "w": 85, "h": 112, "class": "pos"}, {"x": 32308, "y": 35179, "w": 90, "h": 80, "class": "pos"}, {"x": 30140, "y": 39016, "w": 152, "h": 142, "class": "pos"}, {"x": 31300, "y": 41541, "w": 132, "h": 60, "class": "pos"}, {"x": 31585, "y": 42653, "w": 123, "h": 122, "class": "pos"}, {"x": 29775, "y": 37126, "w": 133, "h": 136, "class": "pos"}, {"x": 29751, "y": 36550, "w": 118, "h": 115, "class": "pos"}, {"x": 27895, "y": 40351, "w": 88, "h": 130, "class": "pos"}, {"x": 27868, "y": 42144, "w": 111, "h": 92, "class": "pos"}, {"x": 26118, "y": 42301, "w": 89, "h": 102, "class": "pos"}, {"x": 26896, "y": 38430, "w": 94, "h": 108, "class": "pos"}, {"x": 25376, "y": 32738, "w": 84, "h": 96, "class": "pos"}, {"x": 25448, "y": 31554, "w": 88, "h": 116, "class": "pos"}, {"x": 24957, "y": 30647, "w": 153, "h": 132, "class": "pos"}, {"x": 25675, "y": 35637, "w": 98, "h": 86, "class": "pos"}, {"x": 24599, "y": 41595, "w": 84, "h": 138, "class": "pos"}, {"x": 23573, "y": 38177, "w": 109, "h": 132, "class": "pos"}, {"x": 24063, "y": 36141, "w": 79, "h": 95, "class": "pos"}, {"x": 21588, "y": 32498, "w": 82, "h": 111, "class": "pos"}, {"x": 21363, "y": 33133, "w": 88, "h": 91, "class": "pos"}, {"x": 21857, "y": 33937, "w": 92, "h": 79, "class": "pos"}, {"x": 21046, "y": 37087, "w": 240, "h": 201, "class": "pos"}, {"x": 20000, "y": 30400, "w": 108, "h": 100, "class": "pos"}, {"x": 17960, "y": 34862, "w": 105, "h": 112, "class": "pos"}, {"x": 19126, "y": 37943, "w": 100, "h": 107, "class": "pos"}, {"x": 18225, "y": 37975, "w": 136, "h": 148, "class": "pos"}, {"x": 18935, "y": 41841, "w": 92, "h": 114, "class": "pos"}, {"x": 16914, "y": 40718, "w": 127, "h": 107, "class": "pos"}, {"x": 15972, "y": 37079, "w": 97, "h": 104, "class": "pos"}, {"x": 14645, "y": 30050, "w": 274, "h": 262, "class": "pos"}, {"x": 16461, "y": 34317, "w": 123, "h": 119, "class": "pos"}, {"x": 15022, "y": 38587, "w": 96, "h": 139, "class": "pos"}, {"x": 14385, "y": 41164, "w": 84, "h": 97, "class": "pos"}, {"x": 12326, "y": 39747, "w": 67, "h": 122, "class": "pos"}, {"x": 12074, "y": 30920, "w": 122, "h": 101, "class": "pos"}, {"x": 9966, "y": 35055, "w": 206, "h": 139, "class": "pos"}, {"x": 7730, "y": 33826, "w": 121, "h": 137, "class": "pos"}]