[{"x": 2867, "y": 21291, "w": 7461, "h": 7370, "class": "roi"}, {"x": 8857, "y": 26417, "w": 156, "h": 104, "class": "pos"}, {"x": 6003, "y": 28223, "w": 249, "h": 265, "class": "pos"}, {"x": 19426, "y": 37362, "w": 7847, "h": 6312, "class": "roi"}, {"x": 22256, "y": 39859, "w": 90, "h": 102, "class": "pos"}, {"x": 20369, "y": 42012, "w": 223, "h": 194, "class": "pos"}, {"x": 25115, "y": 43545, "w": 153, "h": 61, "class": "pos"}, {"x": 25242, "y": 43475, "w": 77, "h": 69, "class": "pos"}, {"x": 27671, "y": 3867, "w": 8587, "h": 8018, "class": "roi"}, {"x": 28838, "y": 4038, "w": 96, "h": 101, "class": "pos"}, {"x": 30170, "y": 4097, "w": 75, "h": 104, "class": "pos"}, {"x": 29455, "y": 4489, "w": 64, "h": 89, "class": "pos"}, {"x": 28448, "y": 23611, "w": 7790, "h": 6767, "class": "roi"}, {"x": 31445, "y": 24925, "w": 154, "h": 104, "class": "pos"}, {"x": 31240, "y": 24967, "w": 133, "h": 126, "class": "pos"}, {"x": 29375, "y": 25555, "w": 327, "h": 98, "class": "pos"}, {"x": 32343, "y": 28766, "w": 149, "h": 89, "class": "pos"}]