[{"x": 21709, "y": 1316, "w": 3478, "h": 3289, "class": "roi"}, {"x": 27961, "y": 10717, "w": 3290, "h": 3243, "class": "roi"}, {"x": 32426, "y": 15276, "w": 3243, "h": 3337, "class": "roi"}, {"x": 23754, "y": 2478, "w": 121, "h": 239, "class": "pos"}, {"x": 23395, "y": 3152, "w": 109, "h": 80, "class": "pos"}, {"x": 23716, "y": 4500, "w": 95, "h": 65, "class": "pos"}, {"x": 24170, "y": 4444, "w": 98, "h": 92, "class": "pos"}, {"x": 24655, "y": 4250, "w": 72, "h": 78, "class": "pos"}, {"x": 24412, "y": 4020, "w": 72, "h": 68, "class": "pos"}, {"x": 24867, "y": 4060, "w": 55, "h": 85, "class": "pos"}, {"x": 23184, "y": 4115, "w": 72, "h": 62, "class": "pos"}, {"x": 28981, "y": 10865, "w": 65, "h": 59, "class": "pos"}, {"x": 30556, "y": 12724, "w": 110, "h": 135, "class": "pos"}, {"x": 30601, "y": 12906, "w": 94, "h": 98, "class": "pos"}, {"x": 30131, "y": 12509, "w": 83, "h": 98, "class": "pos"}, {"x": 29391, "y": 12759, "w": 70, "h": 58, "class": "pos"}, {"x": 29358, "y": 12616, "w": 68, "h": 90, "class": "pos"}, {"x": 29251, "y": 12600, "w": 100, "h": 81, "class": "pos"}, {"x": 29061, "y": 12887, "w": 72, "h": 77, "class": "pos"}, {"x": 28889, "y": 12884, "w": 70, "h": 85, "class": "pos"}, {"x": 28552, "y": 13242, "w": 68, "h": 50, "class": "pos"}, {"x": 30602, "y": 13140, "w": 66, "h": 73, "class": "pos"}, {"x": 30605, "y": 13534, "w": 80, "h": 108, "class": "pos"}, {"x": 29499, "y": 13378, "w": 81, "h": 68, "class": "pos"}, {"x": 28440, "y": 13751, "w": 84, "h": 75, "class": "pos"}, {"x": 33987, "y": 18337, "w": 74, "h": 69, "class": "pos"}, {"x": 33591, "y": 18225, "w": 43, "h": 71, "class": "pos"}, {"x": 34115, "y": 17623, "w": 67, "h": 55, "class": "pos"}, {"x": 33828, "y": 17365, "w": 91, "h": 80, "class": "pos"}, {"x": 33328, "y": 17029, "w": 97, "h": 78, "class": "pos"}, {"x": 35146, "y": 16824, "w": 71, "h": 112, "class": "pos"}, {"x": 34174, "y": 16253, "w": 69, "h": 109, "class": "pos"}]