[{"x": 17770, "y": 2743, "w": 3523, "h": 3368, "class": "roi"}, {"x": 19521, "y": 4352, "w": 85, "h": 66, "class": "pos"}, {"x": 6079, "y": 7698, "w": 3546, "h": 3427, "class": "roi"}, {"x": 7656, "y": 8679, "w": 29, "h": 32, "class": "pos"}, {"x": 9061, "y": 23534, "w": 3917, "h": 3898, "class": "roi"}, {"x": 10437, "y": 26449, "w": 80, "h": 64, "class": "pos"}, {"x": 5074, "y": 16384, "w": 3301, "h": 3441, "class": "roi"}, {"x": 6285, "y": 17626, "w": 124, "h": 93, "class": "pos"}, {"x": 6008, "y": 17478, "w": 108, "h": 92, "class": "pos"}]