[{"x": 40212, "y": 9421, "w": 326, "h": 398, "class": "pos"}, {"x": 36753, "y": 10752, "w": 223, "h": 191, "class": "pos"}, {"x": 37656, "y": 10724, "w": 451, "h": 462, "class": "pos"}, {"x": 35503, "y": 8529, "w": 6401, "h": 5669, "class": "roi"}, {"x": 36235, "y": 13977, "w": 145, "h": 142, "class": "pos"}, {"x": 37806, "y": 13126, "w": 86, "h": 53, "class": "pos"}, {"x": 36159, "y": 10289, "w": 93, "h": 124, "class": "pos"}, {"x": 37945, "y": 28327, "w": 5274, "h": 4407, "class": "roi"}, {"x": 40876, "y": 31872, "w": 92, "h": 131, "class": "pos"}, {"x": 40080, "y": 31472, "w": 160, "h": 188, "class": "pos"}, {"x": 38158, "y": 32360, "w": 137, "h": 111, "class": "pos"}, {"x": 38581, "y": 30343, "w": 108, "h": 83, "class": "pos"}, {"x": 39460, "y": 30083, "w": 131, "h": 180, "class": "pos"}, {"x": 41201, "y": 29122, "w": 97, "h": 111, "class": "pos"}, {"x": 39889, "y": 29786, "w": 131, "h": 171, "class": "pos"}, {"x": 38240, "y": 28552, "w": 82, "h": 91, "class": "pos"}, {"x": 41309, "y": 28715, "w": 111, "h": 110, "class": "pos"}, {"x": 38002, "y": 11173, "w": 100, "h": 136, "class": "pos"}]