[{"x": 25105, "y": 42709, "w": 152, "h": 172, "class": "pos"}, {"x": 30603, "y": 44456, "w": 144, "h": 110, "class": "pos"}, {"x": 29991, "y": 40975, "w": 109, "h": 120, "class": "pos"}, {"x": 11306, "y": 38055, "w": 224, "h": 170, "class": "pos"}, {"x": 28955, "y": 34365, "w": 274, "h": 154, "class": "pos"}, {"x": 25910, "y": 32040, "w": 175, "h": 165, "class": "pos"}, {"x": 34395, "y": 27523, "w": 138, "h": 155, "class": "pos"}, {"x": 14357, "y": 28720, "w": 190, "h": 101, "class": "pos"}, {"x": 10071, "y": 29147, "w": 154, "h": 75, "class": "pos"}, {"x": 23856, "y": 39763, "w": 7829, "h": 6204, "class": "roi"}, {"x": 24669, "y": 30789, "w": 5834, "h": 5650, "class": "roi"}, {"x": 33495, "y": 25729, "w": 3139, "h": 3914, "class": "roi"}, {"x": 8087, "y": 26985, "w": 7755, "h": 4505, "class": "roi"}, {"x": 9897, "y": 36698, "w": 3249, "h": 3397, "class": "roi"}]