[{"x": 28621, "y": 8636, "w": 124, "h": 333, "class": "pos"}, {"x": 13057, "y": 26384, "w": 160, "h": 171, "class": "pos"}, {"x": 9226, "y": 26141, "w": 215, "h": 176, "class": "pos"}, {"x": 2173, "y": 20972, "w": 254, "h": 149, "class": "pos"}, {"x": 7598, "y": 23154, "w": 7939, "h": 5816, "class": "roi"}, {"x": 14582, "y": 28622, "w": 132, "h": 166, "class": "pos"}, {"x": 13239, "y": 23743, "w": 90, "h": 90, "class": "pos"}, {"x": 1808, "y": 17763, "w": 3555, "h": 5841, "class": "roi"}, {"x": 4613, "y": 22809, "w": 147, "h": 177, "class": "pos"}, {"x": 26446, "y": 6613, "w": 6442, "h": 5130, "class": "roi"}, {"x": 32674, "y": 6986, "w": 93, "h": 174, "class": "pos"}, {"x": 28382, "y": 6674, "w": 187, "h": 120, "class": "pos"}, {"x": 28452, "y": 6960, "w": 168, "h": 114, "class": "pos"}, {"x": 16686, "y": 9015, "w": 122, "h": 137, "class": "pos"}, {"x": 14880, "y": 7767, "w": 4019, "h": 3519, "class": "roi"}, {"x": 14925, "y": 8998, "w": 140, "h": 167, "class": "pos"}, {"x": 17214, "y": 8908, "w": 199, "h": 125, "class": "pos"}]