[{"x": 25080, "y": 338, "w": 4598, "h": 3196, "class": "roi"}, {"x": 30110, "y": 1184, "w": 5217, "h": 4456, "class": "roi"}, {"x": 24281, "y": 6871, "w": 4418, "h": 3901, "class": "roi"}, {"x": 26096, "y": 913, "w": 151, "h": 162, "class": "pos"}, {"x": 26925, "y": 1754, "w": 67, "h": 67, "class": "pos"}, {"x": 28925, "y": 3172, "w": 75, "h": 61, "class": "pos"}, {"x": 28237, "y": 2805, "w": 69, "h": 82, "class": "pos"}, {"x": 28070, "y": 2702, "w": 84, "h": 96, "class": "pos"}, {"x": 28956, "y": 2699, "w": 73, "h": 94, "class": "pos"}, {"x": 25759, "y": 2163, "w": 86, "h": 63, "class": "pos"}, {"x": 26175, "y": 2768, "w": 92, "h": 74, "class": "pos"}, {"x": 26629, "y": 3250, "w": 150, "h": 98, "class": "pos"}, {"x": 26094, "y": 3065, "w": 93, "h": 106, "class": "pos"}, {"x": 26681, "y": 2763, "w": 95, "h": 83, "class": "pos"}, {"x": 26746, "y": 2698, "w": 84, "h": 106, "class": "pos"}, {"x": 27254, "y": 2296, "w": 107, "h": 91, "class": "pos"}, {"x": 26825, "y": 2295, "w": 55, "h": 99, "class": "pos"}, {"x": 27660, "y": 2592, "w": 91, "h": 83, "class": "pos"}, {"x": 28446, "y": 2513, "w": 68, "h": 66, "class": "pos"}, {"x": 27639, "y": 2377, "w": 78, "h": 114, "class": "pos"}, {"x": 27023, "y": 1666, "w": 53, "h": 58, "class": "pos"}, {"x": 26960, "y": 1870, "w": 65, "h": 125, "class": "pos"}, {"x": 26801, "y": 1921, "w": 58, "h": 64, "class": "pos"}, {"x": 25209, "y": 1365, "w": 57, "h": 55, "class": "pos"}, {"x": 25602, "y": 636, "w": 46, "h": 87, "class": "pos"}, {"x": 25687, "y": 680, "w": 82, "h": 82, "class": "pos"}, {"x": 26843, "y": 471, "w": 51, "h": 47, "class": "pos"}, {"x": 27838, "y": 1219, "w": 71, "h": 80, "class": "pos"}, {"x": 27716, "y": 816, "w": 99, "h": 65, "class": "pos"}, {"x": 27872, "y": 1431, "w": 157, "h": 155, "class": "pos"}, {"x": 29028, "y": 684, "w": 75, "h": 82, "class": "pos"}, {"x": 29149, "y": 606, "w": 54, "h": 39, "class": "pos"}, {"x": 29344, "y": 1170, "w": 85, "h": 92, "class": "pos"}, {"x": 29573, "y": 1237, "w": 80, "h": 72, "class": "pos"}, {"x": 29154, "y": 1657, "w": 49, "h": 50, "class": "pos"}, {"x": 29041, "y": 1937, "w": 57, "h": 59, "class": "pos"}, {"x": 31262, "y": 5322, "w": 321, "h": 253, "class": "pos"}, {"x": 30470, "y": 5254, "w": 108, "h": 111, "class": "pos"}, {"x": 30503, "y": 4137, "w": 91, "h": 131, "class": "pos"}, {"x": 33957, "y": 3882, "w": 109, "h": 91, "class": "pos"}, {"x": 34248, "y": 3410, "w": 117, "h": 167, "class": "pos"}, {"x": 33698, "y": 3410, "w": 97, "h": 64, "class": "pos"}, {"x": 30869, "y": 2421, "w": 117, "h": 95, "class": "pos"}, {"x": 30281, "y": 1193, "w": 98, "h": 126, "class": "pos"}, {"x": 25992, "y": 7030, "w": 89, "h": 111, "class": "pos"}, {"x": 26654, "y": 7496, "w": 138, "h": 75, "class": "pos"}, {"x": 24553, "y": 8256, "w": 142, "h": 127, "class": "pos"}]