[{"x": 29616, "y": 3525, "w": 4747, "h": 3478, "class": "roi"}, {"x": 31920, "y": 14336, "w": 4888, "h": 3525, "class": "roi"}, {"x": 2071, "y": 18708, "w": 5546, "h": 3478, "class": "roi"}, {"x": 31464, "y": 4927, "w": 73, "h": 64, "class": "pos"}, {"x": 34042, "y": 15475, "w": 150, "h": 163, "class": "pos"}, {"x": 3995, "y": 20104, "w": 205, "h": 135, "class": "pos"}, {"x": 6649, "y": 19302, "w": 78, "h": 75, "class": "pos"}, {"x": 6524, "y": 19290, "w": 53, "h": 65, "class": "pos"}, {"x": 3022, "y": 21173, "w": 145, "h": 142, "class": "pos"}]