[{"x": 25064, "y": 2219, "w": 3228, "h": 3228, "class": "roi"}, {"x": 25155, "y": 2269, "w": 40, "h": 62, "class": "pos"}, {"x": 26345, "y": 2648, "w": 85, "h": 142, "class": "pos"}, {"x": 26506, "y": 5392, "w": 40, "h": 47, "class": "pos"}, {"x": 28029, "y": 4271, "w": 177, "h": 99, "class": "pos"}, {"x": 26783, "y": 4109, "w": 119, "h": 120, "class": "pos"}, {"x": 25901, "y": 3994, "w": 190, "h": 135, "class": "pos"}, {"x": 25767, "y": 3833, "w": 61, "h": 73, "class": "pos"}, {"x": 26833, "y": 3425, "w": 72, "h": 87, "class": "pos"}, {"x": 26502, "y": 2278, "w": 73, "h": 92, "class": "pos"}, {"x": 26818, "y": 2420, "w": 47, "h": 93, "class": "pos"}, {"x": 16499, "y": 40084, "w": 3316, "h": 3199, "class": "roi"}, {"x": 17912, "y": 40436, "w": 68, "h": 80, "class": "pos"}, {"x": 17637, "y": 40525, "w": 49, "h": 62, "class": "pos"}, {"x": 17664, "y": 40306, "w": 73, "h": 105, "class": "pos"}, {"x": 19082, "y": 41068, "w": 86, "h": 61, "class": "pos"}, {"x": 18850, "y": 41084, "w": 52, "h": 65, "class": "pos"}, {"x": 16764, "y": 41404, "w": 41, "h": 47, "class": "pos"}, {"x": 16781, "y": 42758, "w": 54, "h": 65, "class": "pos"}, {"x": 19347, "y": 41891, "w": 66, "h": 117, "class": "pos"}, {"x": 19202, "y": 41796, "w": 69, "h": 75, "class": "pos"}, {"x": 19068, "y": 41944, "w": 57, "h": 63, "class": "pos"}, {"x": 19077, "y": 42103, "w": 50, "h": 64, "class": "pos"}, {"x": 19076, "y": 42213, "w": 34, "h": 30, "class": "pos"}, {"x": 25165, "y": 2331, "w": 30, "h": 30, "class": "pos"}]