[{"x": 13611, "y": 18471, "w": 165, "h": 197, "class": "pos"}, {"x": 10115, "y": 15364, "w": 5600, "h": 6031, "class": "roi"}, {"x": 12060, "y": 20261, "w": 100, "h": 60, "class": "pos"}, {"x": 30394, "y": 6932, "w": 105, "h": 140, "class": "pos"}, {"x": 30069, "y": 1443, "w": 98, "h": 69, "class": "pos"}, {"x": 26346, "y": 960, "w": 6415, "h": 8603, "class": "roi"}, {"x": 29317, "y": 3341, "w": 60, "h": 85, "class": "pos"}, {"x": 28679, "y": 2863, "w": 63, "h": 95, "class": "pos"}, {"x": 28100, "y": 3545, "w": 60, "h": 57, "class": "pos"}, {"x": 26594, "y": 6357, "w": 110, "h": 70, "class": "pos"}, {"x": 27393, "y": 7632, "w": 65, "h": 110, "class": "pos"}, {"x": 26831, "y": 9133, "w": 116, "h": 127, "class": "pos"}, {"x": 13781, "y": 18577, "w": 41, "h": 54, "class": "pos"}]