[{"x": 3913, "y": 22927, "w": 114, "h": 144, "class": "pos"}, {"x": 2399, "y": 21491, "w": 209, "h": 177, "class": "pos"}, {"x": 1548, "y": 20826, "w": 4017, "h": 4192, "class": "roi"}, {"x": 36257, "y": 36001, "w": 116, "h": 155, "class": "pos"}, {"x": 33170, "y": 33814, "w": 3843, "h": 3901, "class": "roi"}, {"x": 43120, "y": 32692, "w": 173, "h": 158, "class": "pos"}, {"x": 39968, "y": 30365, "w": 3493, "h": 3435, "class": "roi"}, {"x": 45272, "y": 24861, "w": 169, "h": 173, "class": "pos"}, {"x": 41197, "y": 20875, "w": 4775, "h": 4250, "class": "roi"}]