[{"x": 27439, "y": 4464, "w": 165, "h": 90, "class": "pos"}, {"x": 22549, "y": 2010, "w": 5863, "h": 3443, "class": "roi"}, {"x": 22934, "y": 4976, "w": 155, "h": 176, "class": "pos"}, {"x": 24576, "y": 3261, "w": 152, "h": 188, "class": "pos"}, {"x": 14017, "y": 22462, "w": 105, "h": 82, "class": "pos"}, {"x": 12640, "y": 20956, "w": 4103, "h": 3684, "class": "roi"}, {"x": 14868, "y": 21024, "w": 244, "h": 212, "class": "pos"}, {"x": 15147, "y": 21595, "w": 92, "h": 101, "class": "pos"}, {"x": 15997, "y": 36929, "w": 419, "h": 309, "class": "pos"}, {"x": 13868, "y": 34973, "w": 4800, "h": 4704, "class": "roi"}, {"x": 16948, "y": 39146, "w": 242, "h": 302, "class": "pos"}, {"x": 38404, "y": 32532, "w": 99, "h": 76, "class": "pos"}, {"x": 36240, "y": 30452, "w": 4292, "h": 3885, "class": "roi"}, {"x": 36453, "y": 30990, "w": 153, "h": 124, "class": "pos"}, {"x": 36395, "y": 31372, "w": 49, "h": 100, "class": "pos"}, {"x": 39810, "y": 32020, "w": 119, "h": 89, "class": "pos"}]