[{"x": 19480, "y": 4808, "w": 3320, "h": 3290, "class": "roi"}, {"x": 22660, "y": 5882, "w": 113, "h": 133, "class": "pos"}, {"x": 21365, "y": 6216, "w": 125, "h": 79, "class": "pos"}, {"x": 19122, "y": 10517, "w": 174, "h": 126, "class": "pos"}, {"x": 17188, "y": 9134, "w": 3177, "h": 3298, "class": "roi"}, {"x": 20081, "y": 9486, "w": 101, "h": 92, "class": "pos"}, {"x": 17272, "y": 11537, "w": 82, "h": 59, "class": "pos"}, {"x": 5983, "y": 17922, "w": 309, "h": 158, "class": "pos"}, {"x": 5000, "y": 16456, "w": 3668, "h": 3185, "class": "roi"}, {"x": 6502, "y": 16939, "w": 132, "h": 130, "class": "pos"}, {"x": 5110, "y": 18454, "w": 84, "h": 100, "class": "pos"}, {"x": 7260, "y": 18866, "w": 111, "h": 102, "class": "pos"}, {"x": 6480, "y": 17373, "w": 75, "h": 95, "class": "pos"}]