[{"x": 29532, "y": 4555, "w": 13062, "h": 12179, "class": "roi"}, {"x": 34927, "y": 7422, "w": 226, "h": 252, "class": "pos"}, {"x": 34744, "y": 7618, "w": 57, "h": 40, "class": "pos"}, {"x": 34871, "y": 8048, "w": 67, "h": 43, "class": "pos"}, {"x": 34809, "y": 7697, "w": 43, "h": 44, "class": "pos"}, {"x": 30840, "y": 6114, "w": 229, "h": 238, "class": "pos"}, {"x": 30335, "y": 4784, "w": 234, "h": 153, "class": "pos"}, {"x": 30338, "y": 5063, "w": 111, "h": 122, "class": "pos"}, {"x": 30171, "y": 5400, "w": 56, "h": 41, "class": "pos"}, {"x": 30505, "y": 5576, "w": 81, "h": 44, "class": "pos"}, {"x": 33419, "y": 5132, "w": 133, "h": 148, "class": "pos"}, {"x": 32717, "y": 4959, "w": 124, "h": 104, "class": "pos"}, {"x": 34369, "y": 5666, "w": 205, "h": 188, "class": "pos"}, {"x": 33502, "y": 5986, "w": 173, "h": 132, "class": "pos"}, {"x": 35643, "y": 8633, "w": 205, "h": 334, "class": "pos"}, {"x": 31913, "y": 9116, "w": 115, "h": 174, "class": "pos"}, {"x": 31449, "y": 9403, "w": 98, "h": 58, "class": "pos"}, {"x": 30809, "y": 9442, "w": 146, "h": 179, "class": "pos"}, {"x": 30348, "y": 10482, "w": 132, "h": 128, "class": "pos"}, {"x": 29989, "y": 11007, "w": 92, "h": 109, "class": "pos"}, {"x": 30326, "y": 11399, "w": 160, "h": 157, "class": "pos"}, {"x": 32756, "y": 11331, "w": 132, "h": 190, "class": "pos"}, {"x": 34101, "y": 10825, "w": 99, "h": 79, "class": "pos"}, {"x": 32994, "y": 10194, "w": 45, "h": 85, "class": "pos"}, {"x": 38266, "y": 11656, "w": 78, "h": 46, "class": "pos"}, {"x": 38803, "y": 11223, "w": 143, "h": 129, "class": "pos"}, {"x": 38966, "y": 11874, "w": 87, "h": 63, "class": "pos"}, {"x": 38540, "y": 11881, "w": 69, "h": 48, "class": "pos"}, {"x": 38339, "y": 12331, "w": 94, "h": 72, "class": "pos"}, {"x": 39950, "y": 10710, "w": 123, "h": 123, "class": "pos"}, {"x": 40432, "y": 11231, "w": 123, "h": 193, "class": "pos"}, {"x": 41214, "y": 11267, "w": 88, "h": 85, "class": "pos"}, {"x": 41011, "y": 12568, "w": 85, "h": 161, "class": "pos"}, {"x": 41222, "y": 13476, "w": 66, "h": 99, "class": "pos"}, {"x": 41170, "y": 13035, "w": 30, "h": 27, "class": "pos"}, {"x": 32220, "y": 13588, "w": 120, "h": 83, "class": "pos"}, {"x": 30307, "y": 12414, "w": 182, "h": 173, "class": "pos"}, {"x": 30163, "y": 13925, "w": 143, "h": 128, "class": "pos"}, {"x": 30212, "y": 14590, "w": 181, "h": 123, "class": "pos"}, {"x": 30518, "y": 14745, "w": 108, "h": 128, "class": "pos"}, {"x": 35686, "y": 16328, "w": 59, "h": 55, "class": "pos"}, {"x": 38565, "y": 14830, "w": 119, "h": 140, "class": "pos"}, {"x": 39516, "y": 14979, "w": 167, "h": 160, "class": "pos"}, {"x": 39862, "y": 15929, "w": 114, "h": 152, "class": "pos"}, {"x": 39865, "y": 16295, "w": 96, "h": 86, "class": "pos"}, {"x": 41982, "y": 15458, "w": 70, "h": 50, "class": "pos"}, {"x": 40921, "y": 13799, "w": 111, "h": 118, "class": "pos"}, {"x": 28150, "y": 39995, "w": 286, "h": 211, "class": "pos"}, {"x": 25745, "y": 38521, "w": 3454, "h": 3435, "class": "roi"}, {"x": 25965, "y": 39759, "w": 256, "h": 153, "class": "pos"}, {"x": 26712, "y": 38591, "w": 149, "h": 194, "class": "pos"}, {"x": 26943, "y": 38617, "w": 68, "h": 31, "class": "pos"}, {"x": 27708, "y": 38845, "w": 53, "h": 44, "class": "pos"}, {"x": 28286, "y": 39026, "w": 79, "h": 58, "class": "pos"}, {"x": 27762, "y": 38859, "w": 58, "h": 38, "class": "pos"}]