[{"x": 18548, "y": 8103, "w": 216, "h": 177, "class": "pos"}, {"x": 14624, "y": 7132, "w": 4256, "h": 3603, "class": "roi"}, {"x": 17852, "y": 8693, "w": 89, "h": 90, "class": "pos"}, {"x": 17316, "y": 9267, "w": 124, "h": 158, "class": "pos"}, {"x": 16224, "y": 10456, "w": 157, "h": 169, "class": "pos"}, {"x": 18388, "y": 12690, "w": 112, "h": 120, "class": "pos"}, {"x": 16833, "y": 12283, "w": 4250, "h": 4476, "class": "roi"}, {"x": 20588, "y": 13784, "w": 212, "h": 109, "class": "pos"}, {"x": 19627, "y": 15757, "w": 72, "h": 89, "class": "pos"}, {"x": 36890, "y": 16560, "w": 150, "h": 123, "class": "pos"}, {"x": 35356, "y": 15209, "w": 4313, "h": 3754, "class": "roi"}, {"x": 36807, "y": 18663, "w": 208, "h": 259, "class": "pos"}, {"x": 43735, "y": 16961, "w": 173, "h": 177, "class": "pos"}, {"x": 41882, "y": 15432, "w": 3606, "h": 3479, "class": "roi"}]