[{"x": 8260, "y": 8695, "w": 78, "h": 101, "class": "pos"}, {"x": 6250, "y": 7292, "w": 10291, "h": 7559, "class": "roi"}, {"x": 6419, "y": 10014, "w": 105, "h": 133, "class": "pos"}, {"x": 6943, "y": 10343, "w": 44, "h": 40, "class": "pos"}, {"x": 15170, "y": 13461, "w": 202, "h": 217, "class": "pos"}, {"x": 11756, "y": 13204, "w": 79, "h": 85, "class": "pos"}, {"x": 6268, "y": 12535, "w": 140, "h": 164, "class": "pos"}, {"x": 18524, "y": 1122, "w": 10303, "h": 9084, "class": "roi"}, {"x": 25455, "y": 2186, "w": 132, "h": 130, "class": "pos"}, {"x": 28524, "y": 2847, "w": 222, "h": 365, "class": "pos"}, {"x": 27508, "y": 7576, "w": 134, "h": 211, "class": "pos"}, {"x": 23613, "y": 8165, "w": 243, "h": 327, "class": "pos"}, {"x": 18667, "y": 8669, "w": 468, "h": 461, "class": "pos"}, {"x": 19557, "y": 9264, "w": 99, "h": 120, "class": "pos"}, {"x": 22514, "y": 10067, "w": 79, "h": 126, "class": "pos"}, {"x": 17887, "y": 30628, "w": 9449, "h": 9616, "class": "roi"}, {"x": 19181, "y": 32431, "w": 246, "h": 454, "class": "pos"}, {"x": 19598, "y": 31968, "w": 167, "h": 229, "class": "pos"}, {"x": 24234, "y": 32681, "w": 185, "h": 253, "class": "pos"}, {"x": 26337, "y": 39621, "w": 161, "h": 155, "class": "pos"}, {"x": 30179, "y": 16458, "w": 9275, "h": 9333, "class": "roi"}, {"x": 36181, "y": 16926, "w": 131, "h": 123, "class": "pos"}, {"x": 38163, "y": 17697, "w": 279, "h": 256, "class": "pos"}, {"x": 31402, "y": 21366, "w": 260, "h": 195, "class": "pos"}, {"x": 31260, "y": 23259, "w": 258, "h": 197, "class": "pos"}, {"x": 30386, "y": 23896, "w": 168, "h": 159, "class": "pos"}, {"x": 23642, "y": 7919, "w": 297, "h": 249, "class": "pos"}, {"x": 18543, "y": 8725, "w": 133, "h": 107, "class": "pos"}]