[{"x": 20428, "y": 3393, "w": 8913, "h": 8832, "class": "roi"}, {"x": 25496, "y": 9659, "w": 90, "h": 138, "class": "pos"}, {"x": 24930, "y": 9128, "w": 153, "h": 92, "class": "pos"}, {"x": 24841, "y": 5112, "w": 109, "h": 104, "class": "pos"}, {"x": 24491, "y": 4833, "w": 141, "h": 168, "class": "pos"}, {"x": 10699, "y": 24895, "w": 9666, "h": 9224, "class": "roi"}, {"x": 16859, "y": 25654, "w": 115, "h": 156, "class": "pos"}, {"x": 19182, "y": 26701, "w": 80, "h": 147, "class": "pos"}, {"x": 16055, "y": 26974, "w": 149, "h": 158, "class": "pos"}, {"x": 18971, "y": 29425, "w": 54, "h": 79, "class": "pos"}, {"x": 17348, "y": 32472, "w": 163, "h": 149, "class": "pos"}, {"x": 33911, "y": 16444, "w": 6972, "h": 6449, "class": "roi"}, {"x": 38983, "y": 16925, "w": 217, "h": 157, "class": "pos"}]