[{"x": 10708, "y": 21673, "w": 3395, "h": 3122, "class": "roi"}, {"x": 12745, "y": 22929, "w": 57, "h": 95, "class": "pos"}, {"x": 12788, "y": 22204, "w": 216, "h": 226, "class": "pos"}, {"x": 11366, "y": 22811, "w": 372, "h": 364, "class": "pos"}, {"x": 10048, "y": 3945, "w": 4597, "h": 3873, "class": "roi"}, {"x": 10587, "y": 6659, "w": 91, "h": 88, "class": "pos"}, {"x": 13055, "y": 6414, "w": 77, "h": 66, "class": "pos"}, {"x": 13361, "y": 6202, "w": 74, "h": 72, "class": "pos"}, {"x": 2519, "y": 12604, "w": 4307, "h": 3981, "class": "roi"}, {"x": 5567, "y": 13058, "w": 104, "h": 113, "class": "pos"}, {"x": 5985, "y": 14763, "w": 126, "h": 133, "class": "pos"}, {"x": 4375, "y": 13995, "w": 237, "h": 275, "class": "pos"}, {"x": 19605, "y": 8478, "w": 4669, "h": 4235, "class": "roi"}, {"x": 20035, "y": 9072, "w": 124, "h": 122, "class": "pos"}, {"x": 23161, "y": 10677, "w": 83, "h": 125, "class": "pos"}, {"x": 22442, "y": 10855, "w": 124, "h": 150, "class": "pos"}, {"x": 21549, "y": 9875, "w": 154, "h": 233, "class": "pos"}, {"x": 21483, "y": 10116, "w": 92, "h": 84, "class": "pos"}, {"x": 19899, "y": 12351, "w": 76, "h": 68, "class": "pos"}, {"x": 20137, "y": 12302, "w": 37, "h": 37, "class": "pos"}, {"x": 23645, "y": 11984, "w": 268, "h": 70, "class": "pos"}]