[{"x": 5743, "y": 5346, "w": 4918, "h": 5100, "class": "roi"}, {"x": 7075, "y": 6389, "w": 156, "h": 210, "class": "pos"}, {"x": 7837, "y": 12996, "w": 6261, "h": 6524, "class": "roi"}, {"x": 11032, "y": 14986, "w": 55, "h": 76, "class": "pos"}, {"x": 10233, "y": 15577, "w": 113, "h": 147, "class": "pos"}, {"x": 9890, "y": 15708, "w": 104, "h": 133, "class": "pos"}, {"x": 9825, "y": 16535, "w": 156, "h": 114, "class": "pos"}, {"x": 13446, "y": 14223, "w": 89, "h": 76, "class": "pos"}, {"x": 13445, "y": 14298, "w": 43, "h": 73, "class": "pos"}]