[{"x": 12000, "y": 3160, "w": 4626, "h": 4048, "class": "roi"}, {"x": 15835, "y": 3568, "w": 38, "h": 58, "class": "pos"}, {"x": 3568, "y": 15730, "w": 4735, "h": 4156, "class": "roi"}, {"x": 3957, "y": 16210, "w": 148, "h": 149, "class": "pos"}, {"x": 6200, "y": 18513, "w": 86, "h": 99, "class": "pos"}, {"x": 12130, "y": 23494, "w": 4771, "h": 3867, "class": "roi"}, {"x": 12637, "y": 23766, "w": 106, "h": 101, "class": "pos"}, {"x": 13815, "y": 24356, "w": 311, "h": 217, "class": "pos"}, {"x": 13302, "y": 10879, "w": 5566, "h": 5313, "class": "roi"}, {"x": 14302, "y": 15848, "w": 79, "h": 129, "class": "pos"}, {"x": 17434, "y": 13669, "w": 95, "h": 125, "class": "pos"}, {"x": 18389, "y": 11843, "w": 123, "h": 123, "class": "pos"}]