[{"x": 11341, "y": 33277, "w": 213, "h": 216, "class": "pos"}, {"x": 7713, "y": 29842, "w": 3955, "h": 4479, "class": "roi"}, {"x": 8457, "y": 32724, "w": 89, "h": 64, "class": "pos"}, {"x": 9014, "y": 31982, "w": 84, "h": 103, "class": "pos"}, {"x": 14623, "y": 11317, "w": 89, "h": 88, "class": "pos"}, {"x": 14807, "y": 11437, "w": 164, "h": 167, "class": "pos"}, {"x": 14338, "y": 10717, "w": 211, "h": 239, "class": "pos"}, {"x": 11346, "y": 7403, "w": 4103, "h": 4824, "class": "roi"}, {"x": 12417, "y": 10823, "w": 163, "h": 231, "class": "pos"}, {"x": 12216, "y": 11486, "w": 84, "h": 99, "class": "pos"}, {"x": 12074, "y": 11441, "w": 35, "h": 54, "class": "pos"}, {"x": 12232, "y": 8434, "w": 158, "h": 135, "class": "pos"}, {"x": 11456, "y": 7898, "w": 93, "h": 145, "class": "pos"}, {"x": 14819, "y": 7753, "w": 213, "h": 124, "class": "pos"}, {"x": 14832, "y": 8433, "w": 88, "h": 101, "class": "pos"}, {"x": 28122, "y": 18672, "w": 5734, "h": 5768, "class": "roi"}, {"x": 31293, "y": 18865, "w": 142, "h": 60, "class": "pos"}, {"x": 32013, "y": 18737, "w": 85, "h": 87, "class": "pos"}, {"x": 33389, "y": 19964, "w": 121, "h": 118, "class": "pos"}, {"x": 31177, "y": 19922, "w": 153, "h": 192, "class": "pos"}, {"x": 28987, "y": 21630, "w": 65, "h": 147, "class": "pos"}, {"x": 30501, "y": 22599, "w": 169, "h": 145, "class": "pos"}, {"x": 32916, "y": 22712, "w": 56, "h": 186, "class": "pos"}, {"x": 32302, "y": 22380, "w": 64, "h": 111, "class": "pos"}, {"x": 30111, "y": 23643, "w": 75, "h": 87, "class": "pos"}, {"x": 29581, "y": 23823, "w": 66, "h": 99, "class": "pos"}, {"x": 29215, "y": 24184, "w": 169, "h": 69, "class": "pos"}]