[{"x": 9271, "y": 9144, "w": 2849, "h": 2892, "class": "roi"}, {"x": 9725, "y": 9389, "w": 134, "h": 210, "class": "pos"}, {"x": 10345, "y": 9225, "w": 127, "h": 120, "class": "pos"}, {"x": 15279, "y": 7916, "w": 2564, "h": 2593, "class": "roi"}, {"x": 16157, "y": 8746, "w": 93, "h": 105, "class": "pos"}, {"x": 15944, "y": 8778, "w": 152, "h": 73, "class": "pos"}, {"x": 24531, "y": 7136, "w": 1339, "h": 1530, "class": "roi"}, {"x": 25487, "y": 7856, "w": 175, "h": 92, "class": "pos"}, {"x": 11345, "y": 10780, "w": 73, "h": 103, "class": "pos"}]