[{"x": 6733, "y": 30740, "w": 6123, "h": 3977, "class": "roi"}, {"x": 7914, "y": 33177, "w": 90, "h": 103, "class": "pos"}, {"x": 14068, "y": 38757, "w": 3778, "h": 3690, "class": "roi"}, {"x": 16608, "y": 41529, "w": 144, "h": 128, "class": "pos"}, {"x": 32976, "y": 34829, "w": 3101, "h": 3774, "class": "roi"}, {"x": 35533, "y": 38059, "w": 78, "h": 122, "class": "pos"}, {"x": 39560, "y": 13407, "w": 4845, "h": 3796, "class": "roi"}, {"x": 43961, "y": 16559, "w": 112, "h": 126, "class": "pos"}, {"x": 33749, "y": 36526, "w": 72, "h": 109, "class": "pos"}, {"x": 34204, "y": 36482, "w": 84, "h": 104, "class": "pos"}]