[{"x": 14607, "y": 2924, "w": 5501, "h": 4980, "class": "roi"}, {"x": 14959, "y": 4057, "w": 87, "h": 93, "class": "pos"}, {"x": 16304, "y": 7340, "w": 123, "h": 209, "class": "pos"}, {"x": 16646, "y": 6684, "w": 181, "h": 226, "class": "pos"}, {"x": 9046, "y": 15680, "w": 4886, "h": 4452, "class": "roi"}, {"x": 10385, "y": 19607, "w": 184, "h": 213, "class": "pos"}, {"x": 20907, "y": 15275, "w": 5284, "h": 5357, "class": "roi"}, {"x": 24775, "y": 17356, "w": 113, "h": 76, "class": "pos"}, {"x": 25416, "y": 18670, "w": 153, "h": 70, "class": "pos"}, {"x": 14420, "y": 22080, "w": 5284, "h": 4669, "class": "roi"}, {"x": 17478, "y": 22908, "w": 110, "h": 101, "class": "pos"}, {"x": 15638, "y": 23820, "w": 114, "h": 114, "class": "pos"}, {"x": 18699, "y": 24986, "w": 46, "h": 51, "class": "pos"}, {"x": 17567, "y": 25195, "w": 97, "h": 104, "class": "pos"}]