[{"x": 16992, "y": 17298, "w": 168, "h": 226, "class": "pos"}, {"x": 15827, "y": 16555, "w": 3566, "h": 3131, "class": "roi"}, {"x": 16255, "y": 17606, "w": 72, "h": 75, "class": "pos"}, {"x": 17248, "y": 19249, "w": 193, "h": 349, "class": "pos"}, {"x": 19082, "y": 16970, "w": 200, "h": 164, "class": "pos"}, {"x": 18109, "y": 17501, "w": 185, "h": 183, "class": "pos"}, {"x": 7576, "y": 14104, "w": 4017, "h": 3691, "class": "roi"}, {"x": 8657, "y": 14720, "w": 91, "h": 84, "class": "pos"}, {"x": 11212, "y": 15355, "w": 104, "h": 117, "class": "pos"}, {"x": 9063, "y": 15334, "w": 59, "h": 42, "class": "pos"}, {"x": 8423, "y": 15142, "w": 178, "h": 284, "class": "pos"}, {"x": 8236, "y": 16608, "w": 133, "h": 257, "class": "pos"}, {"x": 7845, "y": 17117, "w": 294, "h": 214, "class": "pos"}, {"x": 8492, "y": 17264, "w": 245, "h": 145, "class": "pos"}, {"x": 9053, "y": 17467, "w": 68, "h": 88, "class": "pos"}, {"x": 10033, "y": 17332, "w": 127, "h": 99, "class": "pos"}, {"x": 10401, "y": 16527, "w": 88, "h": 93, "class": "pos"}, {"x": 9263, "y": 16158, "w": 88, "h": 109, "class": "pos"}, {"x": 9225, "y": 16087, "w": 47, "h": 38, "class": "pos"}, {"x": 15691, "y": 5115, "w": 3573, "h": 3632, "class": "roi"}, {"x": 17924, "y": 5762, "w": 136, "h": 104, "class": "pos"}, {"x": 18813, "y": 5148, "w": 203, "h": 271, "class": "pos"}, {"x": 16657, "y": 6333, "w": 51, "h": 106, "class": "pos"}, {"x": 18069, "y": 7024, "w": 76, "h": 65, "class": "pos"}, {"x": 19000, "y": 7820, "w": 105, "h": 184, "class": "pos"}, {"x": 17614, "y": 8383, "w": 249, "h": 192, "class": "pos"}, {"x": 17102, "y": 8298, "w": 74, "h": 106, "class": "pos"}, {"x": 16247, "y": 7322, "w": 104, "h": 112, "class": "pos"}, {"x": 16328, "y": 7248, "w": 39, "h": 38, "class": "pos"}]