[{"x": 16650, "y": 4077, "w": 3489, "h": 3673, "class": "roi"}, {"x": 17025, "y": 4110, "w": 61, "h": 100, "class": "pos"}, {"x": 16822, "y": 4118, "w": 121, "h": 122, "class": "pos"}, {"x": 17287, "y": 4493, "w": 55, "h": 235, "class": "pos"}, {"x": 17185, "y": 4789, "w": 40, "h": 103, "class": "pos"}, {"x": 17819, "y": 4268, "w": 27, "h": 27, "class": "pos"}, {"x": 19760, "y": 4318, "w": 91, "h": 64, "class": "pos"}, {"x": 19657, "y": 5227, "w": 102, "h": 83, "class": "pos"}, {"x": 18913, "y": 5670, "w": 81, "h": 58, "class": "pos"}, {"x": 19615, "y": 6869, "w": 77, "h": 69, "class": "pos"}, {"x": 18970, "y": 6425, "w": 209, "h": 260, "class": "pos"}, {"x": 18128, "y": 6664, "w": 126, "h": 188, "class": "pos"}, {"x": 17724, "y": 7361, "w": 125, "h": 157, "class": "pos"}, {"x": 20525, "y": 18499, "w": 3280, "h": 3281, "class": "roi"}, {"x": 21146, "y": 19214, "w": 104, "h": 91, "class": "pos"}, {"x": 21742, "y": 19140, "w": 62, "h": 48, "class": "pos"}, {"x": 23253, "y": 19752, "w": 65, "h": 60, "class": "pos"}, {"x": 22973, "y": 19544, "w": 71, "h": 97, "class": "pos"}, {"x": 23528, "y": 21136, "w": 67, "h": 41, "class": "pos"}, {"x": 23643, "y": 21044, "w": 34, "h": 27, "class": "pos"}, {"x": 20798, "y": 21386, "w": 54, "h": 39, "class": "pos"}, {"x": 20963, "y": 20961, "w": 106, "h": 111, "class": "pos"}, {"x": 21102, "y": 20292, "w": 90, "h": 123, "class": "pos"}, {"x": 20649, "y": 20361, "w": 56, "h": 40, "class": "pos"}, {"x": 20743, "y": 20581, "w": 67, "h": 39, "class": "pos"}, {"x": 21249, "y": 20656, "w": 52, "h": 29, "class": "pos"}, {"x": 23610, "y": 20764, "w": 67, "h": 79, "class": "pos"}, {"x": 17861, "y": 4253, "w": 24, "h": 25, "class": "pos"}, {"x": 18844, "y": 5576, "w": 62, "h": 95, "class": "pos"}, {"x": 21790, "y": 19105, "w": 34, "h": 51, "class": "pos"}]