[{"x": 31389, "y": 31457, "w": 9236, "h": 6722, "class": "roi"}, {"x": 35357, "y": 34268, "w": 345, "h": 379, "class": "pos"}, {"x": 31505, "y": 37692, "w": 151, "h": 156, "class": "pos"}, {"x": 32793, "y": 37887, "w": 226, "h": 125, "class": "pos"}, {"x": 38048, "y": 35910, "w": 145, "h": 111, "class": "pos"}, {"x": 35296, "y": 36778, "w": 153, "h": 154, "class": "pos"}, {"x": 33198, "y": 36037, "w": 174, "h": 111, "class": "pos"}, {"x": 37584, "y": 34373, "w": 122, "h": 137, "class": "pos"}, {"x": 37225, "y": 34803, "w": 176, "h": 207, "class": "pos"}, {"x": 38297, "y": 33947, "w": 115, "h": 105, "class": "pos"}, {"x": 39754, "y": 33592, "w": 196, "h": 228, "class": "pos"}, {"x": 38952, "y": 37837, "w": 186, "h": 150, "class": "pos"}, {"x": 40144, "y": 37110, "w": 158, "h": 95, "class": "pos"}, {"x": 40418, "y": 37062, "w": 118, "h": 129, "class": "pos"}, {"x": 39334, "y": 35208, "w": 208, "h": 288, "class": "pos"}, {"x": 39981, "y": 32536, "w": 283, "h": 180, "class": "pos"}, {"x": 17809, "y": 39450, "w": 194, "h": 72, "class": "pos"}, {"x": 15753, "y": 37445, "w": 4720, "h": 3295, "class": "roi"}, {"x": 15853, "y": 39144, "w": 107, "h": 202, "class": "pos"}, {"x": 16694, "y": 38306, "w": 133, "h": 264, "class": "pos"}, {"x": 15933, "y": 37781, "w": 212, "h": 178, "class": "pos"}, {"x": 17282, "y": 38274, "w": 193, "h": 178, "class": "pos"}, {"x": 18430, "y": 37668, "w": 175, "h": 203, "class": "pos"}, {"x": 19915, "y": 39334, "w": 242, "h": 171, "class": "pos"}, {"x": 20005, "y": 40205, "w": 152, "h": 138, "class": "pos"}, {"x": 17953, "y": 38075, "w": 150, "h": 119, "class": "pos"}, {"x": 25930, "y": 6627, "w": 292, "h": 276, "class": "pos"}, {"x": 25239, "y": 6080, "w": 4327, "h": 3831, "class": "roi"}, {"x": 27159, "y": 6360, "w": 187, "h": 330, "class": "pos"}, {"x": 28694, "y": 6282, "w": 152, "h": 145, "class": "pos"}, {"x": 28336, "y": 8406, "w": 409, "h": 319, "class": "pos"}, {"x": 25801, "y": 8020, "w": 98, "h": 59, "class": "pos"}, {"x": 31731, "y": 24079, "w": 155, "h": 123, "class": "pos"}, {"x": 30438, "y": 23447, "w": 4480, "h": 4228, "class": "roi"}, {"x": 31142, "y": 26553, "w": 303, "h": 406, "class": "pos"}, {"x": 31862, "y": 26193, "w": 402, "h": 254, "class": "pos"}, {"x": 35384, "y": 34648, "w": 250, "h": 196, "class": "pos"}, {"x": 31454, "y": 26186, "w": 407, "h": 331, "class": "pos"}, {"x": 31225, "y": 26343, "w": 228, "h": 210, "class": "pos"}]