[{"x": 12304, "y": 3606, "w": 10067, "h": 9316, "class": "roi"}, {"x": 20901, "y": 4463, "w": 156, "h": 193, "class": "pos"}, {"x": 19830, "y": 7705, "w": 167, "h": 209, "class": "pos"}, {"x": 14856, "y": 7564, "w": 214, "h": 381, "class": "pos"}, {"x": 14148, "y": 9684, "w": 139, "h": 296, "class": "pos"}, {"x": 16006, "y": 10866, "w": 181, "h": 229, "class": "pos"}, {"x": 21208, "y": 11034, "w": 224, "h": 172, "class": "pos"}, {"x": 18742, "y": 12696, "w": 125, "h": 111, "class": "pos"}, {"x": 14748, "y": 34339, "w": 12681, "h": 8076, "class": "roi"}, {"x": 16140, "y": 36023, "w": 94, "h": 103, "class": "pos"}, {"x": 27082, "y": 39096, "w": 201, "h": 130, "class": "pos"}]