[{"x": 5276, "y": 8190, "w": 8097, "h": 13496, "class": "roi"}, {"x": 16120, "y": 26992, "w": 23967, "h": 12007, "class": "roi"}, {"x": 37439, "y": 34896, "w": 47, "h": 53, "class": "pos"}, {"x": 30924, "y": 33319, "w": 170, "h": 128, "class": "pos"}, {"x": 18799, "y": 31029, "w": 114, "h": 132, "class": "pos"}, {"x": 16748, "y": 30844, "w": 62, "h": 86, "class": "pos"}, {"x": 10608, "y": 10617, "w": 94, "h": 121, "class": "pos"}, {"x": 10453, "y": 10521, "w": 70, "h": 118, "class": "pos"}, {"x": 12638, "y": 8760, "w": 114, "h": 148, "class": "pos"}, {"x": 7788, "y": 15172, "w": 67, "h": 85, "class": "pos"}, {"x": 5848, "y": 16563, "w": 167, "h": 196, "class": "pos"}, {"x": 6341, "y": 18070, "w": 87, "h": 119, "class": "pos"}, {"x": 6123, "y": 18077, "w": 77, "h": 73, "class": "pos"}, {"x": 7939, "y": 20252, "w": 100, "h": 97, "class": "pos"}, {"x": 6028, "y": 19932, "w": 55, "h": 60, "class": "pos"}, {"x": 13019, "y": 19905, "w": 109, "h": 83, "class": "pos"}]