[{"x": 25636, "y": 26022, "w": 309, "h": 260, "class": "pos"}, {"x": 18809, "y": 25854, "w": 7910, "h": 6747, "class": "roi"}, {"x": 24948, "y": 30206, "w": 56, "h": 125, "class": "pos"}, {"x": 14444, "y": 4702, "w": 9597, "h": 7387, "class": "roi"}, {"x": 20220, "y": 4825, "w": 59, "h": 72, "class": "pos"}, {"x": 17168, "y": 5857, "w": 202, "h": 242, "class": "pos"}, {"x": 16693, "y": 5809, "w": 138, "h": 125, "class": "pos"}, {"x": 14759, "y": 10245, "w": 139, "h": 177, "class": "pos"}, {"x": 33814, "y": 21359, "w": 9888, "h": 7619, "class": "roi"}, {"x": 40990, "y": 21962, "w": 205, "h": 199, "class": "pos"}, {"x": 43317, "y": 22395, "w": 82, "h": 100, "class": "pos"}, {"x": 34694, "y": 23201, "w": 198, "h": 168, "class": "pos"}, {"x": 33174, "y": 8387, "w": 8434, "h": 7678, "class": "roi"}, {"x": 35007, "y": 9028, "w": 126, "h": 133, "class": "pos"}, {"x": 34997, "y": 15441, "w": 152, "h": 143, "class": "pos"}]