[{"x": 26529, "y": 37124, "w": 5920, "h": 4739, "class": "roi"}, {"x": 28158, "y": 37589, "w": 75, "h": 76, "class": "pos"}, {"x": 30685, "y": 37872, "w": 147, "h": 102, "class": "pos"}, {"x": 32032, "y": 37974, "w": 96, "h": 73, "class": "pos"}, {"x": 28692, "y": 38521, "w": 92, "h": 90, "class": "pos"}, {"x": 4049, "y": 16286, "w": 6134, "h": 5275, "class": "roi"}, {"x": 4208, "y": 21198, "w": 179, "h": 155, "class": "pos"}, {"x": 9965, "y": 20610, "w": 94, "h": 140, "class": "pos"}, {"x": 8873, "y": 19621, "w": 138, "h": 131, "class": "pos"}, {"x": 6131, "y": 18432, "w": 167, "h": 117, "class": "pos"}, {"x": 8762, "y": 16464, "w": 148, "h": 186, "class": "pos"}, {"x": 37922, "y": 13560, "w": 4901, "h": 4234, "class": "roi"}, {"x": 37988, "y": 15711, "w": 63, "h": 92, "class": "pos"}, {"x": 40127, "y": 15631, "w": 40, "h": 75, "class": "pos"}, {"x": 40211, "y": 15368, "w": 95, "h": 86, "class": "pos"}, {"x": 42326, "y": 15812, "w": 133, "h": 74, "class": "pos"}, {"x": 42513, "y": 15230, "w": 109, "h": 110, "class": "pos"}, {"x": 42350, "y": 14901, "w": 96, "h": 121, "class": "pos"}, {"x": 42230, "y": 14047, "w": 101, "h": 104, "class": "pos"}]