[{"x": 29034, "y": 12098, "w": 184, "h": 127, "class": "pos"}, {"x": 26679, "y": 10554, "w": 6500, "h": 4912, "class": "roi"}, {"x": 30326, "y": 12239, "w": 110, "h": 176, "class": "pos"}, {"x": 29160, "y": 43814, "w": 177, "h": 125, "class": "pos"}, {"x": 25246, "y": 40004, "w": 5313, "h": 4800, "class": "roi"}, {"x": 27318, "y": 40706, "w": 71, "h": 75, "class": "pos"}, {"x": 29230, "y": 40471, "w": 128, "h": 76, "class": "pos"}, {"x": 29086, "y": 40053, "w": 119, "h": 97, "class": "pos"}, {"x": 28487, "y": 41580, "w": 138, "h": 136, "class": "pos"}, {"x": 27384, "y": 42299, "w": 233, "h": 220, "class": "pos"}]