[{"x": 4446, "y": 30336, "w": 4965, "h": 4095, "class": "roi"}, {"x": 5138, "y": 32600, "w": 125, "h": 161, "class": "pos"}, {"x": 2738, "y": 26105, "w": 3670, "h": 3688, "class": "roi"}, {"x": 3724, "y": 28906, "w": 55, "h": 73, "class": "pos"}, {"x": 12429, "y": 26057, "w": 4455, "h": 4822, "class": "roi"}, {"x": 13683, "y": 30276, "w": 42, "h": 44, "class": "pos"}, {"x": 18207, "y": 25312, "w": 7034, "h": 5494, "class": "roi"}, {"x": 19815, "y": 29174, "w": 130, "h": 90, "class": "pos"}, {"x": 33827, "y": 16509, "w": 6463, "h": 5782, "class": "roi"}, {"x": 39914, "y": 17519, "w": 176, "h": 201, "class": "pos"}]