[{"x": 26137, "y": 2757, "w": 3906, "h": 3952, "class": "roi"}, {"x": 38501, "y": 28917, "w": 3677, "h": 4028, "class": "roi"}, {"x": 26137, "y": 40990, "w": 3677, "h": 3263, "class": "roi"}, {"x": 29569, "y": 3120, "w": 120, "h": 111, "class": "pos"}, {"x": 29135, "y": 4217, "w": 137, "h": 109, "class": "pos"}, {"x": 29880, "y": 4207, "w": 140, "h": 93, "class": "pos"}, {"x": 26728, "y": 5741, "w": 94, "h": 80, "class": "pos"}, {"x": 27057, "y": 6512, "w": 77, "h": 75, "class": "pos"}, {"x": 29378, "y": 4693, "w": 96, "h": 124, "class": "pos"}, {"x": 40835, "y": 29199, "w": 406, "h": 488, "class": "pos"}, {"x": 39251, "y": 29640, "w": 134, "h": 80, "class": "pos"}, {"x": 41738, "y": 32475, "w": 88, "h": 164, "class": "pos"}, {"x": 29731, "y": 41283, "w": 75, "h": 66, "class": "pos"}, {"x": 27444, "y": 42626, "w": 109, "h": 113, "class": "pos"}]