[{"x": 24061, "y": 2945, "w": 96, "h": 78, "class": "pos"}, {"x": 21829, "y": 1930, "w": 8052, "h": 6584, "class": "roi"}, {"x": 22377, "y": 3666, "w": 245, "h": 349, "class": "pos"}, {"x": 25598, "y": 3783, "w": 154, "h": 275, "class": "pos"}, {"x": 28743, "y": 4523, "w": 224, "h": 150, "class": "pos"}, {"x": 25946, "y": 6274, "w": 170, "h": 123, "class": "pos"}, {"x": 28857, "y": 8087, "w": 134, "h": 157, "class": "pos"}, {"x": 29200, "y": 7568, "w": 119, "h": 139, "class": "pos"}, {"x": 26400, "y": 7397, "w": 290, "h": 296, "class": "pos"}, {"x": 27000, "y": 7965, "w": 85, "h": 90, "class": "pos"}, {"x": 24204, "y": 36696, "w": 12329, "h": 7676, "class": "roi"}, {"x": 24650, "y": 37450, "w": 214, "h": 204, "class": "pos"}, {"x": 31057, "y": 37311, "w": 346, "h": 145, "class": "pos"}, {"x": 30330, "y": 36959, "w": 119, "h": 118, "class": "pos"}, {"x": 34882, "y": 38651, "w": 117, "h": 56, "class": "pos"}, {"x": 29556, "y": 37982, "w": 100, "h": 99, "class": "pos"}, {"x": 27962, "y": 37754, "w": 268, "h": 202, "class": "pos"}, {"x": 25953, "y": 38405, "w": 98, "h": 122, "class": "pos"}, {"x": 25186, "y": 38104, "w": 230, "h": 266, "class": "pos"}, {"x": 24936, "y": 39396, "w": 133, "h": 150, "class": "pos"}, {"x": 25841, "y": 40169, "w": 211, "h": 160, "class": "pos"}, {"x": 25669, "y": 41907, "w": 312, "h": 236, "class": "pos"}, {"x": 25433, "y": 42268, "w": 154, "h": 198, "class": "pos"}, {"x": 25606, "y": 43914, "w": 323, "h": 456, "class": "pos"}, {"x": 25247, "y": 43895, "w": 100, "h": 121, "class": "pos"}, {"x": 27914, "y": 43393, "w": 163, "h": 255, "class": "pos"}, {"x": 33040, "y": 43643, "w": 70, "h": 48, "class": "pos"}, {"x": 36261, "y": 42168, "w": 170, "h": 151, "class": "pos"}, {"x": 32752, "y": 41735, "w": 221, "h": 151, "class": "pos"}, {"x": 31425, "y": 41684, "w": 213, "h": 192, "class": "pos"}, {"x": 29525, "y": 41363, "w": 212, "h": 164, "class": "pos"}, {"x": 17589, "y": 15042, "w": 10851, "h": 10253, "class": "roi"}, {"x": 17759, "y": 15514, "w": 210, "h": 240, "class": "pos"}, {"x": 19699, "y": 15511, "w": 120, "h": 139, "class": "pos"}, {"x": 20908, "y": 15155, "w": 125, "h": 124, "class": "pos"}, {"x": 22210, "y": 15591, "w": 238, "h": 213, "class": "pos"}, {"x": 28182, "y": 15085, "w": 213, "h": 155, "class": "pos"}, {"x": 28064, "y": 17115, "w": 188, "h": 266, "class": "pos"}, {"x": 25078, "y": 17208, "w": 222, "h": 226, "class": "pos"}, {"x": 22052, "y": 16833, "w": 210, "h": 180, "class": "pos"}, {"x": 19166, "y": 17001, "w": 227, "h": 221, "class": "pos"}, {"x": 17946, "y": 16542, "w": 185, "h": 170, "class": "pos"}, {"x": 22164, "y": 19849, "w": 153, "h": 148, "class": "pos"}, {"x": 27371, "y": 22748, "w": 215, "h": 279, "class": "pos"}, {"x": 27695, "y": 24382, "w": 78, "h": 89, "class": "pos"}, {"x": 25901, "y": 22762, "w": 254, "h": 230, "class": "pos"}, {"x": 20812, "y": 15171, "w": 93, "h": 91, "class": "pos"}, {"x": 22252, "y": 19721, "w": 173, "h": 128, "class": "pos"}]