[{"x": 19603, "y": 7530, "w": 4137, "h": 4880, "class": "roi"}, {"x": 32225, "y": 6107, "w": 4996, "h": 3886, "class": "roi"}, {"x": 14896, "y": 14730, "w": 4010, "h": 3547, "class": "roi"}, {"x": 19231, "y": 29636, "w": 4250, "h": 3181, "class": "roi"}, {"x": 32516, "y": 6660, "w": 148, "h": 169, "class": "pos"}, {"x": 32601, "y": 6813, "w": 140, "h": 106, "class": "pos"}, {"x": 32327, "y": 6734, "w": 44, "h": 76, "class": "pos"}, {"x": 32400, "y": 6819, "w": 71, "h": 82, "class": "pos"}, {"x": 33297, "y": 6170, "w": 39, "h": 48, "class": "pos"}, {"x": 34312, "y": 6992, "w": 106, "h": 62, "class": "pos"}, {"x": 36926, "y": 7203, "w": 205, "h": 192, "class": "pos"}, {"x": 34206, "y": 9229, "w": 222, "h": 296, "class": "pos"}, {"x": 34976, "y": 9852, "w": 187, "h": 136, "class": "pos"}, {"x": 20954, "y": 10083, "w": 179, "h": 166, "class": "pos"}, {"x": 20771, "y": 10274, "w": 179, "h": 116, "class": "pos"}, {"x": 22729, "y": 7578, "w": 139, "h": 122, "class": "pos"}, {"x": 22379, "y": 9546, "w": 71, "h": 57, "class": "pos"}, {"x": 16572, "y": 16938, "w": 213, "h": 208, "class": "pos"}, {"x": 18003, "y": 17369, "w": 49, "h": 67, "class": "pos"}, {"x": 17017, "y": 14924, "w": 104, "h": 141, "class": "pos"}, {"x": 21187, "y": 30769, "w": 243, "h": 199, "class": "pos"}, {"x": 17952, "y": 17345, "w": 44, "h": 35, "class": "pos"}]