[{"x": 24825, "y": 8554, "w": 4512, "h": 3384, "class": "roi"}, {"x": 21347, "y": 32949, "w": 4277, "h": 4089, "class": "roi"}, {"x": 31829, "y": 39248, "w": 4559, "h": 3807, "class": "roi"}, {"x": 26225, "y": 9981, "w": 80, "h": 130, "class": "pos"}, {"x": 26159, "y": 10092, "w": 150, "h": 166, "class": "pos"}, {"x": 26343, "y": 10116, "w": 33, "h": 27, "class": "pos"}, {"x": 26434, "y": 10332, "w": 131, "h": 251, "class": "pos"}, {"x": 26959, "y": 9922, "w": 23, "h": 31, "class": "pos"}, {"x": 26694, "y": 9154, "w": 57, "h": 97, "class": "pos"}, {"x": 27200, "y": 9167, "w": 43, "h": 57, "class": "pos"}, {"x": 27537, "y": 9394, "w": 54, "h": 85, "class": "pos"}, {"x": 27756, "y": 9438, "w": 153, "h": 193, "class": "pos"}, {"x": 27572, "y": 9183, "w": 160, "h": 115, "class": "pos"}, {"x": 28254, "y": 9437, "w": 151, "h": 130, "class": "pos"}, {"x": 28689, "y": 9982, "w": 239, "h": 228, "class": "pos"}, {"x": 29123, "y": 10758, "w": 111, "h": 214, "class": "pos"}, {"x": 29111, "y": 11202, "w": 64, "h": 80, "class": "pos"}, {"x": 28147, "y": 11202, "w": 32, "h": 39, "class": "pos"}, {"x": 24755, "y": 34050, "w": 46, "h": 54, "class": "pos"}, {"x": 23817, "y": 34042, "w": 133, "h": 190, "class": "pos"}, {"x": 22868, "y": 34675, "w": 210, "h": 210, "class": "pos"}, {"x": 24826, "y": 35458, "w": 225, "h": 193, "class": "pos"}, {"x": 22359, "y": 36589, "w": 38, "h": 51, "class": "pos"}, {"x": 22572, "y": 36642, "w": 26, "h": 40, "class": "pos"}, {"x": 22536, "y": 36534, "w": 138, "h": 85, "class": "pos"}, {"x": 22183, "y": 36748, "w": 187, "h": 194, "class": "pos"}, {"x": 23318, "y": 36249, "w": 79, "h": 68, "class": "pos"}, {"x": 32506, "y": 39374, "w": 33, "h": 27, "class": "pos"}, {"x": 34203, "y": 39420, "w": 125, "h": 152, "class": "pos"}, {"x": 35176, "y": 40490, "w": 94, "h": 66, "class": "pos"}, {"x": 35368, "y": 40731, "w": 56, "h": 42, "class": "pos"}, {"x": 35237, "y": 40682, "w": 43, "h": 29, "class": "pos"}, {"x": 35196, "y": 40716, "w": 40, "h": 37, "class": "pos"}, {"x": 32818, "y": 42664, "w": 37, "h": 53, "class": "pos"}, {"x": 33103, "y": 42700, "w": 69, "h": 97, "class": "pos"}, {"x": 35720, "y": 42764, "w": 42, "h": 45, "class": "pos"}, {"x": 32373, "y": 41905, "w": 31, "h": 41, "class": "pos"}, {"x": 32920, "y": 41900, "w": 44, "h": 48, "class": "pos"}, {"x": 32830, "y": 42130, "w": 67, "h": 109, "class": "pos"}, {"x": 31836, "y": 42042, "w": 206, "h": 244, "class": "pos"}, {"x": 33249, "y": 41917, "w": 45, "h": 43, "class": "pos"}, {"x": 32795, "y": 41943, "w": 299, "h": 162, "class": "pos"}, {"x": 32989, "y": 41864, "w": 48, "h": 41, "class": "pos"}, {"x": 32793, "y": 41827, "w": 51, "h": 57, "class": "pos"}, {"x": 32891, "y": 41734, "w": 36, "h": 44, "class": "pos"}, {"x": 33368, "y": 42124, "w": 26, "h": 32, "class": "pos"}, {"x": 33326, "y": 42111, "w": 22, "h": 22, "class": "pos"}, {"x": 33625, "y": 41884, "w": 38, "h": 32, "class": "pos"}, {"x": 33687, "y": 42398, "w": 38, "h": 43, "class": "pos"}, {"x": 33619, "y": 42224, "w": 48, "h": 55, "class": "pos"}, {"x": 33784, "y": 42139, "w": 93, "h": 64, "class": "pos"}, {"x": 33972, "y": 42229, "w": 29, "h": 37, "class": "pos"}, {"x": 34001, "y": 41980, "w": 76, "h": 59, "class": "pos"}, {"x": 34138, "y": 42527, "w": 69, "h": 94, "class": "pos"}, {"x": 34317, "y": 42628, "w": 27, "h": 32, "class": "pos"}, {"x": 33750, "y": 42815, "w": 62, "h": 56, "class": "pos"}, {"x": 34140, "y": 42803, "w": 32, "h": 26, "class": "pos"}, {"x": 36049, "y": 42233, "w": 38, "h": 43, "class": "pos"}, {"x": 35769, "y": 42380, "w": 60, "h": 81, "class": "pos"}, {"x": 35953, "y": 42339, "w": 58, "h": 37, "class": "pos"}, {"x": 35184, "y": 42169, "w": 80, "h": 104, "class": "pos"}, {"x": 36294, "y": 41834, "w": 46, "h": 56, "class": "pos"}, {"x": 32077, "y": 41391, "w": 108, "h": 52, "class": "pos"}, {"x": 33055, "y": 41040, "w": 160, "h": 225, "class": "pos"}, {"x": 33683, "y": 40649, "w": 64, "h": 98, "class": "pos"}, {"x": 34306, "y": 39749, "w": 100, "h": 71, "class": "pos"}, {"x": 33785, "y": 39520, "w": 52, "h": 55, "class": "pos"}, {"x": 33685, "y": 39386, "w": 31, "h": 41, "class": "pos"}, {"x": 33637, "y": 39501, "w": 34, "h": 39, "class": "pos"}, {"x": 33878, "y": 39550, "w": 41, "h": 27, "class": "pos"}, {"x": 33182, "y": 39495, "w": 59, "h": 63, "class": "pos"}, {"x": 32998, "y": 39644, "w": 33, "h": 29, "class": "pos"}, {"x": 33252, "y": 39770, "w": 38, "h": 47, "class": "pos"}, {"x": 33100, "y": 39707, "w": 58, "h": 44, "class": "pos"}]