[{"x": 34508, "y": 20665, "w": 67, "h": 92, "class": "pos"}, {"x": 32236, "y": 18515, "w": 4708, "h": 4376, "class": "roi"}, {"x": 34149, "y": 18713, "w": 144, "h": 94, "class": "pos"}, {"x": 34039, "y": 18972, "w": 131, "h": 96, "class": "pos"}, {"x": 36760, "y": 19316, "w": 57, "h": 70, "class": "pos"}, {"x": 34508, "y": 19869, "w": 58, "h": 60, "class": "pos"}, {"x": 34620, "y": 28861, "w": 66, "h": 69, "class": "pos"}, {"x": 30697, "y": 25073, "w": 4748, "h": 5107, "class": "roi"}, {"x": 34413, "y": 29644, "w": 72, "h": 52, "class": "pos"}, {"x": 34081, "y": 28195, "w": 75, "h": 81, "class": "pos"}, {"x": 31918, "y": 26346, "w": 149, "h": 146, "class": "pos"}, {"x": 32319, "y": 25614, "w": 69, "h": 80, "class": "pos"}, {"x": 22438, "y": 32376, "w": 108, "h": 138, "class": "pos"}, {"x": 21524, "y": 32564, "w": 94, "h": 116, "class": "pos"}, {"x": 18672, "y": 30029, "w": 4496, "h": 3716, "class": "roi"}, {"x": 20473, "y": 31514, "w": 121, "h": 149, "class": "pos"}, {"x": 19822, "y": 30814, "w": 50, "h": 78, "class": "pos"}, {"x": 19410, "y": 31191, "w": 61, "h": 51, "class": "pos"}, {"x": 23022, "y": 33404, "w": 135, "h": 203, "class": "pos"}, {"x": 19382, "y": 31005, "w": 50, "h": 55, "class": "pos"}]