[{"x": 24562, "y": 12469, "w": 2902, "h": 1981, "class": "roi"}, {"x": 25936, "y": 13156, "w": 212, "h": 270, "class": "pos"}, {"x": 30133, "y": 40379, "w": 2993, "h": 1901, "class": "roi"}, {"x": 30522, "y": 40664, "w": 279, "h": 331, "class": "pos"}, {"x": 12782, "y": 21197, "w": 3147, "h": 2499, "class": "roi"}, {"x": 14347, "y": 22242, "w": 320, "h": 316, "class": "pos"}, {"x": 8158, "y": 21138, "w": 2758, "h": 2204, "class": "roi"}, {"x": 10013, "y": 22045, "w": 141, "h": 114, "class": "pos"}, {"x": 32461, "y": 24869, "w": 2563, "h": 2295, "class": "roi"}, {"x": 34207, "y": 26219, "w": 171, "h": 314, "class": "pos"}]