[{"x": 20164, "y": 24766, "w": 4033, "h": 3006, "class": "roi"}, {"x": 21680, "y": 42472, "w": 2090, "h": 2089, "class": "roi"}, {"x": 22017, "y": 26834, "w": 100, "h": 143, "class": "pos"}, {"x": 22372, "y": 27112, "w": 135, "h": 125, "class": "pos"}, {"x": 27731, "y": 21906, "w": 3818, "h": 3250, "class": "roi"}, {"x": 22119, "y": 43611, "w": 98, "h": 70, "class": "pos"}, {"x": 22422, "y": 43308, "w": 103, "h": 102, "class": "pos"}, {"x": 22514, "y": 43217, "w": 100, "h": 112, "class": "pos"}, {"x": 22818, "y": 43144, "w": 101, "h": 104, "class": "pos"}, {"x": 23110, "y": 43033, "w": 107, "h": 114, "class": "pos"}, {"x": 30496, "y": 22843, "w": 280, "h": 228, "class": "pos"}, {"x": 28285, "y": 24065, "w": 189, "h": 214, "class": "pos"}]