[{"x": 31537, "y": 10670, "w": 4528, "h": 3968, "class": "roi"}, {"x": 33638, "y": 12439, "w": 121, "h": 117, "class": "pos"}, {"x": 19546, "y": 17844, "w": 10381, "h": 9716, "class": "roi"}, {"x": 24304, "y": 20784, "w": 187, "h": 262, "class": "pos"}, {"x": 20838, "y": 23605, "w": 596, "h": 453, "class": "pos"}, {"x": 18866, "y": 33904, "w": 3441, "h": 3492, "class": "roi"}, {"x": 21095, "y": 34666, "w": 303, "h": 191, "class": "pos"}, {"x": 29621, "y": 33824, "w": 6544, "h": 6704, "class": "roi"}, {"x": 31712, "y": 35164, "w": 108, "h": 115, "class": "pos"}]