[{"x": 16655, "y": 33689, "w": 153, "h": 280, "class": "pos"}, {"x": 15973, "y": 28509, "w": 6980, "h": 6166, "class": "roi"}, {"x": 22342, "y": 30006, "w": 70, "h": 125, "class": "pos"}, {"x": 19526, "y": 30177, "w": 315, "h": 196, "class": "pos"}, {"x": 16231, "y": 29884, "w": 95, "h": 81, "class": "pos"}, {"x": 19846, "y": 33695, "w": 229, "h": 210, "class": "pos"}, {"x": 19615, "y": 34081, "w": 100, "h": 91, "class": "pos"}, {"x": 35402, "y": 20354, "w": 8377, "h": 8439, "class": "roi"}, {"x": 36841, "y": 22319, "w": 95, "h": 78, "class": "pos"}, {"x": 38320, "y": 20474, "w": 110, "h": 80, "class": "pos"}, {"x": 41271, "y": 20370, "w": 105, "h": 153, "class": "pos"}, {"x": 40006, "y": 21200, "w": 48, "h": 54, "class": "pos"}, {"x": 38875, "y": 21696, "w": 203, "h": 83, "class": "pos"}, {"x": 35501, "y": 22227, "w": 154, "h": 229, "class": "pos"}, {"x": 35756, "y": 22605, "w": 49, "h": 106, "class": "pos"}, {"x": 41143, "y": 23196, "w": 139, "h": 153, "class": "pos"}, {"x": 41423, "y": 23542, "w": 150, "h": 73, "class": "pos"}, {"x": 42454, "y": 22915, "w": 165, "h": 170, "class": "pos"}, {"x": 42347, "y": 24995, "w": 124, "h": 106, "class": "pos"}, {"x": 42745, "y": 24993, "w": 61, "h": 47, "class": "pos"}, {"x": 42365, "y": 25676, "w": 123, "h": 93, "class": "pos"}, {"x": 38034, "y": 24413, "w": 315, "h": 223, "class": "pos"}, {"x": 37874, "y": 26299, "w": 118, "h": 74, "class": "pos"}, {"x": 37728, "y": 26484, "w": 57, "h": 84, "class": "pos"}, {"x": 37508, "y": 26413, "w": 43, "h": 78, "class": "pos"}, {"x": 39159, "y": 25655, "w": 111, "h": 178, "class": "pos"}, {"x": 41448, "y": 26554, "w": 98, "h": 98, "class": "pos"}, {"x": 43168, "y": 26347, "w": 71, "h": 68, "class": "pos"}, {"x": 43379, "y": 25884, "w": 83, "h": 113, "class": "pos"}, {"x": 38283, "y": 27442, "w": 349, "h": 354, "class": "pos"}, {"x": 37091, "y": 28356, "w": 115, "h": 129, "class": "pos"}, {"x": 35424, "y": 27913, "w": 225, "h": 137, "class": "pos"}, {"x": 22779, "y": 3017, "w": 7503, "h": 6166, "class": "roi"}, {"x": 23134, "y": 9013, "w": 157, "h": 146, "class": "pos"}, {"x": 24195, "y": 8515, "w": 161, "h": 177, "class": "pos"}, {"x": 25466, "y": 8246, "w": 418, "h": 247, "class": "pos"}, {"x": 29753, "y": 7518, "w": 59, "h": 74, "class": "pos"}, {"x": 27399, "y": 7660, "w": 230, "h": 154, "class": "pos"}, {"x": 23259, "y": 7295, "w": 126, "h": 208, "class": "pos"}, {"x": 22947, "y": 6841, "w": 76, "h": 71, "class": "pos"}, {"x": 24321, "y": 6702, "w": 132, "h": 116, "class": "pos"}, {"x": 26646, "y": 6422, "w": 379, "h": 338, "class": "pos"}, {"x": 27368, "y": 6016, "w": 219, "h": 169, "class": "pos"}, {"x": 27422, "y": 5673, "w": 101, "h": 118, "class": "pos"}, {"x": 30037, "y": 5602, "w": 100, "h": 57, "class": "pos"}, {"x": 28845, "y": 5034, "w": 70, "h": 117, "class": "pos"}, {"x": 27144, "y": 4917, "w": 33, "h": 34, "class": "pos"}, {"x": 23806, "y": 4100, "w": 198, "h": 222, "class": "pos"}, {"x": 23341, "y": 4624, "w": 89, "h": 59, "class": "pos"}, {"x": 23005, "y": 4870, "w": 113, "h": 105, "class": "pos"}, {"x": 22967, "y": 3729, "w": 48, "h": 60, "class": "pos"}, {"x": 23131, "y": 3345, "w": 215, "h": 137, "class": "pos"}, {"x": 24773, "y": 3396, "w": 126, "h": 89, "class": "pos"}, {"x": 38293, "y": 27797, "w": 320, "h": 249, "class": "pos"}]