[{"x": 21362, "y": 36465, "w": 3465, "h": 3337, "class": "roi"}, {"x": 27992, "y": 36356, "w": 3356, "h": 3201, "class": "roi"}, {"x": 10287, "y": 37393, "w": 3944, "h": 3438, "class": "roi"}, {"x": 12914, "y": 38382, "w": 84, "h": 86, "class": "pos"}, {"x": 22590, "y": 38287, "w": 112, "h": 72, "class": "pos"}, {"x": 28466, "y": 36618, "w": 48, "h": 73, "class": "pos"}, {"x": 28665, "y": 36801, "w": 74, "h": 88, "class": "pos"}, {"x": 28455, "y": 37476, "w": 105, "h": 99, "class": "pos"}, {"x": 28278, "y": 36861, "w": 35, "h": 34, "class": "pos"}, {"x": 28285, "y": 36757, "w": 57, "h": 57, "class": "pos"}, {"x": 28228, "y": 37003, "w": 35, "h": 55, "class": "pos"}, {"x": 28970, "y": 37507, "w": 65, "h": 96, "class": "pos"}, {"x": 30992, "y": 36579, "w": 66, "h": 52, "class": "pos"}]