[{"x": 22648, "y": 1712, "w": 8302, "h": 7279, "class": "roi"}, {"x": 23831, "y": 5359, "w": 237, "h": 142, "class": "pos"}, {"x": 28272, "y": 3639, "w": 168, "h": 55, "class": "pos"}, {"x": 4795, "y": 27478, "w": 7506, "h": 6767, "class": "roi"}, {"x": 6110, "y": 28659, "w": 141, "h": 248, "class": "pos"}, {"x": 5417, "y": 28993, "w": 195, "h": 299, "class": "pos"}, {"x": 9754, "y": 32950, "w": 127, "h": 134, "class": "pos"}, {"x": 22042, "y": 38272, "w": 6653, "h": 5971, "class": "roi"}, {"x": 22963, "y": 40531, "w": 179, "h": 297, "class": "pos"}, {"x": 26002, "y": 41054, "w": 148, "h": 117, "class": "pos"}, {"x": 34650, "y": 17060, "w": 8473, "h": 7506, "class": "roi"}, {"x": 41177, "y": 17409, "w": 84, "h": 180, "class": "pos"}, {"x": 39767, "y": 19023, "w": 267, "h": 128, "class": "pos"}, {"x": 37265, "y": 24113, "w": 95, "h": 78, "class": "pos"}]