[{"x": 13339, "y": 20696, "w": 4571, "h": 3758, "class": "roi"}, {"x": 14872, "y": 21794, "w": 117, "h": 114, "class": "pos"}, {"x": 2580, "y": 15991, "w": 3250, "h": 3708, "class": "roi"}, {"x": 4264, "y": 17363, "w": 142, "h": 113, "class": "pos"}, {"x": 5008, "y": 34477, "w": 6095, "h": 5994, "class": "roi"}, {"x": 14009, "y": 37479, "w": 3987, "h": 4444, "class": "roi"}, {"x": 15135, "y": 38526, "w": 88, "h": 97, "class": "pos"}, {"x": 22086, "y": 30805, "w": 4374, "h": 4495, "class": "roi"}, {"x": 24314, "y": 32058, "w": 96, "h": 128, "class": "pos"}, {"x": 9268, "y": 35867, "w": 442, "h": 255, "class": "pos"}, {"x": 9276, "y": 36125, "w": 451, "h": 322, "class": "pos"}, {"x": 9724, "y": 36080, "w": 127, "h": 192, "class": "pos"}]