[{"x": 6319, "y": 24870, "w": 165, "h": 112, "class": "pos"}, {"x": 5366, "y": 23206, "w": 52, "h": 124, "class": "pos"}, {"x": 6258, "y": 24041, "w": 47, "h": 113, "class": "pos"}, {"x": 7680, "y": 25188, "w": 75, "h": 30, "class": "pos"}, {"x": 7566, "y": 24935, "w": 27, "h": 50, "class": "pos"}, {"x": 7698, "y": 23097, "w": 29, "h": 18, "class": "pos"}, {"x": 4922, "y": 20591, "w": 7860, "h": 4740, "class": "roi"}, {"x": 11410, "y": 22767, "w": 41, "h": 57, "class": "pos"}, {"x": 11035, "y": 22894, "w": 98, "h": 124, "class": "pos"}, {"x": 11364, "y": 23712, "w": 42, "h": 40, "class": "pos"}, {"x": 10259, "y": 22958, "w": 32, "h": 56, "class": "pos"}, {"x": 10399, "y": 23091, "w": 32, "h": 51, "class": "pos"}, {"x": 12091, "y": 24109, "w": 130, "h": 72, "class": "pos"}, {"x": 12264, "y": 23347, "w": 86, "h": 62, "class": "pos"}, {"x": 11980, "y": 22507, "w": 49, "h": 49, "class": "pos"}, {"x": 11651, "y": 24771, "w": 197, "h": 279, "class": "pos"}, {"x": 6457, "y": 23064, "w": 69, "h": 32, "class": "pos"}, {"x": 6666, "y": 21543, "w": 75, "h": 54, "class": "pos"}, {"x": 5729, "y": 21499, "w": 51, "h": 57, "class": "pos"}, {"x": 5743, "y": 21749, "w": 22, "h": 46, "class": "pos"}, {"x": 6165, "y": 21273, "w": 42, "h": 25, "class": "pos"}, {"x": 7172, "y": 20642, "w": 58, "h": 87, "class": "pos"}, {"x": 6846, "y": 20845, "w": 36, "h": 61, "class": "pos"}, {"x": 8811, "y": 21610, "w": 50, "h": 30, "class": "pos"}, {"x": 8810, "y": 21416, "w": 48, "h": 38, "class": "pos"}, {"x": 10542, "y": 21321, "w": 74, "h": 46, "class": "pos"}, {"x": 11572, "y": 20983, "w": 68, "h": 70, "class": "pos"}, {"x": 11175, "y": 21547, "w": 121, "h": 109, "class": "pos"}, {"x": 12311, "y": 22085, "w": 49, "h": 39, "class": "pos"}, {"x": 12047, "y": 21141, "w": 46, "h": 63, "class": "pos"}, {"x": 11172, "y": 22137, "w": 50, "h": 52, "class": "pos"}, {"x": 10873, "y": 22196, "w": 57, "h": 33, "class": "pos"}, {"x": 9971, "y": 20628, "w": 68, "h": 71, "class": "pos"}, {"x": 10440, "y": 21102, "w": 36, "h": 48, "class": "pos"}, {"x": 10491, "y": 20621, "w": 76, "h": 70, "class": "pos"}, {"x": 13159, "y": 16323, "w": 137, "h": 133, "class": "pos"}, {"x": 8999, "y": 13305, "w": 5188, "h": 4023, "class": "roi"}, {"x": 9674, "y": 15791, "w": 31, "h": 30, "class": "pos"}, {"x": 10016, "y": 15710, "w": 45, "h": 37, "class": "pos"}, {"x": 9941, "y": 14031, "w": 170, "h": 90, "class": "pos"}, {"x": 10598, "y": 14404, "w": 127, "h": 63, "class": "pos"}, {"x": 10624, "y": 13401, "w": 80, "h": 78, "class": "pos"}, {"x": 13785, "y": 14667, "w": 50, "h": 71, "class": "pos"}, {"x": 13975, "y": 13830, "w": 42, "h": 55, "class": "pos"}, {"x": 13599, "y": 14127, "w": 30, "h": 35, "class": "pos"}, {"x": 12066, "y": 15717, "w": 58, "h": 62, "class": "pos"}, {"x": 16791, "y": 7878, "w": 98, "h": 106, "class": "pos"}, {"x": 17151, "y": 7461, "w": 161, "h": 190, "class": "pos"}, {"x": 17255, "y": 7763, "w": 50, "h": 30, "class": "pos"}, {"x": 16453, "y": 7898, "w": 31, "h": 51, "class": "pos"}, {"x": 17990, "y": 6826, "w": 76, "h": 93, "class": "pos"}, {"x": 16495, "y": 5901, "w": 136, "h": 292, "class": "pos"}, {"x": 16301, "y": 6153, "w": 41, "h": 68, "class": "pos"}, {"x": 16237, "y": 6257, "w": 62, "h": 54, "class": "pos"}, {"x": 16180, "y": 5992, "w": 28, "h": 37, "class": "pos"}, {"x": 15372, "y": 6013, "w": 42, "h": 61, "class": "pos"}, {"x": 14547, "y": 4900, "w": 5079, "h": 3670, "class": "roi"}, {"x": 14806, "y": 8240, "w": 92, "h": 43, "class": "pos"}, {"x": 16140, "y": 8482, "w": 50, "h": 36, "class": "pos"}, {"x": 18980, "y": 8020, "w": 51, "h": 39, "class": "pos"}, {"x": 15110, "y": 6475, "w": 93, "h": 65, "class": "pos"}, {"x": 17510, "y": 5009, "w": 80, "h": 81, "class": "pos"}, {"x": 18564, "y": 5936, "w": 55, "h": 74, "class": "pos"}]