[{"x": 13267, "y": 20967, "w": 5842, "h": 4534, "class": "roi"}, {"x": 14842, "y": 21011, "w": 149, "h": 163, "class": "pos"}, {"x": 13533, "y": 22327, "w": 495, "h": 492, "class": "pos"}, {"x": 16064, "y": 24732, "w": 239, "h": 298, "class": "pos"}, {"x": 15714, "y": 24822, "w": 99, "h": 101, "class": "pos"}, {"x": 16006, "y": 23277, "w": 156, "h": 149, "class": "pos"}, {"x": 16597, "y": 22068, "w": 144, "h": 104, "class": "pos"}, {"x": 16675, "y": 22240, "w": 139, "h": 115, "class": "pos"}, {"x": 17712, "y": 22362, "w": 409, "h": 427, "class": "pos"}, {"x": 18341, "y": 23186, "w": 136, "h": 159, "class": "pos"}, {"x": 17820, "y": 24560, "w": 131, "h": 120, "class": "pos"}, {"x": 18215, "y": 24826, "w": 123, "h": 112, "class": "pos"}, {"x": 18155, "y": 25015, "w": 55, "h": 67, "class": "pos"}, {"x": 17798, "y": 25100, "w": 82, "h": 126, "class": "pos"}, {"x": 19375, "y": 6236, "w": 4366, "h": 4030, "class": "roi"}, {"x": 21797, "y": 7419, "w": 149, "h": 201, "class": "pos"}, {"x": 22114, "y": 6966, "w": 128, "h": 57, "class": "pos"}, {"x": 23492, "y": 6599, "w": 184, "h": 248, "class": "pos"}, {"x": 23594, "y": 7207, "w": 62, "h": 55, "class": "pos"}, {"x": 22939, "y": 7106, "w": 70, "h": 60, "class": "pos"}, {"x": 22819, "y": 8516, "w": 28, "h": 51, "class": "pos"}, {"x": 23596, "y": 9222, "w": 68, "h": 61, "class": "pos"}, {"x": 21299, "y": 9947, "w": 37, "h": 47, "class": "pos"}, {"x": 21548, "y": 8482, "w": 80, "h": 76, "class": "pos"}, {"x": 22370, "y": 9133, "w": 76, "h": 92, "class": "pos"}, {"x": 21777, "y": 8142, "w": 66, "h": 65, "class": "pos"}, {"x": 21446, "y": 6650, "w": 45, "h": 57, "class": "pos"}, {"x": 20844, "y": 6880, "w": 86, "h": 85, "class": "pos"}, {"x": 20486, "y": 7899, "w": 65, "h": 50, "class": "pos"}, {"x": 20037, "y": 10062, "w": 221, "h": 137, "class": "pos"}, {"x": 19549, "y": 8484, "w": 56, "h": 99, "class": "pos"}, {"x": 23206, "y": 10150, "w": 116, "h": 93, "class": "pos"}, {"x": 23627, "y": 10108, "w": 103, "h": 106, "class": "pos"}]