[{"x": 17446, "y": 11888, "w": 508, "h": 262, "class": "pos"}, {"x": 14750, "y": 11179, "w": 8608, "h": 7968, "class": "roi"}, {"x": 18990, "y": 18309, "w": 154, "h": 114, "class": "pos"}, {"x": 18921, "y": 17063, "w": 121, "h": 131, "class": "pos"}, {"x": 15988, "y": 15788, "w": 95, "h": 86, "class": "pos"}, {"x": 17472, "y": 15341, "w": 110, "h": 67, "class": "pos"}, {"x": 17880, "y": 15266, "w": 163, "h": 139, "class": "pos"}, {"x": 19353, "y": 15236, "w": 156, "h": 187, "class": "pos"}, {"x": 20585, "y": 13658, "w": 120, "h": 158, "class": "pos"}, {"x": 19330, "y": 14218, "w": 134, "h": 71, "class": "pos"}, {"x": 18979, "y": 14428, "w": 126, "h": 79, "class": "pos"}, {"x": 17747, "y": 14407, "w": 73, "h": 49, "class": "pos"}, {"x": 16142, "y": 13274, "w": 175, "h": 378, "class": "pos"}, {"x": 32049, "y": 18472, "w": 301, "h": 267, "class": "pos"}, {"x": 28795, "y": 17449, "w": 8550, "h": 7677, "class": "roi"}, {"x": 34737, "y": 21154, "w": 115, "h": 108, "class": "pos"}, {"x": 16161, "y": 36312, "w": 133, "h": 103, "class": "pos"}, {"x": 12341, "y": 34942, "w": 4735, "h": 4250, "class": "roi"}, {"x": 14015, "y": 36283, "w": 107, "h": 137, "class": "pos"}, {"x": 12784, "y": 36125, "w": 99, "h": 77, "class": "pos"}, {"x": 16228, "y": 37335, "w": 109, "h": 98, "class": "pos"}, {"x": 16460, "y": 37582, "w": 66, "h": 106, "class": "pos"}, {"x": 7725, "y": 20745, "w": 109, "h": 121, "class": "pos"}, {"x": 5910, "y": 20184, "w": 4434, "h": 4031, "class": "roi"}, {"x": 9589, "y": 23508, "w": 205, "h": 130, "class": "pos"}, {"x": 7156, "y": 22923, "w": 134, "h": 104, "class": "pos"}]