[{"x": 14491, "y": 27217, "w": 518, "h": 279, "class": "pos"}, {"x": 12602, "y": 26130, "w": 3873, "h": 3676, "class": "roi"}, {"x": 31977, "y": 10005, "w": 327, "h": 333, "class": "pos"}, {"x": 29196, "y": 9285, "w": 3479, "h": 3176, "class": "roi"}, {"x": 24622, "y": 3514, "w": 94, "h": 120, "class": "pos"}, {"x": 23721, "y": 3274, "w": 172, "h": 206, "class": "pos"}, {"x": 21191, "y": 2419, "w": 3555, "h": 3438, "class": "roi"}, {"x": 21780, "y": 39678, "w": 340, "h": 296, "class": "pos"}, {"x": 19765, "y": 37942, "w": 3359, "h": 3335, "class": "roi"}]