[{"x": 36805, "y": 20068, "w": 113, "h": 170, "class": "pos"}, {"x": 31650, "y": 18157, "w": 7191, "h": 6341, "class": "roi"}, {"x": 26470, "y": 13597, "w": 137, "h": 132, "class": "pos"}, {"x": 24543, "y": 12248, "w": 6530, "h": 5795, "class": "roi"}, {"x": 21562, "y": 13472, "w": 157, "h": 125, "class": "pos"}, {"x": 18614, "y": 12164, "w": 4559, "h": 6498, "class": "roi"}, {"x": 15187, "y": 10934, "w": 171, "h": 152, "class": "pos"}, {"x": 11196, "y": 8984, "w": 5706, "h": 5421, "class": "roi"}]