[{"x": 13383, "y": 2525, "w": 6539, "h": 5677, "class": "roi"}, {"x": 14092, "y": 2675, "w": 162, "h": 174, "class": "pos"}, {"x": 13786, "y": 3026, "w": 36, "h": 47, "class": "pos"}, {"x": 14128, "y": 3143, "w": 36, "h": 23, "class": "pos"}, {"x": 13560, "y": 2638, "w": 179, "h": 97, "class": "pos"}, {"x": 13420, "y": 3427, "w": 36, "h": 63, "class": "pos"}, {"x": 13955, "y": 3301, "w": 27, "h": 31, "class": "pos"}, {"x": 13779, "y": 3946, "w": 127, "h": 106, "class": "pos"}, {"x": 13388, "y": 4979, "w": 154, "h": 145, "class": "pos"}, {"x": 13660, "y": 6388, "w": 56, "h": 49, "class": "pos"}, {"x": 13998, "y": 6628, "w": 53, "h": 103, "class": "pos"}, {"x": 14087, "y": 7269, "w": 29, "h": 32, "class": "pos"}, {"x": 14456, "y": 7259, "w": 105, "h": 103, "class": "pos"}, {"x": 14535, "y": 6961, "w": 174, "h": 317, "class": "pos"}, {"x": 14591, "y": 7266, "w": 111, "h": 72, "class": "pos"}, {"x": 14486, "y": 7991, "w": 106, "h": 122, "class": "pos"}, {"x": 15084, "y": 7959, "w": 76, "h": 64, "class": "pos"}, {"x": 15097, "y": 7701, "w": 38, "h": 40, "class": "pos"}, {"x": 14949, "y": 8014, "w": 116, "h": 138, "class": "pos"}, {"x": 15186, "y": 7462, "w": 34, "h": 63, "class": "pos"}, {"x": 15396, "y": 7862, "w": 22, "h": 26, "class": "pos"}, {"x": 15933, "y": 7447, "w": 102, "h": 93, "class": "pos"}, {"x": 16801, "y": 7701, "w": 216, "h": 131, "class": "pos"}, {"x": 16606, "y": 7469, "w": 195, "h": 174, "class": "pos"}, {"x": 16820, "y": 7990, "w": 75, "h": 63, "class": "pos"}, {"x": 16969, "y": 7848, "w": 45, "h": 66, "class": "pos"}, {"x": 17040, "y": 7261, "w": 109, "h": 74, "class": "pos"}, {"x": 17682, "y": 7866, "w": 49, "h": 58, "class": "pos"}, {"x": 18403, "y": 6680, "w": 89, "h": 68, "class": "pos"}, {"x": 18919, "y": 5114, "w": 189, "h": 180, "class": "pos"}, {"x": 15869, "y": 5109, "w": 39, "h": 51, "class": "pos"}, {"x": 15802, "y": 4805, "w": 44, "h": 60, "class": "pos"}, {"x": 14331, "y": 4985, "w": 107, "h": 91, "class": "pos"}, {"x": 14297, "y": 4751, "w": 102, "h": 90, "class": "pos"}, {"x": 14084, "y": 4876, "w": 126, "h": 170, "class": "pos"}, {"x": 14702, "y": 4617, "w": 132, "h": 102, "class": "pos"}, {"x": 15140, "y": 4687, "w": 53, "h": 51, "class": "pos"}, {"x": 14167, "y": 4300, "w": 119, "h": 93, "class": "pos"}, {"x": 18588, "y": 3497, "w": 82, "h": 49, "class": "pos"}, {"x": 18955, "y": 2614, "w": 73, "h": 58, "class": "pos"}, {"x": 18431, "y": 3018, "w": 26, "h": 37, "class": "pos"}, {"x": 18754, "y": 32177, "w": 11636, "h": 4952, "class": "roi"}, {"x": 20278, "y": 34047, "w": 177, "h": 228, "class": "pos"}, {"x": 20368, "y": 34009, "w": 48, "h": 30, "class": "pos"}, {"x": 20319, "y": 34320, "w": 50, "h": 38, "class": "pos"}, {"x": 20726, "y": 33293, "w": 69, "h": 72, "class": "pos"}, {"x": 20526, "y": 33445, "w": 76, "h": 74, "class": "pos"}, {"x": 20923, "y": 33655, "w": 48, "h": 35, "class": "pos"}, {"x": 20942, "y": 33713, "w": 43, "h": 45, "class": "pos"}, {"x": 21112, "y": 33709, "w": 51, "h": 37, "class": "pos"}, {"x": 21956, "y": 32902, "w": 50, "h": 36, "class": "pos"}, {"x": 21892, "y": 32889, "w": 61, "h": 75, "class": "pos"}, {"x": 21637, "y": 32947, "w": 46, "h": 53, "class": "pos"}, {"x": 20415, "y": 32758, "w": 62, "h": 72, "class": "pos"}, {"x": 19573, "y": 32394, "w": 99, "h": 107, "class": "pos"}, {"x": 19804, "y": 33005, "w": 98, "h": 68, "class": "pos"}, {"x": 19978, "y": 32992, "w": 31, "h": 31, "class": "pos"}, {"x": 20396, "y": 33856, "w": 131, "h": 97, "class": "pos"}, {"x": 18942, "y": 35435, "w": 145, "h": 85, "class": "pos"}, {"x": 19291, "y": 36714, "w": 145, "h": 101, "class": "pos"}, {"x": 19272, "y": 36602, "w": 91, "h": 110, "class": "pos"}, {"x": 19052, "y": 36568, "w": 48, "h": 26, "class": "pos"}, {"x": 18817, "y": 36571, "w": 203, "h": 231, "class": "pos"}, {"x": 18758, "y": 36929, "w": 147, "h": 173, "class": "pos"}, {"x": 19973, "y": 36505, "w": 49, "h": 49, "class": "pos"}, {"x": 20588, "y": 36810, "w": 112, "h": 124, "class": "pos"}, {"x": 20686, "y": 36484, "w": 90, "h": 108, "class": "pos"}, {"x": 20121, "y": 36567, "w": 275, "h": 245, "class": "pos"}, {"x": 21920, "y": 36744, "w": 36, "h": 45, "class": "pos"}, {"x": 22356, "y": 36582, "w": 107, "h": 104, "class": "pos"}, {"x": 22378, "y": 36683, "w": 127, "h": 82, "class": "pos"}, {"x": 22771, "y": 36688, "w": 43, "h": 36, "class": "pos"}, {"x": 23223, "y": 36447, "w": 115, "h": 97, "class": "pos"}, {"x": 23157, "y": 36229, "w": 81, "h": 80, "class": "pos"}, {"x": 23988, "y": 37009, "w": 69, "h": 85, "class": "pos"}, {"x": 24107, "y": 36805, "w": 43, "h": 32, "class": "pos"}, {"x": 23828, "y": 36317, "w": 127, "h": 116, "class": "pos"}, {"x": 24688, "y": 36951, "w": 50, "h": 69, "class": "pos"}, {"x": 24354, "y": 36841, "w": 40, "h": 30, "class": "pos"}, {"x": 25271, "y": 36711, "w": 32, "h": 58, "class": "pos"}, {"x": 25349, "y": 36680, "w": 77, "h": 46, "class": "pos"}, {"x": 25176, "y": 36650, "w": 80, "h": 77, "class": "pos"}, {"x": 24938, "y": 36150, "w": 63, "h": 47, "class": "pos"}, {"x": 25425, "y": 35835, "w": 56, "h": 56, "class": "pos"}, {"x": 25820, "y": 36232, "w": 77, "h": 93, "class": "pos"}, {"x": 26068, "y": 36433, "w": 134, "h": 84, "class": "pos"}, {"x": 26928, "y": 36896, "w": 57, "h": 51, "class": "pos"}, {"x": 28237, "y": 36530, "w": 62, "h": 73, "class": "pos"}, {"x": 28929, "y": 36082, "w": 90, "h": 138, "class": "pos"}, {"x": 29176, "y": 36148, "w": 46, "h": 76, "class": "pos"}, {"x": 29249, "y": 36395, "w": 122, "h": 85, "class": "pos"}, {"x": 28982, "y": 34692, "w": 59, "h": 55, "class": "pos"}, {"x": 28846, "y": 34527, "w": 56, "h": 63, "class": "pos"}, {"x": 28960, "y": 34860, "w": 39, "h": 40, "class": "pos"}, {"x": 29358, "y": 34732, "w": 32, "h": 29, "class": "pos"}, {"x": 28532, "y": 34537, "w": 163, "h": 107, "class": "pos"}, {"x": 27831, "y": 33392, "w": 80, "h": 128, "class": "pos"}, {"x": 28052, "y": 33443, "w": 131, "h": 130, "class": "pos"}, {"x": 27556, "y": 33936, "w": 171, "h": 154, "class": "pos"}, {"x": 27923, "y": 34064, "w": 108, "h": 143, "class": "pos"}, {"x": 27498, "y": 34070, "w": 185, "h": 117, "class": "pos"}, {"x": 27537, "y": 33841, "w": 67, "h": 79, "class": "pos"}, {"x": 27411, "y": 34274, "w": 53, "h": 39, "class": "pos"}, {"x": 26692, "y": 33790, "w": 45, "h": 72, "class": "pos"}, {"x": 26577, "y": 33852, "w": 232, "h": 209, "class": "pos"}, {"x": 26752, "y": 34108, "w": 46, "h": 76, "class": "pos"}, {"x": 25915, "y": 33730, "w": 307, "h": 352, "class": "pos"}, {"x": 25202, "y": 33805, "w": 47, "h": 55, "class": "pos"}, {"x": 25144, "y": 33341, "w": 193, "h": 81, "class": "pos"}, {"x": 24893, "y": 33063, "w": 278, "h": 263, "class": "pos"}, {"x": 24544, "y": 33229, "w": 64, "h": 52, "class": "pos"}, {"x": 24520, "y": 33810, "w": 45, "h": 61, "class": "pos"}, {"x": 23794, "y": 33526, "w": 53, "h": 69, "class": "pos"}, {"x": 23791, "y": 33826, "w": 59, "h": 80, "class": "pos"}, {"x": 23128, "y": 32759, "w": 85, "h": 77, "class": "pos"}, {"x": 23227, "y": 32852, "w": 268, "h": 119, "class": "pos"}, {"x": 22359, "y": 33882, "w": 100, "h": 89, "class": "pos"}, {"x": 22255, "y": 34253, "w": 119, "h": 102, "class": "pos"}, {"x": 22036, "y": 34190, "w": 130, "h": 138, "class": "pos"}, {"x": 20477, "y": 34413, "w": 83, "h": 62, "class": "pos"}, {"x": 19648, "y": 33553, "w": 206, "h": 181, "class": "pos"}, {"x": 21138, "y": 33445, "w": 44, "h": 45, "class": "pos"}, {"x": 21265, "y": 33292, "w": 97, "h": 84, "class": "pos"}, {"x": 23552, "y": 34469, "w": 76, "h": 59, "class": "pos"}, {"x": 23882, "y": 34314, "w": 166, "h": 60, "class": "pos"}, {"x": 24383, "y": 35271, "w": 90, "h": 100, "class": "pos"}, {"x": 24374, "y": 35572, "w": 157, "h": 144, "class": "pos"}, {"x": 24393, "y": 35478, "w": 96, "h": 84, "class": "pos"}, {"x": 17895, "y": 16743, "w": 7861, "h": 5677, "class": "roi"}, {"x": 19429, "y": 19137, "w": 78, "h": 72, "class": "pos"}, {"x": 18761, "y": 19372, "w": 157, "h": 108, "class": "pos"}, {"x": 18361, "y": 18088, "w": 81, "h": 107, "class": "pos"}, {"x": 18471, "y": 18142, "w": 37, "h": 42, "class": "pos"}, {"x": 18573, "y": 17183, "w": 140, "h": 134, "class": "pos"}, {"x": 19826, "y": 17526, "w": 37, "h": 31, "class": "pos"}, {"x": 19676, "y": 17514, "w": 112, "h": 69, "class": "pos"}, {"x": 20261, "y": 17055, "w": 45, "h": 39, "class": "pos"}, {"x": 21039, "y": 17036, "w": 380, "h": 262, "class": "pos"}, {"x": 21982, "y": 17103, "w": 76, "h": 47, "class": "pos"}, {"x": 22119, "y": 16978, "w": 115, "h": 197, "class": "pos"}, {"x": 22186, "y": 16883, "w": 134, "h": 105, "class": "pos"}, {"x": 22582, "y": 17203, "w": 103, "h": 91, "class": "pos"}, {"x": 22727, "y": 16850, "w": 30, "h": 34, "class": "pos"}, {"x": 23226, "y": 16956, "w": 50, "h": 58, "class": "pos"}, {"x": 23304, "y": 16985, "w": 303, "h": 279, "class": "pos"}, {"x": 24458, "y": 18248, "w": 205, "h": 216, "class": "pos"}, {"x": 25442, "y": 18750, "w": 109, "h": 91, "class": "pos"}, {"x": 25377, "y": 18858, "w": 107, "h": 118, "class": "pos"}, {"x": 25690, "y": 18915, "w": 61, "h": 152, "class": "pos"}, {"x": 25616, "y": 19389, "w": 57, "h": 80, "class": "pos"}, {"x": 25264, "y": 19562, "w": 110, "h": 152, "class": "pos"}, {"x": 25478, "y": 19935, "w": 67, "h": 26, "class": "pos"}, {"x": 25010, "y": 19706, "w": 57, "h": 71, "class": "pos"}, {"x": 25531, "y": 20181, "w": 107, "h": 155, "class": "pos"}, {"x": 25361, "y": 21177, "w": 91, "h": 59, "class": "pos"}, {"x": 25537, "y": 21405, "w": 41, "h": 49, "class": "pos"}, {"x": 25371, "y": 21619, "w": 157, "h": 164, "class": "pos"}, {"x": 24720, "y": 22319, "w": 73, "h": 53, "class": "pos"}, {"x": 24039, "y": 22141, "w": 400, "h": 213, "class": "pos"}, {"x": 23921, "y": 21554, "w": 56, "h": 58, "class": "pos"}, {"x": 21225, "y": 21223, "w": 382, "h": 506, "class": "pos"}, {"x": 20204, "y": 21996, "w": 285, "h": 198, "class": "pos"}, {"x": 20608, "y": 22072, "w": 154, "h": 209, "class": "pos"}, {"x": 20571, "y": 21940, "w": 40, "h": 45, "class": "pos"}, {"x": 19864, "y": 22168, "w": 56, "h": 25, "class": "pos"}, {"x": 19723, "y": 22217, "w": 41, "h": 40, "class": "pos"}, {"x": 19448, "y": 21826, "w": 134, "h": 130, "class": "pos"}, {"x": 19984, "y": 21451, "w": 113, "h": 98, "class": "pos"}, {"x": 19819, "y": 20691, "w": 143, "h": 233, "class": "pos"}, {"x": 20420, "y": 20402, "w": 74, "h": 62, "class": "pos"}, {"x": 20629, "y": 18449, "w": 223, "h": 219, "class": "pos"}, {"x": 20271, "y": 17559, "w": 58, "h": 68, "class": "pos"}, {"x": 20436, "y": 17488, "w": 109, "h": 119, "class": "pos"}, {"x": 20150, "y": 17605, "w": 103, "h": 94, "class": "pos"}, {"x": 20896, "y": 17914, "w": 82, "h": 176, "class": "pos"}, {"x": 20868, "y": 20408, "w": 67, "h": 74, "class": "pos"}, {"x": 21679, "y": 20610, "w": 276, "h": 239, "class": "pos"}, {"x": 22019, "y": 19912, "w": 31, "h": 30, "class": "pos"}, {"x": 21956, "y": 20069, "w": 29, "h": 39, "class": "pos"}, {"x": 22302, "y": 19760, "w": 49, "h": 29, "class": "pos"}, {"x": 22722, "y": 20054, "w": 43, "h": 37, "class": "pos"}, {"x": 22683, "y": 18595, "w": 74, "h": 62, "class": "pos"}, {"x": 22816, "y": 18543, "w": 79, "h": 78, "class": "pos"}, {"x": 23831, "y": 19266, "w": 124, "h": 167, "class": "pos"}, {"x": 24822, "y": 19454, "w": 113, "h": 96, "class": "pos"}, {"x": 24405, "y": 19342, "w": 100, "h": 94, "class": "pos"}, {"x": 23791, "y": 18260, "w": 219, "h": 167, "class": "pos"}, {"x": 22779, "y": 18130, "w": 77, "h": 43, "class": "pos"}]