[{"x": 18271, "y": 24166, "w": 129, "h": 128, "class": "pos"}, {"x": 17008, "y": 21010, "w": 3352, "h": 3377, "class": "roi"}, {"x": 19968, "y": 21593, "w": 172, "h": 106, "class": "pos"}, {"x": 17983, "y": 21578, "w": 159, "h": 187, "class": "pos"}, {"x": 5934, "y": 15286, "w": 341, "h": 135, "class": "pos"}, {"x": 4942, "y": 14403, "w": 3280, "h": 3211, "class": "roi"}, {"x": 6056, "y": 17399, "w": 95, "h": 76, "class": "pos"}, {"x": 7808, "y": 16554, "w": 121, "h": 120, "class": "pos"}, {"x": 6527, "y": 16029, "w": 82, "h": 84, "class": "pos"}, {"x": 6389, "y": 16929, "w": 83, "h": 55, "class": "pos"}, {"x": 6457, "y": 16713, "w": 42, "h": 57, "class": "pos"}, {"x": 6242, "y": 14737, "w": 124, "h": 125, "class": "pos"}, {"x": 6779, "y": 14543, "w": 105, "h": 79, "class": "pos"}, {"x": 10779, "y": 7465, "w": 100, "h": 155, "class": "pos"}, {"x": 9675, "y": 6464, "w": 3979, "h": 3595, "class": "roi"}, {"x": 10301, "y": 9004, "w": 95, "h": 106, "class": "pos"}, {"x": 12220, "y": 8794, "w": 237, "h": 264, "class": "pos"}]