[{"x": 16077, "y": 2843, "w": 3855, "h": 3362, "class": "roi"}, {"x": 17647, "y": 3767, "w": 248, "h": 483, "class": "pos"}, {"x": 16506, "y": 2999, "w": 229, "h": 116, "class": "pos"}, {"x": 17977, "y": 3101, "w": 68, "h": 127, "class": "pos"}, {"x": 17630, "y": 3075, "w": 143, "h": 78, "class": "pos"}, {"x": 16107, "y": 5721, "w": 88, "h": 90, "class": "pos"}, {"x": 17839, "y": 5363, "w": 64, "h": 74, "class": "pos"}, {"x": 23785, "y": 11042, "w": 5087, "h": 3567, "class": "roi"}, {"x": 24341, "y": 11861, "w": 77, "h": 69, "class": "pos"}, {"x": 27135, "y": 13632, "w": 64, "h": 93, "class": "pos"}, {"x": 27874, "y": 13650, "w": 166, "h": 75, "class": "pos"}, {"x": 28394, "y": 11991, "w": 107, "h": 97, "class": "pos"}, {"x": 26873, "y": 11930, "w": 118, "h": 122, "class": "pos"}, {"x": 25256, "y": 12136, "w": 178, "h": 258, "class": "pos"}, {"x": 24825, "y": 12329, "w": 73, "h": 91, "class": "pos"}, {"x": 27745, "y": 24447, "w": 82, "h": 52, "class": "pos"}, {"x": 25321, "y": 23224, "w": 3822, "h": 3424, "class": "roi"}, {"x": 26525, "y": 23337, "w": 64, "h": 92, "class": "pos"}, {"x": 25889, "y": 23788, "w": 102, "h": 103, "class": "pos"}, {"x": 27034, "y": 23401, "w": 108, "h": 103, "class": "pos"}, {"x": 27004, "y": 23952, "w": 79, "h": 144, "class": "pos"}, {"x": 26928, "y": 24093, "w": 103, "h": 85, "class": "pos"}, {"x": 26814, "y": 24126, "w": 68, "h": 69, "class": "pos"}]