[{"x": 23547, "y": 7053, "w": 3032, "h": 2210, "class": "roi"}, {"x": 25269, "y": 7536, "w": 115, "h": 74, "class": "pos"}, {"x": 24894, "y": 8059, "w": 111, "h": 160, "class": "pos"}, {"x": 23920, "y": 7998, "w": 45, "h": 80, "class": "pos"}, {"x": 23912, "y": 8397, "w": 40, "h": 56, "class": "pos"}, {"x": 23682, "y": 9176, "w": 42, "h": 59, "class": "pos"}, {"x": 19378, "y": 8546, "w": 2551, "h": 2166, "class": "roi"}, {"x": 20506, "y": 9242, "w": 100, "h": 239, "class": "pos"}, {"x": 20486, "y": 8771, "w": 47, "h": 57, "class": "pos"}, {"x": 9393, "y": 8163, "w": 2680, "h": 2620, "class": "roi"}, {"x": 10566, "y": 9949, "w": 116, "h": 225, "class": "pos"}, {"x": 10688, "y": 10089, "w": 49, "h": 70, "class": "pos"}, {"x": 10833, "y": 8676, "w": 449, "h": 439, "class": "pos"}, {"x": 20838, "y": 14281, "w": 210, "h": 152, "class": "pos"}, {"x": 21604, "y": 13547, "w": 76, "h": 75, "class": "pos"}, {"x": 21384, "y": 13552, "w": 97, "h": 58, "class": "pos"}, {"x": 22628, "y": 13696, "w": 69, "h": 92, "class": "pos"}, {"x": 23351, "y": 14459, "w": 102, "h": 97, "class": "pos"}, {"x": 23531, "y": 14073, "w": 120, "h": 167, "class": "pos"}, {"x": 20464, "y": 13363, "w": 3385, "h": 2835, "class": "roi"}]