[{"x": 10860, "y": 3710, "w": 3380, "h": 3505, "class": "roi"}, {"x": 12468, "y": 3773, "w": 157, "h": 135, "class": "pos"}, {"x": 11837, "y": 4220, "w": 288, "h": 251, "class": "pos"}, {"x": 11170, "y": 5288, "w": 205, "h": 185, "class": "pos"}, {"x": 12293, "y": 5657, "w": 118, "h": 184, "class": "pos"}, {"x": 11596, "y": 6677, "w": 63, "h": 71, "class": "pos"}, {"x": 20482, "y": 21350, "w": 3437, "h": 3273, "class": "roi"}, {"x": 21822, "y": 21930, "w": 123, "h": 168, "class": "pos"}, {"x": 22197, "y": 21736, "w": 215, "h": 107, "class": "pos"}, {"x": 22356, "y": 21958, "w": 496, "h": 482, "class": "pos"}, {"x": 22907, "y": 22710, "w": 168, "h": 211, "class": "pos"}, {"x": 23294, "y": 22182, "w": 50, "h": 64, "class": "pos"}, {"x": 22732, "y": 23044, "w": 165, "h": 169, "class": "pos"}, {"x": 22382, "y": 23495, "w": 64, "h": 98, "class": "pos"}, {"x": 22479, "y": 23435, "w": 43, "h": 47, "class": "pos"}, {"x": 21764, "y": 24212, "w": 348, "h": 294, "class": "pos"}, {"x": 22455, "y": 21712, "w": 173, "h": 248, "class": "pos"}]