[{"x": 38545, "y": 34115, "w": 212, "h": 213, "class": "pos"}, {"x": 36038, "y": 32722, "w": 4101, "h": 3776, "class": "roi"}, {"x": 37649, "y": 35878, "w": 285, "h": 276, "class": "pos"}, {"x": 22936, "y": 35789, "w": 4539, "h": 4604, "class": "roi"}, {"x": 26340, "y": 37128, "w": 186, "h": 200, "class": "pos"}, {"x": 26485, "y": 37980, "w": 146, "h": 196, "class": "pos"}, {"x": 25800, "y": 38509, "w": 508, "h": 275, "class": "pos"}, {"x": 25827, "y": 39311, "w": 494, "h": 381, "class": "pos"}, {"x": 24442, "y": 39169, "w": 149, "h": 116, "class": "pos"}]