[{"x": 11307, "y": 2684, "w": 3467, "h": 3353, "class": "roi"}, {"x": 13085, "y": 3898, "w": 175, "h": 100, "class": "pos"}, {"x": 13520, "y": 3184, "w": 135, "h": 114, "class": "pos"}, {"x": 13569, "y": 3650, "w": 413, "h": 184, "class": "pos"}, {"x": 21616, "y": 4067, "w": 2624, "h": 3454, "class": "roi"}, {"x": 22155, "y": 4235, "w": 160, "h": 204, "class": "pos"}, {"x": 23399, "y": 5514, "w": 297, "h": 338, "class": "pos"}, {"x": 23537, "y": 6440, "w": 249, "h": 235, "class": "pos"}, {"x": 23476, "y": 7215, "w": 149, "h": 151, "class": "pos"}, {"x": 23634, "y": 7322, "w": 90, "h": 58, "class": "pos"}, {"x": 24425, "y": 5684, "w": 4542, "h": 5860, "class": "roi"}, {"x": 24482, "y": 6803, "w": 121, "h": 100, "class": "pos"}, {"x": 24567, "y": 8076, "w": 280, "h": 324, "class": "pos"}, {"x": 25934, "y": 7456, "w": 248, "h": 236, "class": "pos"}, {"x": 26648, "y": 10516, "w": 90, "h": 114, "class": "pos"}, {"x": 26756, "y": 10572, "w": 171, "h": 113, "class": "pos"}, {"x": 29841, "y": 8776, "w": 4754, "h": 4538, "class": "roi"}, {"x": 31986, "y": 9976, "w": 235, "h": 221, "class": "pos"}, {"x": 40038, "y": 11093, "w": 3480, "h": 3918, "class": "roi"}, {"x": 42067, "y": 11735, "w": 211, "h": 213, "class": "pos"}, {"x": 42200, "y": 12110, "w": 129, "h": 253, "class": "pos"}, {"x": 42494, "y": 14141, "w": 498, "h": 266, "class": "pos"}, {"x": 40650, "y": 13972, "w": 146, "h": 146, "class": "pos"}, {"x": 13641, "y": 3343, "w": 442, "h": 303, "class": "pos"}, {"x": 11712, "y": 5205, "w": 296, "h": 209, "class": "pos"}]