[{"x": 30554, "y": 7944, "w": 3512, "h": 3809, "class": "roi"}, {"x": 40747, "y": 14762, "w": 4137, "h": 3996, "class": "roi"}, {"x": 37832, "y": 36353, "w": 3530, "h": 3561, "class": "roi"}, {"x": 30558, "y": 8557, "w": 74, "h": 104, "class": "pos"}, {"x": 30861, "y": 8288, "w": 80, "h": 82, "class": "pos"}, {"x": 30803, "y": 8488, "w": 80, "h": 94, "class": "pos"}, {"x": 30787, "y": 8705, "w": 52, "h": 82, "class": "pos"}, {"x": 31169, "y": 8306, "w": 87, "h": 71, "class": "pos"}, {"x": 31723, "y": 8190, "w": 107, "h": 59, "class": "pos"}, {"x": 31733, "y": 8036, "w": 71, "h": 61, "class": "pos"}, {"x": 31857, "y": 8381, "w": 140, "h": 101, "class": "pos"}, {"x": 33643, "y": 8191, "w": 67, "h": 86, "class": "pos"}, {"x": 33528, "y": 7957, "w": 76, "h": 59, "class": "pos"}, {"x": 33351, "y": 8519, "w": 56, "h": 58, "class": "pos"}, {"x": 33219, "y": 8671, "w": 59, "h": 58, "class": "pos"}, {"x": 31965, "y": 8637, "w": 334, "h": 236, "class": "pos"}, {"x": 31372, "y": 9058, "w": 149, "h": 135, "class": "pos"}, {"x": 31434, "y": 8883, "w": 145, "h": 172, "class": "pos"}, {"x": 31101, "y": 8990, "w": 72, "h": 88, "class": "pos"}, {"x": 31479, "y": 9258, "w": 91, "h": 63, "class": "pos"}, {"x": 33441, "y": 9191, "w": 109, "h": 77, "class": "pos"}, {"x": 33867, "y": 8988, "w": 68, "h": 72, "class": "pos"}, {"x": 33339, "y": 9175, "w": 101, "h": 58, "class": "pos"}, {"x": 33657, "y": 9416, "w": 113, "h": 111, "class": "pos"}, {"x": 31755, "y": 11079, "w": 76, "h": 72, "class": "pos"}, {"x": 41691, "y": 15130, "w": 96, "h": 79, "class": "pos"}, {"x": 44026, "y": 14966, "w": 82, "h": 73, "class": "pos"}, {"x": 44135, "y": 15743, "w": 91, "h": 94, "class": "pos"}, {"x": 44318, "y": 16010, "w": 124, "h": 105, "class": "pos"}, {"x": 44241, "y": 15694, "w": 57, "h": 83, "class": "pos"}, {"x": 43928, "y": 16772, "w": 118, "h": 102, "class": "pos"}, {"x": 44076, "y": 16589, "w": 112, "h": 96, "class": "pos"}, {"x": 44328, "y": 16729, "w": 54, "h": 61, "class": "pos"}, {"x": 44734, "y": 16612, "w": 72, "h": 108, "class": "pos"}, {"x": 43549, "y": 16988, "w": 248, "h": 167, "class": "pos"}, {"x": 41904, "y": 17970, "w": 101, "h": 68, "class": "pos"}, {"x": 41958, "y": 18371, "w": 96, "h": 69, "class": "pos"}, {"x": 41360, "y": 16389, "w": 149, "h": 94, "class": "pos"}, {"x": 41447, "y": 16275, "w": 134, "h": 77, "class": "pos"}, {"x": 41275, "y": 16207, "w": 90, "h": 120, "class": "pos"}, {"x": 41354, "y": 15800, "w": 122, "h": 125, "class": "pos"}, {"x": 42045, "y": 15978, "w": 94, "h": 134, "class": "pos"}, {"x": 42532, "y": 16025, "w": 45, "h": 41, "class": "pos"}, {"x": 42184, "y": 15817, "w": 42, "h": 48, "class": "pos"}, {"x": 41932, "y": 15675, "w": 141, "h": 116, "class": "pos"}, {"x": 42113, "y": 15721, "w": 74, "h": 74, "class": "pos"}, {"x": 42407, "y": 15745, "w": 86, "h": 53, "class": "pos"}, {"x": 41876, "y": 15354, "w": 63, "h": 92, "class": "pos"}, {"x": 41957, "y": 14982, "w": 75, "h": 77, "class": "pos"}, {"x": 41759, "y": 15811, "w": 126, "h": 67, "class": "pos"}, {"x": 39789, "y": 36660, "w": 80, "h": 78, "class": "pos"}, {"x": 40386, "y": 36422, "w": 160, "h": 180, "class": "pos"}, {"x": 40728, "y": 37331, "w": 61, "h": 74, "class": "pos"}, {"x": 38971, "y": 36514, "w": 110, "h": 111, "class": "pos"}, {"x": 38465, "y": 37838, "w": 100, "h": 64, "class": "pos"}, {"x": 38392, "y": 37889, "w": 55, "h": 95, "class": "pos"}, {"x": 38944, "y": 37862, "w": 76, "h": 94, "class": "pos"}, {"x": 39014, "y": 37349, "w": 386, "h": 370, "class": "pos"}, {"x": 40627, "y": 38107, "w": 64, "h": 94, "class": "pos"}, {"x": 39262, "y": 39490, "w": 161, "h": 123, "class": "pos"}, {"x": 38733, "y": 39083, "w": 58, "h": 80, "class": "pos"}, {"x": 31917, "y": 8804, "w": 59, "h": 60, "class": "pos"}, {"x": 41769, "y": 15887, "w": 64, "h": 90, "class": "pos"}, {"x": 43980, "y": 16856, "w": 55, "h": 48, "class": "pos"}, {"x": 38610, "y": 37838, "w": 74, "h": 53, "class": "pos"}, {"x": 39258, "y": 37726, "w": 53, "h": 70, "class": "pos"}, {"x": 41472, "y": 15877, "w": 104, "h": 70, "class": "pos"}]