[{"x": 21716, "y": 43341, "w": 2599, "h": 2064, "class": "roi"}, {"x": 21799, "y": 43596, "w": 86, "h": 168, "class": "pos"}, {"x": 21812, "y": 43875, "w": 104, "h": 111, "class": "pos"}, {"x": 22621, "y": 44193, "w": 178, "h": 186, "class": "pos"}, {"x": 22912, "y": 44119, "w": 88, "h": 126, "class": "pos"}, {"x": 22779, "y": 44117, "w": 60, "h": 41, "class": "pos"}, {"x": 23919, "y": 43857, "w": 80, "h": 76, "class": "pos"}, {"x": 24104, "y": 44766, "w": 43, "h": 74, "class": "pos"}, {"x": 22720, "y": 44740, "w": 85, "h": 54, "class": "pos"}, {"x": 22135, "y": 44672, "w": 65, "h": 68, "class": "pos"}, {"x": 23184, "y": 45156, "w": 81, "h": 71, "class": "pos"}, {"x": 23279, "y": 45130, "w": 72, "h": 56, "class": "pos"}, {"x": 21207, "y": 6718, "w": 2399, "h": 2000, "class": "roi"}, {"x": 23101, "y": 7097, "w": 105, "h": 117, "class": "pos"}, {"x": 22989, "y": 6762, "w": 66, "h": 60, "class": "pos"}, {"x": 21473, "y": 7427, "w": 185, "h": 115, "class": "pos"}, {"x": 21602, "y": 7989, "w": 109, "h": 116, "class": "pos"}, {"x": 21459, "y": 7791, "w": 44, "h": 62, "class": "pos"}, {"x": 23273, "y": 7307, "w": 27, "h": 49, "class": "pos"}, {"x": 28270, "y": 2041, "w": 2686, "h": 2387, "class": "roi"}, {"x": 29641, "y": 3160, "w": 292, "h": 244, "class": "pos"}, {"x": 28705, "y": 3124, "w": 80, "h": 72, "class": "pos"}, {"x": 28597, "y": 3063, "w": 132, "h": 69, "class": "pos"}, {"x": 28641, "y": 2054, "w": 100, "h": 86, "class": "pos"}, {"x": 28295, "y": 3482, "w": 78, "h": 72, "class": "pos"}, {"x": 28644, "y": 3762, "w": 62, "h": 57, "class": "pos"}, {"x": 28301, "y": 4172, "w": 66, "h": 55, "class": "pos"}, {"x": 28323, "y": 4290, "w": 106, "h": 122, "class": "pos"}, {"x": 29087, "y": 3685, "w": 79, "h": 63, "class": "pos"}, {"x": 30070, "y": 4058, "w": 64, "h": 67, "class": "pos"}, {"x": 18829, "y": 10731, "w": 2635, "h": 1903, "class": "roi"}, {"x": 20181, "y": 11652, "w": 281, "h": 359, "class": "pos"}, {"x": 18964, "y": 11447, "w": 114, "h": 102, "class": "pos"}, {"x": 9708, "y": 29100, "w": 2590, "h": 1561, "class": "roi"}, {"x": 10987, "y": 29204, "w": 152, "h": 226, "class": "pos"}, {"x": 10781, "y": 29679, "w": 87, "h": 138, "class": "pos"}, {"x": 10857, "y": 29150, "w": 49, "h": 85, "class": "pos"}, {"x": 10851, "y": 29307, "w": 52, "h": 118, "class": "pos"}, {"x": 10074, "y": 30417, "w": 188, "h": 148, "class": "pos"}, {"x": 12141, "y": 29588, "w": 129, "h": 113, "class": "pos"}]