[{"x": 11471, "y": 3176, "w": 4608, "h": 4119, "class": "roi"}, {"x": 11599, "y": 3531, "w": 79, "h": 64, "class": "pos"}, {"x": 15053, "y": 4552, "w": 171, "h": 78, "class": "pos"}, {"x": 15082, "y": 4893, "w": 149, "h": 133, "class": "pos"}, {"x": 15132, "y": 4225, "w": 398, "h": 213, "class": "pos"}, {"x": 15096, "y": 5403, "w": 187, "h": 139, "class": "pos"}, {"x": 12365, "y": 4861, "w": 129, "h": 106, "class": "pos"}, {"x": 11919, "y": 5534, "w": 88, "h": 115, "class": "pos"}, {"x": 14226, "y": 6067, "w": 110, "h": 125, "class": "pos"}, {"x": 10250, "y": 21257, "w": 5708, "h": 5204, "class": "roi"}, {"x": 10755, "y": 21407, "w": 117, "h": 150, "class": "pos"}, {"x": 12938, "y": 22112, "w": 110, "h": 159, "class": "pos"}, {"x": 15334, "y": 23103, "w": 176, "h": 103, "class": "pos"}, {"x": 11479, "y": 24997, "w": 88, "h": 90, "class": "pos"}, {"x": 13468, "y": 25151, "w": 67, "h": 58, "class": "pos"}, {"x": 21701, "y": 12742, "w": 4259, "h": 3910, "class": "roi"}, {"x": 22828, "y": 13357, "w": 92, "h": 157, "class": "pos"}, {"x": 24421, "y": 13600, "w": 134, "h": 101, "class": "pos"}, {"x": 24528, "y": 14447, "w": 108, "h": 102, "class": "pos"}, {"x": 24194, "y": 14074, "w": 91, "h": 60, "class": "pos"}, {"x": 22391, "y": 13625, "w": 138, "h": 129, "class": "pos"}, {"x": 22375, "y": 13772, "w": 104, "h": 130, "class": "pos"}, {"x": 22159, "y": 15339, "w": 155, "h": 107, "class": "pos"}, {"x": 24250, "y": 16232, "w": 111, "h": 90, "class": "pos"}, {"x": 4860, "y": 13621, "w": 4766, "h": 4462, "class": "roi"}, {"x": 7013, "y": 13720, "w": 94, "h": 90, "class": "pos"}, {"x": 7372, "y": 13696, "w": 128, "h": 59, "class": "pos"}, {"x": 8131, "y": 13814, "w": 76, "h": 63, "class": "pos"}, {"x": 8318, "y": 13667, "w": 53, "h": 36, "class": "pos"}, {"x": 8485, "y": 13730, "w": 90, "h": 46, "class": "pos"}, {"x": 8566, "y": 14049, "w": 37, "h": 79, "class": "pos"}, {"x": 7771, "y": 14502, "w": 51, "h": 39, "class": "pos"}, {"x": 5869, "y": 17437, "w": 146, "h": 86, "class": "pos"}, {"x": 5241, "y": 17717, "w": 68, "h": 79, "class": "pos"}, {"x": 7169, "y": 16041, "w": 179, "h": 307, "class": "pos"}, {"x": 5255, "y": 16131, "w": 171, "h": 122, "class": "pos"}, {"x": 9377, "y": 15014, "w": 95, "h": 77, "class": "pos"}]