[{"x": 23952, "y": 11500, "w": 131, "h": 177, "class": "pos"}, {"x": 23906, "y": 12274, "w": 158, "h": 185, "class": "pos"}, {"x": 23183, "y": 13164, "w": 92, "h": 91, "class": "pos"}, {"x": 21455, "y": 10802, "w": 3991, "h": 3200, "class": "roi"}, {"x": 22664, "y": 11932, "w": 115, "h": 156, "class": "pos"}, {"x": 23007, "y": 13441, "w": 184, "h": 135, "class": "pos"}, {"x": 23466, "y": 11643, "w": 81, "h": 107, "class": "pos"}, {"x": 22152, "y": 10960, "w": 63, "h": 68, "class": "pos"}, {"x": 21505, "y": 34719, "w": 247, "h": 177, "class": "pos"}, {"x": 18696, "y": 32099, "w": 4743, "h": 5135, "class": "roi"}, {"x": 22927, "y": 36085, "w": 93, "h": 104, "class": "pos"}, {"x": 22266, "y": 36113, "w": 72, "h": 60, "class": "pos"}, {"x": 20662, "y": 35381, "w": 142, "h": 95, "class": "pos"}, {"x": 22945, "y": 34171, "w": 69, "h": 91, "class": "pos"}, {"x": 24042, "y": 12361, "w": 73, "h": 57, "class": "pos"}]