[{"x": 4161, "y": 14540, "w": 7518, "h": 5419, "class": "roi"}, {"x": 41128, "y": 16635, "w": 3999, "h": 3454, "class": "roi"}, {"x": 42365, "y": 17199, "w": 169, "h": 184, "class": "pos"}, {"x": 43236, "y": 17371, "w": 127, "h": 139, "class": "pos"}, {"x": 43025, "y": 17133, "w": 128, "h": 162, "class": "pos"}, {"x": 43493, "y": 18533, "w": 248, "h": 305, "class": "pos"}, {"x": 44190, "y": 19638, "w": 225, "h": 163, "class": "pos"}, {"x": 44048, "y": 19777, "w": 264, "h": 189, "class": "pos"}, {"x": 6929, "y": 16535, "w": 342, "h": 270, "class": "pos"}, {"x": 4970, "y": 15908, "w": 131, "h": 80, "class": "pos"}, {"x": 5238, "y": 15770, "w": 58, "h": 46, "class": "pos"}, {"x": 5279, "y": 16982, "w": 98, "h": 171, "class": "pos"}, {"x": 5182, "y": 16971, "w": 88, "h": 71, "class": "pos"}, {"x": 4930, "y": 17189, "w": 137, "h": 143, "class": "pos"}, {"x": 4375, "y": 17030, "w": 80, "h": 91, "class": "pos"}, {"x": 6165, "y": 18781, "w": 113, "h": 166, "class": "pos"}, {"x": 6953, "y": 19609, "w": 351, "h": 317, "class": "pos"}, {"x": 11303, "y": 15200, "w": 353, "h": 491, "class": "pos"}, {"x": 10322, "y": 15174, "w": 482, "h": 428, "class": "pos"}, {"x": 9673, "y": 16951, "w": 429, "h": 411, "class": "pos"}, {"x": 5516, "y": 14552, "w": 109, "h": 184, "class": "pos"}, {"x": 6717, "y": 16154, "w": 460, "h": 381, "class": "pos"}, {"x": 6776, "y": 15880, "w": 505, "h": 271, "class": "pos"}, {"x": 6753, "y": 15559, "w": 456, "h": 319, "class": "pos"}, {"x": 10807, "y": 15076, "w": 492, "h": 361, "class": "pos"}, {"x": 10382, "y": 15607, "w": 474, "h": 440, "class": "pos"}, {"x": 9968, "y": 15769, "w": 411, "h": 537, "class": "pos"}, {"x": 9480, "y": 16415, "w": 291, "h": 512, "class": "pos"}, {"x": 9198, "y": 16081, "w": 324, "h": 326, "class": "pos"}, {"x": 9525, "y": 15921, "w": 440, "h": 489, "class": "pos"}, {"x": 9447, "y": 15521, "w": 518, "h": 397, "class": "pos"}, {"x": 9088, "y": 15839, "w": 355, "h": 246, "class": "pos"}, {"x": 8986, "y": 15126, "w": 458, "h": 463, "class": "pos"}, {"x": 9447, "y": 15301, "w": 159, "h": 217, "class": "pos"}, {"x": 9700, "y": 17364, "w": 287, "h": 506, "class": "pos"}]