[{"x": 25217, "y": 5488, "w": 314, "h": 280, "class": "pos"}, {"x": 22584, "y": 4518, "w": 9250, "h": 7995, "class": "roi"}, {"x": 23189, "y": 9452, "w": 81, "h": 125, "class": "pos"}, {"x": 23364, "y": 5188, "w": 136, "h": 238, "class": "pos"}, {"x": 24221, "y": 5760, "w": 147, "h": 215, "class": "pos"}, {"x": 24209, "y": 5981, "w": 57, "h": 66, "class": "pos"}, {"x": 27789, "y": 5580, "w": 160, "h": 115, "class": "pos"}, {"x": 28272, "y": 7193, "w": 75, "h": 92, "class": "pos"}, {"x": 26980, "y": 7276, "w": 153, "h": 174, "class": "pos"}, {"x": 23203, "y": 8463, "w": 97, "h": 75, "class": "pos"}, {"x": 30843, "y": 8696, "w": 160, "h": 121, "class": "pos"}, {"x": 30796, "y": 9995, "w": 60, "h": 97, "class": "pos"}, {"x": 25701, "y": 11066, "w": 145, "h": 139, "class": "pos"}, {"x": 30691, "y": 12222, "w": 121, "h": 131, "class": "pos"}, {"x": 18359, "y": 33308, "w": 12202, "h": 9239, "class": "roi"}, {"x": 21787, "y": 34349, "w": 181, "h": 122, "class": "pos"}, {"x": 26487, "y": 36289, "w": 147, "h": 179, "class": "pos"}, {"x": 24874, "y": 36482, "w": 157, "h": 99, "class": "pos"}, {"x": 22045, "y": 36107, "w": 107, "h": 134, "class": "pos"}, {"x": 22311, "y": 36066, "w": 137, "h": 58, "class": "pos"}, {"x": 20203, "y": 35769, "w": 114, "h": 111, "class": "pos"}, {"x": 18440, "y": 35705, "w": 173, "h": 154, "class": "pos"}, {"x": 18445, "y": 36918, "w": 165, "h": 182, "class": "pos"}, {"x": 25536, "y": 37430, "w": 139, "h": 166, "class": "pos"}, {"x": 26491, "y": 41125, "w": 224, "h": 159, "class": "pos"}, {"x": 27228, "y": 41009, "w": 85, "h": 194, "class": "pos"}, {"x": 4230, "y": 16270, "w": 12327, "h": 10633, "class": "roi"}, {"x": 5554, "y": 17008, "w": 103, "h": 142, "class": "pos"}, {"x": 9297, "y": 16846, "w": 92, "h": 135, "class": "pos"}, {"x": 13254, "y": 16720, "w": 125, "h": 160, "class": "pos"}, {"x": 15457, "y": 16728, "w": 86, "h": 126, "class": "pos"}, {"x": 16254, "y": 18141, "w": 104, "h": 166, "class": "pos"}, {"x": 5342, "y": 17799, "w": 128, "h": 185, "class": "pos"}, {"x": 9782, "y": 19592, "w": 144, "h": 149, "class": "pos"}, {"x": 16299, "y": 20733, "w": 96, "h": 101, "class": "pos"}, {"x": 4498, "y": 19840, "w": 226, "h": 257, "class": "pos"}, {"x": 5966, "y": 22829, "w": 89, "h": 111, "class": "pos"}, {"x": 14885, "y": 25581, "w": 61, "h": 67, "class": "pos"}, {"x": 12514, "y": 26479, "w": 234, "h": 168, "class": "pos"}, {"x": 10763, "y": 26394, "w": 232, "h": 192, "class": "pos"}, {"x": 10997, "y": 26363, "w": 159, "h": 125, "class": "pos"}, {"x": 9728, "y": 25320, "w": 468, "h": 567, "class": "pos"}, {"x": 5168, "y": 26416, "w": 81, "h": 97, "class": "pos"}]