[{"x": 19503, "y": 2521, "w": 10412, "h": 9190, "class": "roi"}, {"x": 19914, "y": 3012, "w": 108, "h": 89, "class": "pos"}, {"x": 22476, "y": 3233, "w": 86, "h": 110, "class": "pos"}, {"x": 20855, "y": 4479, "w": 234, "h": 172, "class": "pos"}, {"x": 26586, "y": 8925, "w": 82, "h": 99, "class": "pos"}, {"x": 25113, "y": 8713, "w": 118, "h": 136, "class": "pos"}, {"x": 19536, "y": 35129, "w": 11982, "h": 9423, "class": "roi"}, {"x": 26798, "y": 36213, "w": 195, "h": 170, "class": "pos"}, {"x": 27964, "y": 35829, "w": 128, "h": 80, "class": "pos"}, {"x": 30917, "y": 36470, "w": 139, "h": 336, "class": "pos"}, {"x": 29633, "y": 36367, "w": 166, "h": 131, "class": "pos"}, {"x": 34311, "y": 17276, "w": 10819, "h": 10470, "class": "roi"}, {"x": 35904, "y": 21964, "w": 213, "h": 233, "class": "pos"}]