[{"x": 7966, "y": 7708, "w": 99, "h": 67, "class": "pos"}, {"x": 8111, "y": 7815, "w": 111, "h": 81, "class": "pos"}, {"x": 7395, "y": 6305, "w": 3955, "h": 3940, "class": "roi"}, {"x": 9384, "y": 7412, "w": 88, "h": 74, "class": "pos"}, {"x": 9844, "y": 7099, "w": 118, "h": 142, "class": "pos"}, {"x": 9096, "y": 7282, "w": 97, "h": 97, "class": "pos"}, {"x": 10204, "y": 6624, "w": 51, "h": 74, "class": "pos"}, {"x": 9039, "y": 7715, "w": 56, "h": 42, "class": "pos"}, {"x": 10192, "y": 8832, "w": 66, "h": 48, "class": "pos"}, {"x": 10682, "y": 8844, "w": 70, "h": 75, "class": "pos"}, {"x": 10820, "y": 8921, "w": 84, "h": 53, "class": "pos"}, {"x": 11030, "y": 9022, "w": 86, "h": 84, "class": "pos"}, {"x": 10399, "y": 9302, "w": 83, "h": 113, "class": "pos"}, {"x": 10257, "y": 9238, "w": 47, "h": 89, "class": "pos"}, {"x": 11132, "y": 8926, "w": 89, "h": 95, "class": "pos"}, {"x": 10850, "y": 9561, "w": 89, "h": 63, "class": "pos"}, {"x": 11232, "y": 9597, "w": 77, "h": 81, "class": "pos"}, {"x": 11171, "y": 9394, "w": 64, "h": 52, "class": "pos"}, {"x": 10363, "y": 9681, "w": 96, "h": 72, "class": "pos"}, {"x": 8977, "y": 9711, "w": 59, "h": 79, "class": "pos"}, {"x": 8116, "y": 10080, "w": 102, "h": 132, "class": "pos"}, {"x": 8063, "y": 21575, "w": 3235, "h": 3241, "class": "roi"}, {"x": 8106, "y": 21990, "w": 96, "h": 140, "class": "pos"}, {"x": 8203, "y": 21642, "w": 96, "h": 134, "class": "pos"}, {"x": 8268, "y": 21752, "w": 129, "h": 95, "class": "pos"}, {"x": 8082, "y": 21884, "w": 145, "h": 94, "class": "pos"}, {"x": 9707, "y": 21966, "w": 170, "h": 148, "class": "pos"}, {"x": 10042, "y": 21676, "w": 98, "h": 70, "class": "pos"}, {"x": 10903, "y": 22067, "w": 94, "h": 117, "class": "pos"}, {"x": 10905, "y": 22261, "w": 66, "h": 66, "class": "pos"}, {"x": 8540, "y": 22628, "w": 66, "h": 56, "class": "pos"}, {"x": 8738, "y": 24090, "w": 74, "h": 135, "class": "pos"}, {"x": 9530, "y": 23931, "w": 63, "h": 140, "class": "pos"}, {"x": 20188, "y": 9083, "w": 64, "h": 81, "class": "pos"}, {"x": 19148, "y": 8131, "w": 3735, "h": 3316, "class": "roi"}, {"x": 21495, "y": 9188, "w": 123, "h": 141, "class": "pos"}, {"x": 19856, "y": 10431, "w": 270, "h": 148, "class": "pos"}]