[{"x": 31664, "y": 41983, "w": 220, "h": 226, "class": "pos"}, {"x": 26750, "y": 37431, "w": 5345, "h": 5345, "class": "roi"}, {"x": 39345, "y": 19309, "w": 405, "h": 394, "class": "pos"}, {"x": 34157, "y": 15821, "w": 5799, "h": 8018, "class": "roi"}, {"x": 38940, "y": 18968, "w": 405, "h": 404, "class": "pos"}, {"x": 38737, "y": 19158, "w": 203, "h": 356, "class": "pos"}, {"x": 38941, "y": 19373, "w": 402, "h": 292, "class": "pos"}, {"x": 39346, "y": 19036, "w": 355, "h": 272, "class": "pos"}]