[{"x": 36879, "y": 25258, "w": 499, "h": 369, "class": "pos"}, {"x": 36142, "y": 24792, "w": 6979, "h": 6223, "class": "roi"}, {"x": 40982, "y": 28316, "w": 209, "h": 296, "class": "pos"}, {"x": 39081, "y": 28402, "w": 220, "h": 245, "class": "pos"}, {"x": 39233, "y": 26908, "w": 111, "h": 144, "class": "pos"}, {"x": 39604, "y": 27047, "w": 109, "h": 137, "class": "pos"}, {"x": 41784, "y": 27166, "w": 164, "h": 159, "class": "pos"}, {"x": 41315, "y": 25646, "w": 124, "h": 194, "class": "pos"}, {"x": 40819, "y": 12849, "w": 423, "h": 191, "class": "pos"}, {"x": 34844, "y": 11074, "w": 6863, "h": 5176, "class": "roi"}, {"x": 39716, "y": 14629, "w": 130, "h": 290, "class": "pos"}, {"x": 39356, "y": 15910, "w": 142, "h": 186, "class": "pos"}, {"x": 37479, "y": 16095, "w": 155, "h": 106, "class": "pos"}, {"x": 40562, "y": 15437, "w": 139, "h": 115, "class": "pos"}, {"x": 39691, "y": 14111, "w": 122, "h": 141, "class": "pos"}, {"x": 38650, "y": 13987, "w": 243, "h": 268, "class": "pos"}, {"x": 38579, "y": 13779, "w": 114, "h": 97, "class": "pos"}, {"x": 37471, "y": 12602, "w": 154, "h": 213, "class": "pos"}, {"x": 38616, "y": 12845, "w": 260, "h": 192, "class": "pos"}, {"x": 37345, "y": 11607, "w": 421, "h": 173, "class": "pos"}, {"x": 40069, "y": 11359, "w": 106, "h": 98, "class": "pos"}, {"x": 18480, "y": 21218, "w": 277, "h": 222, "class": "pos"}, {"x": 12854, "y": 16446, "w": 7175, "h": 5261, "class": "roi"}, {"x": 16390, "y": 20470, "w": 173, "h": 206, "class": "pos"}, {"x": 19429, "y": 18406, "w": 234, "h": 289, "class": "pos"}, {"x": 16707, "y": 16585, "w": 164, "h": 308, "class": "pos"}, {"x": 12933, "y": 17203, "w": 126, "h": 140, "class": "pos"}, {"x": 14793, "y": 20362, "w": 163, "h": 161, "class": "pos"}, {"x": 10589, "y": 36190, "w": 101, "h": 135, "class": "pos"}, {"x": 9573, "y": 35670, "w": 7037, "h": 6049, "class": "roi"}, {"x": 11046, "y": 36617, "w": 209, "h": 223, "class": "pos"}, {"x": 14477, "y": 40219, "w": 247, "h": 423, "class": "pos"}, {"x": 30760, "y": 38706, "w": 345, "h": 565, "class": "pos"}, {"x": 29624, "y": 39223, "w": 199, "h": 445, "class": "pos"}, {"x": 25815, "y": 34246, "w": 8782, "h": 9435, "class": "roi"}, {"x": 29270, "y": 34429, "w": 123, "h": 175, "class": "pos"}, {"x": 31443, "y": 34971, "w": 124, "h": 205, "class": "pos"}, {"x": 32075, "y": 34319, "w": 287, "h": 262, "class": "pos"}, {"x": 29470, "y": 38541, "w": 203, "h": 204, "class": "pos"}, {"x": 30979, "y": 39268, "w": 50, "h": 75, "class": "pos"}]