[{"x": 19944, "y": 24113, "w": 3795, "h": 3525, "class": "roi"}, {"x": 19388, "y": 29969, "w": 4042, "h": 3619, "class": "roi"}, {"x": 33384, "y": 38378, "w": 3384, "h": 3901, "class": "roi"}, {"x": 21870, "y": 26553, "w": 200, "h": 172, "class": "pos"}, {"x": 21772, "y": 26457, "w": 132, "h": 167, "class": "pos"}, {"x": 21920, "y": 26400, "w": 53, "h": 73, "class": "pos"}, {"x": 22011, "y": 26365, "w": 45, "h": 101, "class": "pos"}, {"x": 21452, "y": 26493, "w": 69, "h": 86, "class": "pos"}, {"x": 21074, "y": 27056, "w": 117, "h": 80, "class": "pos"}, {"x": 21338, "y": 24286, "w": 79, "h": 83, "class": "pos"}, {"x": 20023, "y": 24412, "w": 53, "h": 46, "class": "pos"}, {"x": 20253, "y": 24470, "w": 75, "h": 105, "class": "pos"}, {"x": 19996, "y": 25230, "w": 125, "h": 75, "class": "pos"}, {"x": 21170, "y": 31826, "w": 68, "h": 68, "class": "pos"}, {"x": 21245, "y": 31845, "w": 59, "h": 83, "class": "pos"}, {"x": 21106, "y": 31866, "w": 49, "h": 56, "class": "pos"}, {"x": 21611, "y": 31967, "w": 94, "h": 113, "class": "pos"}, {"x": 21232, "y": 31964, "w": 80, "h": 94, "class": "pos"}, {"x": 21613, "y": 31244, "w": 127, "h": 122, "class": "pos"}, {"x": 21681, "y": 31679, "w": 58, "h": 69, "class": "pos"}, {"x": 21375, "y": 30701, "w": 124, "h": 127, "class": "pos"}, {"x": 23311, "y": 30453, "w": 65, "h": 52, "class": "pos"}, {"x": 19849, "y": 30635, "w": 54, "h": 60, "class": "pos"}, {"x": 20438, "y": 31016, "w": 83, "h": 74, "class": "pos"}, {"x": 34615, "y": 39371, "w": 77, "h": 116, "class": "pos"}, {"x": 34439, "y": 39439, "w": 68, "h": 66, "class": "pos"}, {"x": 34932, "y": 38878, "w": 82, "h": 94, "class": "pos"}, {"x": 34760, "y": 38903, "w": 104, "h": 102, "class": "pos"}, {"x": 36406, "y": 39184, "w": 80, "h": 92, "class": "pos"}, {"x": 36578, "y": 39790, "w": 112, "h": 123, "class": "pos"}, {"x": 35791, "y": 39937, "w": 86, "h": 107, "class": "pos"}, {"x": 34992, "y": 39999, "w": 71, "h": 97, "class": "pos"}, {"x": 35338, "y": 39841, "w": 137, "h": 156, "class": "pos"}, {"x": 34674, "y": 40150, "w": 64, "h": 129, "class": "pos"}, {"x": 34251, "y": 40211, "w": 68, "h": 50, "class": "pos"}, {"x": 35310, "y": 40487, "w": 66, "h": 61, "class": "pos"}, {"x": 35505, "y": 40338, "w": 89, "h": 102, "class": "pos"}, {"x": 36523, "y": 41409, "w": 93, "h": 142, "class": "pos"}, {"x": 36268, "y": 41679, "w": 167, "h": 154, "class": "pos"}, {"x": 36428, "y": 41432, "w": 106, "h": 122, "class": "pos"}, {"x": 36380, "y": 41541, "w": 74, "h": 69, "class": "pos"}, {"x": 35665, "y": 41854, "w": 104, "h": 101, "class": "pos"}, {"x": 35954, "y": 41858, "w": 100, "h": 85, "class": "pos"}, {"x": 35458, "y": 41695, "w": 120, "h": 58, "class": "pos"}, {"x": 35083, "y": 41857, "w": 168, "h": 95, "class": "pos"}, {"x": 34939, "y": 42015, "w": 107, "h": 113, "class": "pos"}, {"x": 34552, "y": 42023, "w": 99, "h": 97, "class": "pos"}, {"x": 33625, "y": 41719, "w": 50, "h": 51, "class": "pos"}]