[{"x": 29808, "y": 3728, "w": 5553, "h": 3820, "class": "roi"}, {"x": 31759, "y": 4678, "w": 103, "h": 152, "class": "pos"}, {"x": 30364, "y": 6996, "w": 132, "h": 127, "class": "pos"}, {"x": 35269, "y": 7549, "w": 4256, "h": 3152, "class": "roi"}, {"x": 36361, "y": 8267, "w": 80, "h": 67, "class": "pos"}, {"x": 16516, "y": 22410, "w": 5249, "h": 3384, "class": "roi"}, {"x": 19106, "y": 24633, "w": 150, "h": 241, "class": "pos"}, {"x": 38567, "y": 24906, "w": 4533, "h": 7098, "class": "roi"}, {"x": 40739, "y": 27392, "w": 88, "h": 93, "class": "pos"}, {"x": 27701, "y": 27945, "w": 5029, "h": 5241, "class": "roi"}, {"x": 30231, "y": 30086, "w": 235, "h": 208, "class": "pos"}, {"x": 22544, "y": 30002, "w": 3584, "h": 3158, "class": "roi"}, {"x": 23306, "y": 30957, "w": 149, "h": 209, "class": "pos"}, {"x": 31836, "y": 4775, "w": 189, "h": 185, "class": "pos"}]