[{"x": 16462, "y": 8373, "w": 2646, "h": 2085, "class": "roi"}, {"x": 17500, "y": 9510, "w": 160, "h": 266, "class": "pos"}, {"x": 17590, "y": 10233, "w": 157, "h": 164, "class": "pos"}, {"x": 19308, "y": 6004, "w": 3083, "h": 2687, "class": "roi"}, {"x": 21041, "y": 7302, "w": 414, "h": 204, "class": "pos"}, {"x": 24368, "y": 31628, "w": 2517, "h": 2625, "class": "roi"}, {"x": 24837, "y": 31815, "w": 179, "h": 251, "class": "pos"}, {"x": 20886, "y": 7450, "w": 113, "h": 215, "class": "pos"}, {"x": 21309, "y": 7659, "w": 262, "h": 134, "class": "pos"}, {"x": 21394, "y": 7481, "w": 161, "h": 188, "class": "pos"}]