[{"x": 12658, "y": 24606, "w": 191, "h": 161, "class": "pos"}, {"x": 8827, "y": 22419, "w": 5075, "h": 4775, "class": "roi"}, {"x": 9055, "y": 26252, "w": 78, "h": 73, "class": "pos"}, {"x": 10162, "y": 26187, "w": 84, "h": 126, "class": "pos"}, {"x": 13108, "y": 23508, "w": 347, "h": 393, "class": "pos"}, {"x": 34991, "y": 7680, "w": 141, "h": 118, "class": "pos"}, {"x": 29119, "y": 5368, "w": 9661, "h": 8210, "class": "roi"}, {"x": 29850, "y": 11359, "w": 308, "h": 240, "class": "pos"}, {"x": 32673, "y": 13130, "w": 127, "h": 87, "class": "pos"}, {"x": 33461, "y": 12340, "w": 241, "h": 120, "class": "pos"}, {"x": 31961, "y": 11211, "w": 191, "h": 228, "class": "pos"}, {"x": 35375, "y": 10911, "w": 85, "h": 84, "class": "pos"}, {"x": 38163, "y": 10004, "w": 312, "h": 141, "class": "pos"}, {"x": 38448, "y": 11396, "w": 127, "h": 171, "class": "pos"}, {"x": 38521, "y": 8995, "w": 115, "h": 114, "class": "pos"}, {"x": 34619, "y": 9669, "w": 48, "h": 40, "class": "pos"}, {"x": 33476, "y": 8969, "w": 120, "h": 127, "class": "pos"}, {"x": 32997, "y": 8000, "w": 86, "h": 86, "class": "pos"}, {"x": 33549, "y": 8360, "w": 91, "h": 57, "class": "pos"}, {"x": 30133, "y": 7558, "w": 94, "h": 123, "class": "pos"}, {"x": 29805, "y": 8315, "w": 59, "h": 80, "class": "pos"}, {"x": 36067, "y": 5504, "w": 126, "h": 85, "class": "pos"}, {"x": 32140, "y": 5813, "w": 90, "h": 69, "class": "pos"}, {"x": 32047, "y": 5869, "w": 66, "h": 60, "class": "pos"}, {"x": 16716, "y": 34211, "w": 10889, "h": 8327, "class": "roi"}, {"x": 19452, "y": 34486, "w": 93, "h": 110, "class": "pos"}, {"x": 22699, "y": 34482, "w": 42, "h": 67, "class": "pos"}, {"x": 22385, "y": 34213, "w": 129, "h": 212, "class": "pos"}, {"x": 24062, "y": 34315, "w": 126, "h": 173, "class": "pos"}, {"x": 23911, "y": 34595, "w": 40, "h": 56, "class": "pos"}, {"x": 25910, "y": 35331, "w": 149, "h": 147, "class": "pos"}, {"x": 24529, "y": 35037, "w": 100, "h": 174, "class": "pos"}, {"x": 24436, "y": 35733, "w": 67, "h": 62, "class": "pos"}, {"x": 19860, "y": 36800, "w": 75, "h": 75, "class": "pos"}, {"x": 22768, "y": 36726, "w": 218, "h": 149, "class": "pos"}, {"x": 23918, "y": 38931, "w": 162, "h": 222, "class": "pos"}, {"x": 18677, "y": 37843, "w": 147, "h": 274, "class": "pos"}, {"x": 27101, "y": 41826, "w": 89, "h": 81, "class": "pos"}, {"x": 10259, "y": 26204, "w": 42, "h": 62, "class": "pos"}]