[{"x": 34864, "y": 9927, "w": 3217, "h": 3171, "class": "roi"}, {"x": 35634, "y": 10514, "w": 33, "h": 30, "class": "pos"}, {"x": 36044, "y": 10431, "w": 104, "h": 93, "class": "pos"}, {"x": 36986, "y": 9995, "w": 107, "h": 87, "class": "pos"}, {"x": 37257, "y": 10458, "w": 36, "h": 32, "class": "pos"}, {"x": 36992, "y": 11130, "w": 129, "h": 230, "class": "pos"}, {"x": 37208, "y": 11284, "w": 24, "h": 24, "class": "pos"}, {"x": 36878, "y": 10888, "w": 180, "h": 189, "class": "pos"}, {"x": 36657, "y": 11068, "w": 342, "h": 211, "class": "pos"}, {"x": 36406, "y": 11186, "w": 259, "h": 108, "class": "pos"}, {"x": 36348, "y": 10904, "w": 29, "h": 22, "class": "pos"}, {"x": 36014, "y": 10832, "w": 83, "h": 95, "class": "pos"}, {"x": 35474, "y": 11094, "w": 99, "h": 103, "class": "pos"}, {"x": 35468, "y": 11040, "w": 68, "h": 71, "class": "pos"}, {"x": 35007, "y": 12033, "w": 230, "h": 155, "class": "pos"}]