[{"x": 23131, "y": 7166, "w": 8516, "h": 7771, "class": "roi"}, {"x": 24010, "y": 7706, "w": 206, "h": 120, "class": "pos"}, {"x": 24422, "y": 7765, "w": 104, "h": 114, "class": "pos"}, {"x": 24736, "y": 7861, "w": 150, "h": 177, "class": "pos"}, {"x": 25271, "y": 7451, "w": 84, "h": 63, "class": "pos"}, {"x": 27074, "y": 7369, "w": 83, "h": 84, "class": "pos"}, {"x": 28856, "y": 7199, "w": 137, "h": 165, "class": "pos"}, {"x": 29785, "y": 7570, "w": 292, "h": 260, "class": "pos"}, {"x": 27003, "y": 7531, "w": 99, "h": 93, "class": "pos"}, {"x": 26485, "y": 8010, "w": 138, "h": 85, "class": "pos"}, {"x": 26206, "y": 8096, "w": 156, "h": 149, "class": "pos"}, {"x": 23827, "y": 9132, "w": 89, "h": 77, "class": "pos"}, {"x": 24562, "y": 9781, "w": 139, "h": 145, "class": "pos"}, {"x": 24439, "y": 9726, "w": 78, "h": 74, "class": "pos"}, {"x": 25472, "y": 9785, "w": 78, "h": 101, "class": "pos"}, {"x": 25671, "y": 9674, "w": 121, "h": 120, "class": "pos"}, {"x": 27938, "y": 10389, "w": 140, "h": 143, "class": "pos"}, {"x": 28035, "y": 10560, "w": 82, "h": 102, "class": "pos"}, {"x": 30108, "y": 9206, "w": 129, "h": 155, "class": "pos"}, {"x": 31110, "y": 11960, "w": 161, "h": 115, "class": "pos"}, {"x": 30962, "y": 14335, "w": 101, "h": 136, "class": "pos"}, {"x": 27283, "y": 14127, "w": 210, "h": 234, "class": "pos"}, {"x": 23802, "y": 13775, "w": 135, "h": 142, "class": "pos"}, {"x": 24729, "y": 13135, "w": 104, "h": 141, "class": "pos"}, {"x": 31686, "y": 34143, "w": 7329, "h": 7214, "class": "roi"}, {"x": 36965, "y": 41019, "w": 192, "h": 116, "class": "pos"}, {"x": 38496, "y": 38910, "w": 105, "h": 166, "class": "pos"}, {"x": 38206, "y": 38484, "w": 100, "h": 89, "class": "pos"}, {"x": 38423, "y": 37702, "w": 290, "h": 423, "class": "pos"}, {"x": 36225, "y": 39718, "w": 195, "h": 215, "class": "pos"}, {"x": 35133, "y": 40701, "w": 278, "h": 169, "class": "pos"}, {"x": 34670, "y": 40262, "w": 146, "h": 146, "class": "pos"}, {"x": 34136, "y": 40070, "w": 120, "h": 114, "class": "pos"}, {"x": 33271, "y": 40328, "w": 77, "h": 101, "class": "pos"}, {"x": 33075, "y": 40111, "w": 149, "h": 128, "class": "pos"}, {"x": 32688, "y": 41047, "w": 83, "h": 102, "class": "pos"}, {"x": 32944, "y": 41100, "w": 90, "h": 82, "class": "pos"}, {"x": 31917, "y": 40767, "w": 261, "h": 197, "class": "pos"}, {"x": 32200, "y": 40281, "w": 114, "h": 172, "class": "pos"}, {"x": 32886, "y": 39207, "w": 163, "h": 203, "class": "pos"}, {"x": 33716, "y": 39048, "w": 145, "h": 105, "class": "pos"}, {"x": 35779, "y": 39598, "w": 129, "h": 113, "class": "pos"}, {"x": 32375, "y": 34630, "w": 165, "h": 123, "class": "pos"}, {"x": 32516, "y": 34781, "w": 132, "h": 147, "class": "pos"}, {"x": 32186, "y": 34303, "w": 202, "h": 252, "class": "pos"}, {"x": 32979, "y": 35032, "w": 68, "h": 105, "class": "pos"}, {"x": 32807, "y": 35113, "w": 146, "h": 111, "class": "pos"}, {"x": 34701, "y": 34999, "w": 79, "h": 102, "class": "pos"}, {"x": 35136, "y": 34246, "w": 200, "h": 185, "class": "pos"}, {"x": 36294, "y": 34149, "w": 77, "h": 77, "class": "pos"}, {"x": 36260, "y": 34911, "w": 219, "h": 123, "class": "pos"}, {"x": 35898, "y": 35145, "w": 184, "h": 142, "class": "pos"}, {"x": 38228, "y": 35568, "w": 82, "h": 65, "class": "pos"}, {"x": 37375, "y": 35426, "w": 126, "h": 141, "class": "pos"}, {"x": 38666, "y": 36312, "w": 184, "h": 181, "class": "pos"}, {"x": 37814, "y": 35900, "w": 88, "h": 121, "class": "pos"}, {"x": 37308, "y": 36121, "w": 157, "h": 89, "class": "pos"}, {"x": 37498, "y": 35800, "w": 143, "h": 182, "class": "pos"}, {"x": 36239, "y": 35901, "w": 126, "h": 221, "class": "pos"}, {"x": 36045, "y": 36172, "w": 107, "h": 80, "class": "pos"}, {"x": 35001, "y": 38231, "w": 306, "h": 311, "class": "pos"}, {"x": 33012, "y": 36960, "w": 100, "h": 175, "class": "pos"}, {"x": 34526, "y": 35588, "w": 161, "h": 93, "class": "pos"}, {"x": 35229, "y": 35148, "w": 113, "h": 86, "class": "pos"}]