[{"x": 13249, "y": 39172, "w": 380, "h": 273, "class": "pos"}, {"x": 9667, "y": 37710, "w": 4354, "h": 3953, "class": "roi"}, {"x": 13149, "y": 41151, "w": 267, "h": 262, "class": "pos"}, {"x": 25193, "y": 3498, "w": 167, "h": 186, "class": "pos"}, {"x": 23525, "y": 3135, "w": 3767, "h": 3315, "class": "roi"}, {"x": 27101, "y": 5280, "w": 190, "h": 193, "class": "pos"}, {"x": 25726, "y": 5781, "w": 157, "h": 174, "class": "pos"}, {"x": 25514, "y": 5566, "w": 138, "h": 102, "class": "pos"}, {"x": 23855, "y": 6006, "w": 76, "h": 92, "class": "pos"}, {"x": 25895, "y": 6138, "w": 198, "h": 142, "class": "pos"}, {"x": 10570, "y": 31093, "w": 182, "h": 166, "class": "pos"}, {"x": 10514, "y": 30974, "w": 66, "h": 99, "class": "pos"}, {"x": 7295, "y": 30133, "w": 4110, "h": 3417, "class": "roi"}, {"x": 9379, "y": 31016, "w": 115, "h": 77, "class": "pos"}, {"x": 8363, "y": 32477, "w": 197, "h": 131, "class": "pos"}, {"x": 22719, "y": 32276, "w": 78, "h": 106, "class": "pos"}, {"x": 22895, "y": 32731, "w": 92, "h": 120, "class": "pos"}, {"x": 23219, "y": 32613, "w": 77, "h": 59, "class": "pos"}, {"x": 21374, "y": 31742, "w": 3947, "h": 3119, "class": "roi"}, {"x": 23460, "y": 33000, "w": 57, "h": 57, "class": "pos"}, {"x": 22898, "y": 34653, "w": 107, "h": 50, "class": "pos"}]