[{"x": 9690, "y": 14440, "w": 3526, "h": 3349, "class": "roi"}, {"x": 8103, "y": 27311, "w": 3643, "h": 3408, "class": "roi"}, {"x": 31881, "y": 35481, "w": 3413, "h": 3349, "class": "roi"}, {"x": 10775, "y": 14669, "w": 36, "h": 38, "class": "pos"}, {"x": 12081, "y": 14673, "w": 38, "h": 33, "class": "pos"}, {"x": 10247, "y": 16897, "w": 41, "h": 34, "class": "pos"}, {"x": 10824, "y": 14738, "w": 123, "h": 66, "class": "pos"}, {"x": 9948, "y": 14675, "w": 34, "h": 44, "class": "pos"}, {"x": 10133, "y": 14833, "w": 47, "h": 42, "class": "pos"}, {"x": 10381, "y": 14786, "w": 32, "h": 28, "class": "pos"}, {"x": 10019, "y": 14765, "w": 73, "h": 43, "class": "pos"}, {"x": 10085, "y": 14778, "w": 89, "h": 53, "class": "pos"}, {"x": 10022, "y": 14811, "w": 74, "h": 50, "class": "pos"}, {"x": 11065, "y": 14858, "w": 90, "h": 50, "class": "pos"}, {"x": 11084, "y": 14792, "w": 94, "h": 74, "class": "pos"}, {"x": 12310, "y": 14665, "w": 90, "h": 63, "class": "pos"}, {"x": 11971, "y": 14588, "w": 44, "h": 38, "class": "pos"}, {"x": 12991, "y": 14585, "w": 50, "h": 55, "class": "pos"}, {"x": 12156, "y": 14798, "w": 54, "h": 63, "class": "pos"}, {"x": 11920, "y": 14820, "w": 42, "h": 40, "class": "pos"}, {"x": 12502, "y": 14972, "w": 36, "h": 34, "class": "pos"}, {"x": 12784, "y": 15187, "w": 46, "h": 50, "class": "pos"}, {"x": 11703, "y": 15170, "w": 209, "h": 164, "class": "pos"}, {"x": 11917, "y": 15289, "w": 113, "h": 90, "class": "pos"}, {"x": 11676, "y": 15571, "w": 47, "h": 41, "class": "pos"}, {"x": 10686, "y": 15201, "w": 34, "h": 37, "class": "pos"}, {"x": 9922, "y": 15102, "w": 69, "h": 80, "class": "pos"}, {"x": 9804, "y": 15245, "w": 57, "h": 86, "class": "pos"}, {"x": 10153, "y": 15457, "w": 28, "h": 43, "class": "pos"}, {"x": 10552, "y": 15758, "w": 68, "h": 59, "class": "pos"}, {"x": 10179, "y": 15549, "w": 27, "h": 30, "class": "pos"}, {"x": 10245, "y": 15789, "w": 40, "h": 34, "class": "pos"}, {"x": 11087, "y": 15492, "w": 26, "h": 23, "class": "pos"}, {"x": 11702, "y": 15797, "w": 88, "h": 54, "class": "pos"}, {"x": 11605, "y": 15952, "w": 37, "h": 48, "class": "pos"}, {"x": 11486, "y": 16183, "w": 45, "h": 43, "class": "pos"}, {"x": 12281, "y": 16081, "w": 71, "h": 36, "class": "pos"}, {"x": 12714, "y": 16064, "w": 40, "h": 48, "class": "pos"}, {"x": 12646, "y": 16245, "w": 32, "h": 29, "class": "pos"}, {"x": 13038, "y": 16099, "w": 31, "h": 33, "class": "pos"}, {"x": 12601, "y": 16351, "w": 100, "h": 146, "class": "pos"}, {"x": 12410, "y": 16423, "w": 50, "h": 57, "class": "pos"}, {"x": 11643, "y": 16253, "w": 45, "h": 50, "class": "pos"}, {"x": 10799, "y": 16448, "w": 155, "h": 108, "class": "pos"}, {"x": 10267, "y": 16046, "w": 48, "h": 61, "class": "pos"}, {"x": 10584, "y": 16423, "w": 38, "h": 37, "class": "pos"}, {"x": 10947, "y": 27714, "w": 53, "h": 44, "class": "pos"}, {"x": 8536, "y": 28558, "w": 39, "h": 65, "class": "pos"}, {"x": 8906, "y": 29051, "w": 115, "h": 62, "class": "pos"}, {"x": 8561, "y": 28752, "w": 39, "h": 31, "class": "pos"}, {"x": 8375, "y": 28508, "w": 36, "h": 47, "class": "pos"}, {"x": 8908, "y": 28308, "w": 78, "h": 81, "class": "pos"}, {"x": 9240, "y": 28805, "w": 63, "h": 82, "class": "pos"}, {"x": 11301, "y": 28941, "w": 80, "h": 173, "class": "pos"}, {"x": 11414, "y": 29084, "w": 52, "h": 52, "class": "pos"}, {"x": 10303, "y": 29450, "w": 134, "h": 92, "class": "pos"}, {"x": 8486, "y": 30006, "w": 103, "h": 75, "class": "pos"}, {"x": 8661, "y": 30141, "w": 36, "h": 24, "class": "pos"}, {"x": 8345, "y": 30438, "w": 83, "h": 72, "class": "pos"}, {"x": 9020, "y": 30443, "w": 54, "h": 63, "class": "pos"}, {"x": 9459, "y": 30361, "w": 82, "h": 89, "class": "pos"}, {"x": 9603, "y": 30107, "w": 54, "h": 56, "class": "pos"}, {"x": 8685, "y": 29635, "w": 84, "h": 91, "class": "pos"}, {"x": 9042, "y": 29791, "w": 27, "h": 31, "class": "pos"}, {"x": 9217, "y": 29718, "w": 27, "h": 26, "class": "pos"}, {"x": 11454, "y": 30386, "w": 36, "h": 40, "class": "pos"}, {"x": 11480, "y": 30065, "w": 41, "h": 44, "class": "pos"}, {"x": 10829, "y": 29995, "w": 113, "h": 92, "class": "pos"}, {"x": 10410, "y": 29966, "w": 32, "h": 33, "class": "pos"}, {"x": 31962, "y": 35742, "w": 86, "h": 78, "class": "pos"}, {"x": 32128, "y": 35888, "w": 33, "h": 48, "class": "pos"}, {"x": 32310, "y": 35960, "w": 68, "h": 54, "class": "pos"}, {"x": 31912, "y": 36060, "w": 49, "h": 58, "class": "pos"}, {"x": 33492, "y": 35621, "w": 23, "h": 40, "class": "pos"}, {"x": 33722, "y": 35818, "w": 40, "h": 51, "class": "pos"}, {"x": 33594, "y": 36125, "w": 30, "h": 30, "class": "pos"}, {"x": 34571, "y": 35545, "w": 40, "h": 40, "class": "pos"}, {"x": 34970, "y": 35523, "w": 64, "h": 40, "class": "pos"}, {"x": 34653, "y": 35514, "w": 48, "h": 48, "class": "pos"}, {"x": 34539, "y": 35699, "w": 28, "h": 38, "class": "pos"}, {"x": 34257, "y": 35914, "w": 266, "h": 219, "class": "pos"}, {"x": 33818, "y": 35986, "w": 22, "h": 21, "class": "pos"}, {"x": 33078, "y": 36138, "w": 57, "h": 70, "class": "pos"}, {"x": 32039, "y": 36476, "w": 37, "h": 37, "class": "pos"}, {"x": 32544, "y": 36686, "w": 23, "h": 28, "class": "pos"}, {"x": 33854, "y": 36315, "w": 52, "h": 65, "class": "pos"}, {"x": 34308, "y": 36243, "w": 131, "h": 100, "class": "pos"}, {"x": 35193, "y": 36992, "w": 39, "h": 56, "class": "pos"}, {"x": 31925, "y": 37143, "w": 45, "h": 41, "class": "pos"}, {"x": 32009, "y": 37489, "w": 41, "h": 69, "class": "pos"}, {"x": 31910, "y": 37813, "w": 90, "h": 151, "class": "pos"}, {"x": 32827, "y": 38254, "w": 50, "h": 89, "class": "pos"}, {"x": 32780, "y": 37574, "w": 95, "h": 51, "class": "pos"}, {"x": 33581, "y": 38651, "w": 43, "h": 46, "class": "pos"}, {"x": 34960, "y": 38221, "w": 96, "h": 98, "class": "pos"}, {"x": 34000, "y": 38154, "w": 102, "h": 84, "class": "pos"}, {"x": 34171, "y": 38219, "w": 23, "h": 23, "class": "pos"}, {"x": 34172, "y": 38143, "w": 43, "h": 34, "class": "pos"}, {"x": 33215, "y": 38364, "w": 44, "h": 43, "class": "pos"}, {"x": 33845, "y": 37569, "w": 34, "h": 39, "class": "pos"}, {"x": 35026, "y": 37357, "w": 45, "h": 53, "class": "pos"}, {"x": 34927, "y": 37321, "w": 74, "h": 73, "class": "pos"}]