[{"x": 19555, "y": 27973, "w": 7633, "h": 5130, "class": "roi"}, {"x": 20501, "y": 31587, "w": 91, "h": 119, "class": "pos"}, {"x": 21901, "y": 29862, "w": 134, "h": 96, "class": "pos"}, {"x": 22844, "y": 28705, "w": 210, "h": 207, "class": "pos"}, {"x": 23397, "y": 30941, "w": 95, "h": 115, "class": "pos"}, {"x": 23193, "y": 32252, "w": 97, "h": 85, "class": "pos"}, {"x": 22725, "y": 31540, "w": 220, "h": 174, "class": "pos"}, {"x": 23064, "y": 31793, "w": 100, "h": 53, "class": "pos"}, {"x": 25140, "y": 31108, "w": 75, "h": 108, "class": "pos"}, {"x": 25719, "y": 31092, "w": 78, "h": 113, "class": "pos"}, {"x": 26709, "y": 32519, "w": 200, "h": 208, "class": "pos"}, {"x": 26989, "y": 32829, "w": 118, "h": 91, "class": "pos"}, {"x": 12902, "y": 13018, "w": 190, "h": 126, "class": "pos"}, {"x": 13256, "y": 13646, "w": 241, "h": 290, "class": "pos"}, {"x": 13399, "y": 13186, "w": 221, "h": 460, "class": "pos"}, {"x": 11916, "y": 13336, "w": 80, "h": 99, "class": "pos"}, {"x": 12433, "y": 13160, "w": 169, "h": 149, "class": "pos"}, {"x": 11684, "y": 15078, "w": 157, "h": 206, "class": "pos"}, {"x": 9949, "y": 13709, "w": 116, "h": 119, "class": "pos"}, {"x": 10144, "y": 13966, "w": 164, "h": 219, "class": "pos"}, {"x": 10643, "y": 12935, "w": 241, "h": 145, "class": "pos"}, {"x": 10032, "y": 12344, "w": 110, "h": 83, "class": "pos"}, {"x": 10132, "y": 11834, "w": 93, "h": 101, "class": "pos"}, {"x": 9419, "y": 11106, "w": 93, "h": 76, "class": "pos"}, {"x": 8651, "y": 10950, "w": 62, "h": 61, "class": "pos"}, {"x": 8528, "y": 11257, "w": 45, "h": 37, "class": "pos"}, {"x": 8539, "y": 11719, "w": 75, "h": 120, "class": "pos"}, {"x": 9235, "y": 11448, "w": 35, "h": 29, "class": "pos"}, {"x": 8583, "y": 13270, "w": 96, "h": 102, "class": "pos"}, {"x": 6880, "y": 12592, "w": 193, "h": 265, "class": "pos"}, {"x": 6168, "y": 10354, "w": 8044, "h": 5352, "class": "roi"}, {"x": 6447, "y": 14588, "w": 64, "h": 88, "class": "pos"}, {"x": 6795, "y": 15227, "w": 64, "h": 65, "class": "pos"}, {"x": 12196, "y": 11108, "w": 87, "h": 128, "class": "pos"}, {"x": 13571, "y": 11601, "w": 98, "h": 64, "class": "pos"}, {"x": 13905, "y": 11591, "w": 62, "h": 69, "class": "pos"}, {"x": 12851, "y": 12502, "w": 159, "h": 143, "class": "pos"}, {"x": 14009, "y": 11650, "w": 60, "h": 53, "class": "pos"}, {"x": 10026, "y": 12146, "w": 267, "h": 120, "class": "pos"}]