[{"x": 8580, "y": 9309, "w": 4062, "h": 3357, "class": "roi"}, {"x": 6614, "y": 17687, "w": 3489, "h": 3200, "class": "roi"}, {"x": 18482, "y": 10099, "w": 3357, "h": 3554, "class": "roi"}, {"x": 19820, "y": 11828, "w": 93, "h": 122, "class": "pos"}, {"x": 20851, "y": 11557, "w": 201, "h": 369, "class": "pos"}, {"x": 6821, "y": 18017, "w": 37, "h": 50, "class": "pos"}, {"x": 6703, "y": 18011, "w": 58, "h": 72, "class": "pos"}, {"x": 8798, "y": 18277, "w": 187, "h": 193, "class": "pos"}, {"x": 8722, "y": 18426, "w": 50, "h": 66, "class": "pos"}, {"x": 7783, "y": 18481, "w": 160, "h": 98, "class": "pos"}, {"x": 8052, "y": 18413, "w": 72, "h": 91, "class": "pos"}, {"x": 7029, "y": 18973, "w": 116, "h": 158, "class": "pos"}, {"x": 8029, "y": 18907, "w": 159, "h": 166, "class": "pos"}, {"x": 9553, "y": 19469, "w": 291, "h": 287, "class": "pos"}, {"x": 8982, "y": 19591, "w": 111, "h": 102, "class": "pos"}, {"x": 7911, "y": 19746, "w": 144, "h": 135, "class": "pos"}, {"x": 6941, "y": 19786, "w": 32, "h": 33, "class": "pos"}, {"x": 6790, "y": 20035, "w": 64, "h": 112, "class": "pos"}, {"x": 7253, "y": 20096, "w": 156, "h": 155, "class": "pos"}, {"x": 8095, "y": 20143, "w": 126, "h": 107, "class": "pos"}, {"x": 8302, "y": 20044, "w": 132, "h": 110, "class": "pos"}, {"x": 9580, "y": 20104, "w": 42, "h": 56, "class": "pos"}, {"x": 8905, "y": 20548, "w": 57, "h": 52, "class": "pos"}, {"x": 6620, "y": 20585, "w": 213, "h": 156, "class": "pos"}]