[{"x": 28800, "y": 10985, "w": 185, "h": 156, "class": "pos"}, {"x": 24701, "y": 7466, "w": 4658, "h": 4891, "class": "roi"}, {"x": 25006, "y": 8098, "w": 102, "h": 96, "class": "pos"}, {"x": 26042, "y": 7690, "w": 78, "h": 127, "class": "pos"}, {"x": 25996, "y": 8604, "w": 107, "h": 134, "class": "pos"}, {"x": 13778, "y": 32332, "w": 6289, "h": 5998, "class": "roi"}, {"x": 15939, "y": 32924, "w": 333, "h": 234, "class": "pos"}, {"x": 17627, "y": 32849, "w": 98, "h": 67, "class": "pos"}, {"x": 18299, "y": 33103, "w": 253, "h": 416, "class": "pos"}, {"x": 16619, "y": 36315, "w": 135, "h": 230, "class": "pos"}, {"x": 17463, "y": 36230, "w": 219, "h": 235, "class": "pos"}, {"x": 18148, "y": 36524, "w": 93, "h": 108, "class": "pos"}, {"x": 19552, "y": 36437, "w": 126, "h": 130, "class": "pos"}, {"x": 15942, "y": 37722, "w": 103, "h": 73, "class": "pos"}, {"x": 14015, "y": 37384, "w": 173, "h": 234, "class": "pos"}, {"x": 34685, "y": 29933, "w": 7395, "h": 6580, "class": "roi"}, {"x": 37704, "y": 31268, "w": 124, "h": 157, "class": "pos"}, {"x": 39253, "y": 30744, "w": 68, "h": 61, "class": "pos"}, {"x": 41782, "y": 35103, "w": 174, "h": 204, "class": "pos"}, {"x": 36124, "y": 35738, "w": 114, "h": 140, "class": "pos"}]