[{"x": 20884, "y": 2342, "w": 4366, "h": 4491, "class": "roi"}, {"x": 22804, "y": 2483, "w": 106, "h": 115, "class": "pos"}, {"x": 23085, "y": 3497, "w": 317, "h": 283, "class": "pos"}, {"x": 24119, "y": 3615, "w": 143, "h": 69, "class": "pos"}, {"x": 23458, "y": 2998, "w": 165, "h": 162, "class": "pos"}, {"x": 15532, "y": 33509, "w": 376, "h": 428, "class": "pos"}, {"x": 14224, "y": 32386, "w": 3403, "h": 3187, "class": "roi"}, {"x": 23404, "y": 3386, "w": 202, "h": 490, "class": "pos"}, {"x": 23610, "y": 3595, "w": 120, "h": 158, "class": "pos"}, {"x": 23581, "y": 3820, "w": 194, "h": 189, "class": "pos"}, {"x": 15661, "y": 33949, "w": 265, "h": 186, "class": "pos"}]