[{"x": 9958, "y": 13456, "w": 144, "h": 136, "class": "pos"}, {"x": 9451, "y": 12094, "w": 241, "h": 213, "class": "pos"}, {"x": 9809, "y": 12206, "w": 98, "h": 46, "class": "pos"}, {"x": 8855, "y": 12198, "w": 72, "h": 63, "class": "pos"}, {"x": 9039, "y": 12699, "w": 29, "h": 35, "class": "pos"}, {"x": 8207, "y": 12811, "w": 181, "h": 226, "class": "pos"}, {"x": 6964, "y": 12311, "w": 362, "h": 303, "class": "pos"}, {"x": 7558, "y": 13037, "w": 26, "h": 39, "class": "pos"}, {"x": 6386, "y": 13396, "w": 85, "h": 90, "class": "pos"}, {"x": 7840, "y": 13614, "w": 64, "h": 61, "class": "pos"}, {"x": 3534, "y": 11005, "w": 7006, "h": 4632, "class": "roi"}, {"x": 3979, "y": 11557, "w": 219, "h": 152, "class": "pos"}, {"x": 4100, "y": 11982, "w": 36, "h": 45, "class": "pos"}, {"x": 4249, "y": 11934, "w": 24, "h": 36, "class": "pos"}, {"x": 4137, "y": 13656, "w": 79, "h": 87, "class": "pos"}, {"x": 4604, "y": 13391, "w": 105, "h": 102, "class": "pos"}, {"x": 5153, "y": 11674, "w": 42, "h": 53, "class": "pos"}, {"x": 4923, "y": 12063, "w": 26, "h": 32, "class": "pos"}, {"x": 4997, "y": 11784, "w": 43, "h": 59, "class": "pos"}, {"x": 4153, "y": 13936, "w": 58, "h": 68, "class": "pos"}, {"x": 4041, "y": 14853, "w": 32, "h": 37, "class": "pos"}, {"x": 4827, "y": 14942, "w": 46, "h": 39, "class": "pos"}, {"x": 5394, "y": 15337, "w": 150, "h": 134, "class": "pos"}, {"x": 6999, "y": 11161, "w": 70, "h": 42, "class": "pos"}, {"x": 6765, "y": 11324, "w": 45, "h": 46, "class": "pos"}, {"x": 8349, "y": 15036, "w": 66, "h": 61, "class": "pos"}, {"x": 8128, "y": 14092, "w": 63, "h": 53, "class": "pos"}, {"x": 9389, "y": 13254, "w": 45, "h": 51, "class": "pos"}, {"x": 9850, "y": 14542, "w": 51, "h": 37, "class": "pos"}, {"x": 10095, "y": 14548, "w": 37, "h": 51, "class": "pos"}, {"x": 9989, "y": 15498, "w": 158, "h": 117, "class": "pos"}, {"x": 15975, "y": 12463, "w": 304, "h": 196, "class": "pos"}, {"x": 15899, "y": 13662, "w": 71, "h": 103, "class": "pos"}, {"x": 15880, "y": 14216, "w": 66, "h": 82, "class": "pos"}, {"x": 16237, "y": 15125, "w": 193, "h": 181, "class": "pos"}, {"x": 16919, "y": 15107, "w": 100, "h": 76, "class": "pos"}, {"x": 17386, "y": 15528, "w": 90, "h": 111, "class": "pos"}, {"x": 15241, "y": 16374, "w": 253, "h": 257, "class": "pos"}, {"x": 14341, "y": 14704, "w": 97, "h": 68, "class": "pos"}, {"x": 14501, "y": 15442, "w": 289, "h": 271, "class": "pos"}, {"x": 13722, "y": 13696, "w": 78, "h": 76, "class": "pos"}, {"x": 14014, "y": 13487, "w": 80, "h": 54, "class": "pos"}, {"x": 13836, "y": 11666, "w": 173, "h": 175, "class": "pos"}, {"x": 14158, "y": 11679, "w": 115, "h": 148, "class": "pos"}, {"x": 13160, "y": 11420, "w": 5498, "h": 5527, "class": "roi"}, {"x": 13535, "y": 15071, "w": 103, "h": 96, "class": "pos"}, {"x": 13839, "y": 12991, "w": 129, "h": 147, "class": "pos"}, {"x": 13407, "y": 12432, "w": 35, "h": 34, "class": "pos"}, {"x": 13467, "y": 12587, "w": 25, "h": 40, "class": "pos"}, {"x": 13265, "y": 12924, "w": 46, "h": 42, "class": "pos"}, {"x": 14841, "y": 11984, "w": 49, "h": 37, "class": "pos"}, {"x": 15665, "y": 12147, "w": 46, "h": 41, "class": "pos"}, {"x": 15259, "y": 12310, "w": 44, "h": 90, "class": "pos"}, {"x": 14709, "y": 12239, "w": 62, "h": 57, "class": "pos"}, {"x": 15052, "y": 12314, "w": 33, "h": 22, "class": "pos"}, {"x": 14981, "y": 12513, "w": 32, "h": 40, "class": "pos"}, {"x": 14752, "y": 11617, "w": 25, "h": 47, "class": "pos"}, {"x": 17293, "y": 12924, "w": 68, "h": 102, "class": "pos"}, {"x": 18171, "y": 11741, "w": 139, "h": 132, "class": "pos"}, {"x": 17463, "y": 12042, "w": 32, "h": 63, "class": "pos"}, {"x": 17188, "y": 11956, "w": 63, "h": 60, "class": "pos"}, {"x": 17481, "y": 15854, "w": 47, "h": 52, "class": "pos"}, {"x": 15978, "y": 13278, "w": 62, "h": 118, "class": "pos"}, {"x": 4269, "y": 13673, "w": 58, "h": 94, "class": "pos"}, {"x": 14816, "y": 11583, "w": 33, "h": 36, "class": "pos"}]