[{"x": 10425, "y": 21396, "w": 248, "h": 271, "class": "pos"}, {"x": 6473, "y": 19124, "w": 7665, "h": 5530, "class": "roi"}, {"x": 6693, "y": 21697, "w": 108, "h": 120, "class": "pos"}, {"x": 6747, "y": 21099, "w": 196, "h": 259, "class": "pos"}, {"x": 44731, "y": 30795, "w": 167, "h": 140, "class": "pos"}, {"x": 41418, "y": 28878, "w": 4336, "h": 3435, "class": "roi"}, {"x": 26467, "y": 31060, "w": 166, "h": 201, "class": "pos"}, {"x": 24152, "y": 29048, "w": 5124, "h": 4635, "class": "roi"}, {"x": 24940, "y": 31717, "w": 138, "h": 128, "class": "pos"}]