[{"x": 15151, "y": 16509, "w": 406, "h": 310, "class": "pos"}, {"x": 12724, "y": 14236, "w": 5725, "h": 5771, "class": "roi"}, {"x": 25169, "y": 34601, "w": 351, "h": 550, "class": "pos"}, {"x": 23772, "y": 33279, "w": 4767, "h": 4383, "class": "roi"}, {"x": 26327, "y": 41493, "w": 276, "h": 292, "class": "pos"}, {"x": 24451, "y": 39310, "w": 5124, "h": 4616, "class": "roi"}, {"x": 28622, "y": 41757, "w": 108, "h": 217, "class": "pos"}, {"x": 31767, "y": 36577, "w": 4543, "h": 3967, "class": "roi"}, {"x": 33291, "y": 38034, "w": 76, "h": 73, "class": "pos"}, {"x": 33357, "y": 38240, "w": 44, "h": 69, "class": "pos"}, {"x": 29121, "y": 17647, "w": 82, "h": 95, "class": "pos"}, {"x": 26142, "y": 14501, "w": 3461, "h": 3606, "class": "roi"}, {"x": 29200, "y": 17715, "w": 54, "h": 45, "class": "pos"}]