[{"x": 13495, "y": 12604, "w": 181, "h": 202, "class": "pos"}, {"x": 10397, "y": 10723, "w": 3900, "h": 3492, "class": "roi"}, {"x": 12271, "y": 11548, "w": 118, "h": 193, "class": "pos"}, {"x": 23892, "y": 5273, "w": 120, "h": 130, "class": "pos"}, {"x": 22931, "y": 4204, "w": 3327, "h": 3247, "class": "roi"}, {"x": 34299, "y": 15413, "w": 119, "h": 145, "class": "pos"}, {"x": 31261, "y": 13182, "w": 6111, "h": 5887, "class": "roi"}, {"x": 32597, "y": 18836, "w": 230, "h": 162, "class": "pos"}, {"x": 34553, "y": 18042, "w": 117, "h": 124, "class": "pos"}, {"x": 36716, "y": 18450, "w": 232, "h": 132, "class": "pos"}, {"x": 35968, "y": 17618, "w": 84, "h": 64, "class": "pos"}, {"x": 32141, "y": 16751, "w": 141, "h": 93, "class": "pos"}, {"x": 16565, "y": 33073, "w": 226, "h": 130, "class": "pos"}, {"x": 13057, "y": 29341, "w": 8361, "h": 7114, "class": "roi"}, {"x": 19833, "y": 30103, "w": 200, "h": 150, "class": "pos"}, {"x": 19214, "y": 32413, "w": 260, "h": 173, "class": "pos"}, {"x": 17905, "y": 34026, "w": 101, "h": 182, "class": "pos"}, {"x": 42228, "y": 31060, "w": 165, "h": 114, "class": "pos"}, {"x": 39487, "y": 29154, "w": 4139, "h": 4241, "class": "roi"}, {"x": 42134, "y": 29794, "w": 136, "h": 90, "class": "pos"}]