[{"x": 15386, "y": 4011, "w": 12192, "h": 10234, "class": "roi"}, {"x": 16957, "y": 5029, "w": 201, "h": 397, "class": "pos"}, {"x": 18350, "y": 5598, "w": 198, "h": 144, "class": "pos"}, {"x": 26352, "y": 4576, "w": 204, "h": 122, "class": "pos"}, {"x": 18233, "y": 7019, "w": 217, "h": 104, "class": "pos"}, {"x": 18922, "y": 6834, "w": 131, "h": 125, "class": "pos"}, {"x": 22028, "y": 7288, "w": 176, "h": 151, "class": "pos"}, {"x": 26270, "y": 6827, "w": 334, "h": 188, "class": "pos"}, {"x": 18964, "y": 8539, "w": 173, "h": 156, "class": "pos"}, {"x": 17037, "y": 10019, "w": 224, "h": 199, "class": "pos"}, {"x": 26864, "y": 10365, "w": 104, "h": 140, "class": "pos"}, {"x": 26435, "y": 12177, "w": 255, "h": 147, "class": "pos"}, {"x": 2965, "y": 22179, "w": 9803, "h": 9523, "class": "roi"}, {"x": 3278, "y": 22242, "w": 101, "h": 97, "class": "pos"}, {"x": 10554, "y": 22252, "w": 90, "h": 64, "class": "pos"}, {"x": 12573, "y": 22816, "w": 134, "h": 168, "class": "pos"}, {"x": 6410, "y": 23426, "w": 171, "h": 119, "class": "pos"}, {"x": 11086, "y": 29335, "w": 205, "h": 313, "class": "pos"}, {"x": 7990, "y": 30056, "w": 185, "h": 176, "class": "pos"}, {"x": 6972, "y": 29512, "w": 68, "h": 95, "class": "pos"}, {"x": 6199, "y": 29057, "w": 306, "h": 222, "class": "pos"}]