[{"x": 38401, "y": 34141, "w": 3630, "h": 3815, "class": "roi"}, {"x": 22045, "y": 37554, "w": 7026, "h": 5356, "class": "roi"}, {"x": 39863, "y": 35842, "w": 440, "h": 354, "class": "pos"}, {"x": 38524, "y": 34267, "w": 216, "h": 374, "class": "pos"}, {"x": 38962, "y": 34144, "w": 179, "h": 139, "class": "pos"}, {"x": 38779, "y": 35908, "w": 60, "h": 61, "class": "pos"}, {"x": 27225, "y": 39507, "w": 437, "h": 365, "class": "pos"}, {"x": 22630, "y": 39465, "w": 115, "h": 130, "class": "pos"}, {"x": 22203, "y": 41625, "w": 201, "h": 214, "class": "pos"}, {"x": 24218, "y": 39495, "w": 120, "h": 78, "class": "pos"}, {"x": 28484, "y": 40687, "w": 215, "h": 186, "class": "pos"}]