[{"x": 14675, "y": 3214, "w": 67, "h": 106, "class": "pos"}, {"x": 13057, "y": 2788, "w": 3956, "h": 3307, "class": "roi"}, {"x": 14251, "y": 3490, "w": 139, "h": 57, "class": "pos"}, {"x": 15335, "y": 5524, "w": 83, "h": 80, "class": "pos"}, {"x": 6675, "y": 8733, "w": 229, "h": 191, "class": "pos"}, {"x": 4160, "y": 8874, "w": 96, "h": 87, "class": "pos"}, {"x": 3795, "y": 8283, "w": 4868, "h": 3275, "class": "roi"}, {"x": 6981, "y": 10223, "w": 56, "h": 68, "class": "pos"}, {"x": 22756, "y": 21359, "w": 163, "h": 129, "class": "pos"}, {"x": 20568, "y": 19941, "w": 3263, "h": 3183, "class": "roi"}, {"x": 21311, "y": 19968, "w": 100, "h": 81, "class": "pos"}]