[{"x": 9812, "y": 7910, "w": 5956, "h": 4979, "class": "roi"}, {"x": 27914, "y": 10982, "w": 4718, "h": 4700, "class": "roi"}, {"x": 14279, "y": 35148, "w": 7526, "h": 4778, "class": "roi"}, {"x": 15551, "y": 38451, "w": 90, "h": 88, "class": "pos"}, {"x": 29496, "y": 13733, "w": 108, "h": 153, "class": "pos"}, {"x": 10694, "y": 9124, "w": 80, "h": 137, "class": "pos"}, {"x": 10339, "y": 8656, "w": 73, "h": 83, "class": "pos"}, {"x": 11203, "y": 12117, "w": 113, "h": 105, "class": "pos"}, {"x": 20881, "y": 36361, "w": 94, "h": 81, "class": "pos"}, {"x": 19180, "y": 35886, "w": 328, "h": 264, "class": "pos"}]