[{"x": 10661, "y": 16409, "w": 3422, "h": 3305, "class": "roi"}, {"x": 7267, "y": 21353, "w": 3451, "h": 3393, "class": "roi"}, {"x": 14844, "y": 18048, "w": 3363, "h": 3480, "class": "roi"}, {"x": 11727, "y": 18035, "w": 80, "h": 60, "class": "pos"}, {"x": 10679, "y": 17531, "w": 24, "h": 39, "class": "pos"}, {"x": 10703, "y": 17499, "w": 37, "h": 45, "class": "pos"}, {"x": 10694, "y": 17648, "w": 72, "h": 131, "class": "pos"}, {"x": 11194, "y": 17967, "w": 75, "h": 123, "class": "pos"}, {"x": 15842, "y": 18245, "w": 115, "h": 179, "class": "pos"}, {"x": 7444, "y": 21762, "w": 50, "h": 54, "class": "pos"}, {"x": 7875, "y": 22955, "w": 397, "h": 211, "class": "pos"}, {"x": 7821, "y": 23775, "w": 118, "h": 132, "class": "pos"}]