[{"x": 23673, "y": 28941, "w": 165, "h": 108, "class": "pos"}, {"x": 27622, "y": 10109, "w": 84, "h": 113, "class": "pos"}, {"x": 27841, "y": 9277, "w": 202, "h": 212, "class": "pos"}, {"x": 6460, "y": 23909, "w": 12967, "h": 11067, "class": "roi"}, {"x": 12182, "y": 24436, "w": 117, "h": 104, "class": "pos"}, {"x": 18785, "y": 25308, "w": 118, "h": 83, "class": "pos"}, {"x": 10073, "y": 26667, "w": 217, "h": 225, "class": "pos"}, {"x": 13841, "y": 27643, "w": 390, "h": 290, "class": "pos"}, {"x": 14930, "y": 27973, "w": 352, "h": 258, "class": "pos"}, {"x": 12173, "y": 32287, "w": 293, "h": 332, "class": "pos"}, {"x": 23119, "y": 25506, "w": 4521, "h": 3969, "class": "roi"}, {"x": 23676, "y": 27165, "w": 88, "h": 97, "class": "pos"}, {"x": 24268, "y": 7409, "w": 3819, "h": 3196, "class": "roi"}]