[{"x": 18014, "y": 33656, "w": 198, "h": 198, "class": "pos"}, {"x": 15617, "y": 33036, "w": 3657, "h": 3639, "class": "roi"}, {"x": 17392, "y": 33671, "w": 105, "h": 125, "class": "pos"}, {"x": 18225, "y": 33263, "w": 102, "h": 116, "class": "pos"}, {"x": 18956, "y": 33751, "w": 133, "h": 94, "class": "pos"}, {"x": 18333, "y": 33900, "w": 238, "h": 246, "class": "pos"}, {"x": 17984, "y": 33991, "w": 152, "h": 236, "class": "pos"}, {"x": 18111, "y": 34409, "w": 210, "h": 165, "class": "pos"}, {"x": 17784, "y": 34609, "w": 120, "h": 100, "class": "pos"}, {"x": 16187, "y": 33965, "w": 183, "h": 177, "class": "pos"}, {"x": 17482, "y": 36033, "w": 352, "h": 264, "class": "pos"}, {"x": 17600, "y": 36335, "w": 185, "h": 99, "class": "pos"}, {"x": 22394, "y": 35692, "w": 163, "h": 287, "class": "pos"}, {"x": 22352, "y": 35990, "w": 97, "h": 67, "class": "pos"}, {"x": 21990, "y": 35741, "w": 124, "h": 118, "class": "pos"}, {"x": 21136, "y": 35122, "w": 3326, "h": 3326, "class": "roi"}, {"x": 23927, "y": 35401, "w": 126, "h": 115, "class": "pos"}, {"x": 21788, "y": 36209, "w": 90, "h": 75, "class": "pos"}, {"x": 22834, "y": 36462, "w": 187, "h": 316, "class": "pos"}, {"x": 23770, "y": 37322, "w": 218, "h": 134, "class": "pos"}, {"x": 22205, "y": 38372, "w": 76, "h": 55, "class": "pos"}, {"x": 23210, "y": 38046, "w": 82, "h": 70, "class": "pos"}, {"x": 23616, "y": 38329, "w": 80, "h": 50, "class": "pos"}, {"x": 30229, "y": 3448, "w": 323, "h": 251, "class": "pos"}, {"x": 26985, "y": 2682, "w": 3907, "h": 3496, "class": "roi"}, {"x": 28677, "y": 4251, "w": 154, "h": 147, "class": "pos"}, {"x": 27520, "y": 4202, "w": 323, "h": 234, "class": "pos"}, {"x": 30404, "y": 4437, "w": 102, "h": 116, "class": "pos"}, {"x": 25842, "y": 451, "w": 131, "h": 266, "class": "pos"}, {"x": 22958, "y": 353, "w": 3431, "h": 3184, "class": "roi"}, {"x": 23614, "y": 893, "w": 41, "h": 43, "class": "pos"}, {"x": 23652, "y": 1142, "w": 101, "h": 111, "class": "pos"}, {"x": 25445, "y": 421, "w": 158, "h": 100, "class": "pos"}, {"x": 23824, "y": 1782, "w": 157, "h": 197, "class": "pos"}, {"x": 23713, "y": 2090, "w": 118, "h": 63, "class": "pos"}, {"x": 23856, "y": 2400, "w": 57, "h": 41, "class": "pos"}, {"x": 23583, "y": 2622, "w": 74, "h": 76, "class": "pos"}, {"x": 23259, "y": 2205, "w": 96, "h": 114, "class": "pos"}, {"x": 24889, "y": 2482, "w": 91, "h": 97, "class": "pos"}, {"x": 24519, "y": 2769, "w": 108, "h": 171, "class": "pos"}, {"x": 25373, "y": 2455, "w": 148, "h": 189, "class": "pos"}, {"x": 25764, "y": 2275, "w": 111, "h": 91, "class": "pos"}, {"x": 26084, "y": 2854, "w": 148, "h": 185, "class": "pos"}, {"x": 23916, "y": 3198, "w": 81, "h": 150, "class": "pos"}, {"x": 23406, "y": 3157, "w": 139, "h": 128, "class": "pos"}, {"x": 23025, "y": 3205, "w": 61, "h": 40, "class": "pos"}, {"x": 24867, "y": 3392, "w": 82, "h": 99, "class": "pos"}, {"x": 24457, "y": 3315, "w": 53, "h": 48, "class": "pos"}]