[{"x": 18506, "y": 31191, "w": 195, "h": 112, "class": "pos"}, {"x": 13874, "y": 30093, "w": 338, "h": 235, "class": "pos"}, {"x": 11959, "y": 28678, "w": 8957, "h": 8899, "class": "roi"}, {"x": 14654, "y": 31142, "w": 245, "h": 226, "class": "pos"}, {"x": 17776, "y": 3780, "w": 9655, "h": 10237, "class": "roi"}, {"x": 26450, "y": 9127, "w": 155, "h": 176, "class": "pos"}, {"x": 20011, "y": 9406, "w": 115, "h": 104, "class": "pos"}, {"x": 26506, "y": 12467, "w": 333, "h": 150, "class": "pos"}, {"x": 33765, "y": 14437, "w": 10710, "h": 9801, "class": "roi"}, {"x": 44020, "y": 22391, "w": 310, "h": 172, "class": "pos"}, {"x": 38725, "y": 23789, "w": 142, "h": 107, "class": "pos"}, {"x": 35916, "y": 24149, "w": 266, "h": 79, "class": "pos"}]