[{"x": 13951, "y": 8653, "w": 7388, "h": 5460, "class": "roi"}, {"x": 16916, "y": 10100, "w": 176, "h": 153, "class": "pos"}, {"x": 18794, "y": 11050, "w": 247, "h": 147, "class": "pos"}, {"x": 18090, "y": 21939, "w": 4434, "h": 4051, "class": "roi"}, {"x": 18382, "y": 23196, "w": 180, "h": 146, "class": "pos"}, {"x": 19869, "y": 24765, "w": 68, "h": 92, "class": "pos"}, {"x": 31471, "y": 33718, "w": 266, "h": 346, "class": "pos"}, {"x": 28238, "y": 32277, "w": 3820, "h": 3517, "class": "roi"}, {"x": 40284, "y": 31464, "w": 3431, "h": 3111, "class": "roi"}, {"x": 43121, "y": 32708, "w": 195, "h": 247, "class": "pos"}, {"x": 42460, "y": 27823, "w": 88, "h": 96, "class": "pos"}, {"x": 39397, "y": 27132, "w": 3386, "h": 3144, "class": "roi"}, {"x": 41452, "y": 30168, "w": 80, "h": 71, "class": "pos"}, {"x": 19944, "y": 24772, "w": 42, "h": 58, "class": "pos"}]