[{"x": 21537, "y": 2080, "w": 213, "h": 207, "class": "pos"}, {"x": 21368, "y": 1985, "w": 3676, "h": 3243, "class": "roi"}, {"x": 32290, "y": 9711, "w": 381, "h": 362, "class": "pos"}, {"x": 28644, "y": 8633, "w": 4241, "h": 3610, "class": "roi"}, {"x": 20239, "y": 13567, "w": 126, "h": 205, "class": "pos"}, {"x": 18987, "y": 12748, "w": 4081, "h": 3906, "class": "roi"}, {"x": 21903, "y": 15175, "w": 102, "h": 121, "class": "pos"}, {"x": 18310, "y": 22553, "w": 159, "h": 123, "class": "pos"}, {"x": 13736, "y": 21272, "w": 5153, "h": 3947, "class": "roi"}, {"x": 18073, "y": 21960, "w": 207, "h": 292, "class": "pos"}]