[{"x": 26556, "y": 24091, "w": 364, "h": 332, "class": "pos"}, {"x": 24747, "y": 21942, "w": 3146, "h": 3234, "class": "roi"}, {"x": 25463, "y": 12846, "w": 103, "h": 91, "class": "pos"}, {"x": 22447, "y": 12321, "w": 3339, "h": 3323, "class": "roi"}, {"x": 24879, "y": 13626, "w": 237, "h": 139, "class": "pos"}, {"x": 20344, "y": 2218, "w": 172, "h": 132, "class": "pos"}, {"x": 16960, "y": 1584, "w": 3754, "h": 3503, "class": "roi"}, {"x": 46978, "y": 14546, "w": 83, "h": 88, "class": "pos"}, {"x": 44471, "y": 13354, "w": 3190, "h": 3325, "class": "roi"}]