[{"x": 18907, "y": 4828, "w": 3919, "h": 4071, "class": "roi"}, {"x": 20144, "y": 6552, "w": 258, "h": 220, "class": "pos"}, {"x": 12814, "y": 6079, "w": 5366, "h": 4935, "class": "roi"}, {"x": 14769, "y": 8631, "w": 136, "h": 162, "class": "pos"}, {"x": 14963, "y": 8075, "w": 96, "h": 167, "class": "pos"}, {"x": 15044, "y": 7391, "w": 96, "h": 159, "class": "pos"}, {"x": 17898, "y": 8786, "w": 206, "h": 138, "class": "pos"}, {"x": 17644, "y": 8854, "w": 120, "h": 166, "class": "pos"}, {"x": 17260, "y": 8554, "w": 104, "h": 207, "class": "pos"}, {"x": 16386, "y": 9622, "w": 108, "h": 139, "class": "pos"}]