[{"x": 14605, "y": 15852, "w": 3531, "h": 3404, "class": "roi"}, {"x": 7053, "y": 8775, "w": 3792, "h": 3667, "class": "roi"}, {"x": 6363, "y": 21031, "w": 3208, "h": 3218, "class": "roi"}, {"x": 9819, "y": 10325, "w": 187, "h": 251, "class": "pos"}, {"x": 7778, "y": 10791, "w": 50, "h": 79, "class": "pos"}, {"x": 7761, "y": 22584, "w": 34, "h": 32, "class": "pos"}, {"x": 7836, "y": 22532, "w": 34, "h": 34, "class": "pos"}, {"x": 9320, "y": 22848, "w": 37, "h": 27, "class": "pos"}, {"x": 8635, "y": 22803, "w": 38, "h": 62, "class": "pos"}, {"x": 8433, "y": 22803, "w": 76, "h": 83, "class": "pos"}, {"x": 8472, "y": 22577, "w": 36, "h": 39, "class": "pos"}, {"x": 8342, "y": 23876, "w": 32, "h": 63, "class": "pos"}, {"x": 7870, "y": 11847, "w": 46, "h": 44, "class": "pos"}, {"x": 7880, "y": 12105, "w": 35, "h": 29, "class": "pos"}, {"x": 8087, "y": 11805, "w": 30, "h": 33, "class": "pos"}, {"x": 7930, "y": 11588, "w": 39, "h": 35, "class": "pos"}, {"x": 7745, "y": 11988, "w": 43, "h": 46, "class": "pos"}, {"x": 7691, "y": 11969, "w": 67, "h": 60, "class": "pos"}, {"x": 8440, "y": 11359, "w": 60, "h": 75, "class": "pos"}, {"x": 8305, "y": 11319, "w": 31, "h": 52, "class": "pos"}, {"x": 8535, "y": 11272, "w": 41, "h": 38, "class": "pos"}, {"x": 8374, "y": 11540, "w": 55, "h": 60, "class": "pos"}, {"x": 9277, "y": 11852, "w": 66, "h": 85, "class": "pos"}, {"x": 10016, "y": 12106, "w": 88, "h": 79, "class": "pos"}, {"x": 9411, "y": 11481, "w": 89, "h": 131, "class": "pos"}, {"x": 8858, "y": 10989, "w": 57, "h": 93, "class": "pos"}, {"x": 8957, "y": 11263, "w": 106, "h": 69, "class": "pos"}, {"x": 10371, "y": 11543, "w": 39, "h": 34, "class": "pos"}, {"x": 10628, "y": 11754, "w": 93, "h": 81, "class": "pos"}, {"x": 10643, "y": 11670, "w": 71, "h": 50, "class": "pos"}, {"x": 10481, "y": 11625, "w": 34, "h": 26, "class": "pos"}, {"x": 10167, "y": 11374, "w": 34, "h": 35, "class": "pos"}, {"x": 10425, "y": 10434, "w": 33, "h": 37, "class": "pos"}, {"x": 9197, "y": 10926, "w": 25, "h": 41, "class": "pos"}, {"x": 9364, "y": 10324, "w": 91, "h": 78, "class": "pos"}, {"x": 8811, "y": 10293, "w": 77, "h": 107, "class": "pos"}, {"x": 8865, "y": 10428, "w": 101, "h": 54, "class": "pos"}, {"x": 9002, "y": 10382, "w": 25, "h": 23, "class": "pos"}, {"x": 8210, "y": 10605, "w": 80, "h": 73, "class": "pos"}, {"x": 8214, "y": 10737, "w": 50, "h": 62, "class": "pos"}, {"x": 7634, "y": 11098, "w": 56, "h": 57, "class": "pos"}, {"x": 7711, "y": 10927, "w": 55, "h": 76, "class": "pos"}, {"x": 7225, "y": 10915, "w": 85, "h": 85, "class": "pos"}, {"x": 7288, "y": 10165, "w": 40, "h": 63, "class": "pos"}, {"x": 7480, "y": 10110, "w": 63, "h": 40, "class": "pos"}, {"x": 7584, "y": 9148, "w": 116, "h": 127, "class": "pos"}, {"x": 9057, "y": 9854, "w": 66, "h": 45, "class": "pos"}, {"x": 9782, "y": 9158, "w": 29, "h": 35, "class": "pos"}, {"x": 7576, "y": 21452, "w": 28, "h": 31, "class": "pos"}, {"x": 9213, "y": 21394, "w": 112, "h": 125, "class": "pos"}, {"x": 9489, "y": 21151, "w": 80, "h": 105, "class": "pos"}, {"x": 9196, "y": 22048, "w": 32, "h": 33, "class": "pos"}, {"x": 8232, "y": 23064, "w": 103, "h": 103, "class": "pos"}, {"x": 9315, "y": 22580, "w": 179, "h": 211, "class": "pos"}, {"x": 9127, "y": 22749, "w": 67, "h": 84, "class": "pos"}, {"x": 9104, "y": 23091, "w": 54, "h": 67, "class": "pos"}, {"x": 9051, "y": 22957, "w": 83, "h": 64, "class": "pos"}, {"x": 9401, "y": 23149, "w": 38, "h": 51, "class": "pos"}, {"x": 6738, "y": 23690, "w": 50, "h": 43, "class": "pos"}, {"x": 6477, "y": 23773, "w": 34, "h": 34, "class": "pos"}, {"x": 7181, "y": 22171, "w": 31, "h": 30, "class": "pos"}, {"x": 7677, "y": 21206, "w": 374, "h": 287, "class": "pos"}, {"x": 8677, "y": 21069, "w": 41, "h": 36, "class": "pos"}, {"x": 8602, "y": 21118, "w": 43, "h": 49, "class": "pos"}, {"x": 8892, "y": 21509, "w": 61, "h": 36, "class": "pos"}, {"x": 8906, "y": 21217, "w": 82, "h": 102, "class": "pos"}, {"x": 8868, "y": 21308, "w": 45, "h": 60, "class": "pos"}, {"x": 8865, "y": 21360, "w": 65, "h": 69, "class": "pos"}, {"x": 9335, "y": 21069, "w": 96, "h": 68, "class": "pos"}, {"x": 9272, "y": 21091, "w": 39, "h": 61, "class": "pos"}, {"x": 8938, "y": 21153, "w": 38, "h": 44, "class": "pos"}, {"x": 9070, "y": 21186, "w": 30, "h": 39, "class": "pos"}, {"x": 9122, "y": 21159, "w": 28, "h": 24, "class": "pos"}, {"x": 8935, "y": 21044, "w": 29, "h": 33, "class": "pos"}, {"x": 9413, "y": 21604, "w": 28, "h": 31, "class": "pos"}, {"x": 9198, "y": 21638, "w": 30, "h": 31, "class": "pos"}, {"x": 9375, "y": 21991, "w": 36, "h": 37, "class": "pos"}, {"x": 9119, "y": 21403, "w": 64, "h": 61, "class": "pos"}, {"x": 9177, "y": 21445, "w": 29, "h": 28, "class": "pos"}, {"x": 9124, "y": 21576, "w": 58, "h": 45, "class": "pos"}, {"x": 8485, "y": 21903, "w": 95, "h": 73, "class": "pos"}, {"x": 8380, "y": 22070, "w": 65, "h": 45, "class": "pos"}, {"x": 8049, "y": 22136, "w": 35, "h": 39, "class": "pos"}, {"x": 8106, "y": 22116, "w": 75, "h": 54, "class": "pos"}, {"x": 7934, "y": 22064, "w": 58, "h": 45, "class": "pos"}, {"x": 8183, "y": 21936, "w": 31, "h": 57, "class": "pos"}, {"x": 7682, "y": 22410, "w": 24, "h": 24, "class": "pos"}, {"x": 7578, "y": 22566, "w": 26, "h": 27, "class": "pos"}, {"x": 7306, "y": 22316, "w": 51, "h": 53, "class": "pos"}, {"x": 6983, "y": 22064, "w": 41, "h": 33, "class": "pos"}, {"x": 6932, "y": 22173, "w": 64, "h": 64, "class": "pos"}, {"x": 8484, "y": 23728, "w": 41, "h": 32, "class": "pos"}, {"x": 7493, "y": 24121, "w": 31, "h": 31, "class": "pos"}, {"x": 6578, "y": 23297, "w": 51, "h": 65, "class": "pos"}, {"x": 7582, "y": 23149, "w": 97, "h": 88, "class": "pos"}, {"x": 7982, "y": 23677, "w": 90, "h": 98, "class": "pos"}, {"x": 7072, "y": 23602, "w": 73, "h": 43, "class": "pos"}, {"x": 6621, "y": 23692, "w": 29, "h": 27, "class": "pos"}, {"x": 7125, "y": 23320, "w": 89, "h": 83, "class": "pos"}, {"x": 8020, "y": 22574, "w": 30, "h": 32, "class": "pos"}, {"x": 7646, "y": 22824, "w": 69, "h": 31, "class": "pos"}, {"x": 7531, "y": 23058, "w": 32, "h": 38, "class": "pos"}, {"x": 7493, "y": 22976, "w": 41, "h": 61, "class": "pos"}, {"x": 7179, "y": 23059, "w": 51, "h": 61, "class": "pos"}, {"x": 7264, "y": 23079, "w": 56, "h": 34, "class": "pos"}, {"x": 9189, "y": 22702, "w": 36, "h": 32, "class": "pos"}, {"x": 9152, "y": 22619, "w": 102, "h": 79, "class": "pos"}, {"x": 14780, "y": 19075, "w": 27, "h": 28, "class": "pos"}, {"x": 15181, "y": 19146, "w": 94, "h": 54, "class": "pos"}, {"x": 15158, "y": 19002, "w": 47, "h": 81, "class": "pos"}, {"x": 15078, "y": 18942, "w": 41, "h": 94, "class": "pos"}, {"x": 15461, "y": 18783, "w": 29, "h": 30, "class": "pos"}, {"x": 15454, "y": 18886, "w": 28, "h": 31, "class": "pos"}, {"x": 15475, "y": 18650, "w": 61, "h": 81, "class": "pos"}, {"x": 15443, "y": 18638, "w": 26, "h": 55, "class": "pos"}, {"x": 16559, "y": 17971, "w": 41, "h": 37, "class": "pos"}, {"x": 16245, "y": 17895, "w": 29, "h": 29, "class": "pos"}, {"x": 17368, "y": 18344, "w": 30, "h": 38, "class": "pos"}, {"x": 16220, "y": 16396, "w": 44, "h": 56, "class": "pos"}, {"x": 15572, "y": 16529, "w": 28, "h": 29, "class": "pos"}, {"x": 15468, "y": 16458, "w": 32, "h": 34, "class": "pos"}, {"x": 15462, "y": 16102, "w": 63, "h": 74, "class": "pos"}, {"x": 15179, "y": 16484, "w": 72, "h": 56, "class": "pos"}, {"x": 15390, "y": 16534, "w": 97, "h": 148, "class": "pos"}, {"x": 15230, "y": 16542, "w": 69, "h": 48, "class": "pos"}, {"x": 14777, "y": 16782, "w": 28, "h": 27, "class": "pos"}, {"x": 15066, "y": 17597, "w": 136, "h": 109, "class": "pos"}, {"x": 15879, "y": 18000, "w": 121, "h": 106, "class": "pos"}, {"x": 15199, "y": 18170, "w": 43, "h": 41, "class": "pos"}, {"x": 15011, "y": 17852, "w": 54, "h": 56, "class": "pos"}, {"x": 15439, "y": 16939, "w": 33, "h": 36, "class": "pos"}, {"x": 14688, "y": 16640, "w": 25, "h": 26, "class": "pos"}, {"x": 15062, "y": 16068, "w": 44, "h": 44, "class": "pos"}, {"x": 15966, "y": 16121, "w": 35, "h": 43, "class": "pos"}, {"x": 16036, "y": 16095, "w": 76, "h": 100, "class": "pos"}, {"x": 16195, "y": 16077, "w": 40, "h": 68, "class": "pos"}, {"x": 16341, "y": 16142, "w": 85, "h": 56, "class": "pos"}, {"x": 16690, "y": 16171, "w": 39, "h": 30, "class": "pos"}, {"x": 16482, "y": 16131, "w": 51, "h": 51, "class": "pos"}, {"x": 16858, "y": 16288, "w": 58, "h": 58, "class": "pos"}, {"x": 17360, "y": 16298, "w": 51, "h": 63, "class": "pos"}, {"x": 18021, "y": 16148, "w": 51, "h": 94, "class": "pos"}, {"x": 17951, "y": 16291, "w": 101, "h": 108, "class": "pos"}, {"x": 17818, "y": 16368, "w": 159, "h": 224, "class": "pos"}, {"x": 17767, "y": 16399, "w": 29, "h": 27, "class": "pos"}, {"x": 17685, "y": 16518, "w": 28, "h": 30, "class": "pos"}, {"x": 17787, "y": 16497, "w": 30, "h": 28, "class": "pos"}, {"x": 17345, "y": 16566, "w": 49, "h": 55, "class": "pos"}, {"x": 17155, "y": 16310, "w": 71, "h": 74, "class": "pos"}, {"x": 17482, "y": 16638, "w": 115, "h": 98, "class": "pos"}, {"x": 17637, "y": 16695, "w": 24, "h": 26, "class": "pos"}, {"x": 17731, "y": 17011, "w": 123, "h": 94, "class": "pos"}, {"x": 18022, "y": 16871, "w": 75, "h": 57, "class": "pos"}, {"x": 16916, "y": 17401, "w": 148, "h": 127, "class": "pos"}, {"x": 16675, "y": 17537, "w": 30, "h": 41, "class": "pos"}, {"x": 16307, "y": 17812, "w": 65, "h": 57, "class": "pos"}, {"x": 16188, "y": 18254, "w": 42, "h": 37, "class": "pos"}, {"x": 15791, "y": 18107, "w": 220, "h": 99, "class": "pos"}, {"x": 15236, "y": 18106, "w": 74, "h": 40, "class": "pos"}, {"x": 15055, "y": 18397, "w": 75, "h": 70, "class": "pos"}, {"x": 15298, "y": 18229, "w": 100, "h": 86, "class": "pos"}, {"x": 17003, "y": 19126, "w": 90, "h": 44, "class": "pos"}, {"x": 16616, "y": 19127, "w": 37, "h": 35, "class": "pos"}, {"x": 17923, "y": 19161, "w": 34, "h": 33, "class": "pos"}, {"x": 17939, "y": 18945, "w": 142, "h": 85, "class": "pos"}, {"x": 18069, "y": 19043, "w": 42, "h": 43, "class": "pos"}, {"x": 17925, "y": 18682, "w": 110, "h": 96, "class": "pos"}, {"x": 17056, "y": 18652, "w": 86, "h": 133, "class": "pos"}, {"x": 16939, "y": 18357, "w": 33, "h": 35, "class": "pos"}, {"x": 16976, "y": 18246, "w": 34, "h": 31, "class": "pos"}, {"x": 17269, "y": 17923, "w": 47, "h": 135, "class": "pos"}, {"x": 17570, "y": 18242, "w": 66, "h": 83, "class": "pos"}, {"x": 18031, "y": 18595, "w": 62, "h": 43, "class": "pos"}, {"x": 17777, "y": 18327, "w": 94, "h": 58, "class": "pos"}, {"x": 17705, "y": 18467, "w": 49, "h": 38, "class": "pos"}, {"x": 17595, "y": 18416, "w": 28, "h": 50, "class": "pos"}, {"x": 17352, "y": 18074, "w": 83, "h": 67, "class": "pos"}, {"x": 17336, "y": 17960, "w": 27, "h": 58, "class": "pos"}, {"x": 16481, "y": 16559, "w": 33, "h": 36, "class": "pos"}, {"x": 16382, "y": 16530, "w": 60, "h": 56, "class": "pos"}, {"x": 16411, "y": 16622, "w": 46, "h": 49, "class": "pos"}, {"x": 16374, "y": 16396, "w": 72, "h": 66, "class": "pos"}, {"x": 18059, "y": 16037, "w": 73, "h": 77, "class": "pos"}, {"x": 15129, "y": 19001, "w": 25, "h": 27, "class": "pos"}, {"x": 16140, "y": 18247, "w": 32, "h": 26, "class": "pos"}, {"x": 16631, "y": 17529, "w": 41, "h": 32, "class": "pos"}, {"x": 17530, "y": 18346, "w": 47, "h": 83, "class": "pos"}, {"x": 17558, "y": 18436, "w": 31, "h": 33, "class": "pos"}, {"x": 17407, "y": 16653, "w": 72, "h": 63, "class": "pos"}, {"x": 16924, "y": 16266, "w": 52, "h": 73, "class": "pos"}, {"x": 15236, "y": 19122, "w": 61, "h": 30, "class": "pos"}, {"x": 7331, "y": 10166, "w": 32, "h": 63, "class": "pos"}]