[{"x": 33842, "y": 31905, "w": 101, "h": 106, "class": "pos"}, {"x": 31755, "y": 31016, "w": 4728, "h": 3696, "class": "roi"}, {"x": 32770, "y": 34121, "w": 84, "h": 71, "class": "pos"}, {"x": 13991, "y": 38929, "w": 131, "h": 115, "class": "pos"}, {"x": 9598, "y": 35063, "w": 5247, "h": 5407, "class": "roi"}, {"x": 11515, "y": 35831, "w": 40, "h": 36, "class": "pos"}, {"x": 12984, "y": 36889, "w": 234, "h": 223, "class": "pos"}, {"x": 25030, "y": 40115, "w": 250, "h": 173, "class": "pos"}, {"x": 22418, "y": 37143, "w": 6175, "h": 4447, "class": "roi"}, {"x": 26664, "y": 38682, "w": 90, "h": 101, "class": "pos"}, {"x": 26108, "y": 38098, "w": 160, "h": 187, "class": "pos"}, {"x": 36063, "y": 38256, "w": 129, "h": 172, "class": "pos"}, {"x": 34582, "y": 36729, "w": 4089, "h": 3733, "class": "roi"}]