[{"x": 20817, "y": 12204, "w": 4611, "h": 4565, "class": "roi"}, {"x": 25289, "y": 26692, "w": 3680, "h": 3121, "class": "roi"}, {"x": 28364, "y": 33446, "w": 3726, "h": 3214, "class": "roi"}, {"x": 35538, "y": 36241, "w": 3913, "h": 4378, "class": "roi"}, {"x": 23975, "y": 14676, "w": 121, "h": 167, "class": "pos"}, {"x": 29517, "y": 34464, "w": 57, "h": 63, "class": "pos"}, {"x": 27177, "y": 27894, "w": 117, "h": 235, "class": "pos"}, {"x": 36546, "y": 38435, "w": 95, "h": 98, "class": "pos"}]