[{"x": 2034, "y": 16019, "w": 5645, "h": 5309, "class": "roi"}, {"x": 3446, "y": 16555, "w": 135, "h": 118, "class": "pos"}, {"x": 4788, "y": 19897, "w": 70, "h": 55, "class": "pos"}, {"x": 5677, "y": 20724, "w": 142, "h": 174, "class": "pos"}, {"x": 6828, "y": 17029, "w": 143, "h": 130, "class": "pos"}, {"x": 3502, "y": 17690, "w": 161, "h": 153, "class": "pos"}, {"x": 2342, "y": 16677, "w": 94, "h": 102, "class": "pos"}, {"x": 2954, "y": 18300, "w": 68, "h": 109, "class": "pos"}, {"x": 4204, "y": 18400, "w": 101, "h": 117, "class": "pos"}]