[{"x": 11937, "y": 2504, "w": 5220, "h": 4706, "class": "roi"}, {"x": 12725, "y": 2714, "w": 87, "h": 93, "class": "pos"}, {"x": 12588, "y": 2575, "w": 39, "h": 50, "class": "pos"}, {"x": 16580, "y": 4183, "w": 98, "h": 132, "class": "pos"}, {"x": 12088, "y": 4874, "w": 134, "h": 108, "class": "pos"}, {"x": 5349, "y": 11883, "w": 4242, "h": 3834, "class": "roi"}, {"x": 5992, "y": 11948, "w": 100, "h": 78, "class": "pos"}, {"x": 6655, "y": 15456, "w": 127, "h": 121, "class": "pos"}, {"x": 6939, "y": 14840, "w": 134, "h": 199, "class": "pos"}, {"x": 17903, "y": 18759, "w": 5864, "h": 5103, "class": "roi"}, {"x": 22519, "y": 20733, "w": 81, "h": 65, "class": "pos"}, {"x": 22629, "y": 20519, "w": 81, "h": 84, "class": "pos"}, {"x": 22081, "y": 20503, "w": 62, "h": 57, "class": "pos"}, {"x": 20038, "y": 20143, "w": 167, "h": 298, "class": "pos"}, {"x": 21723, "y": 23354, "w": 196, "h": 169, "class": "pos"}, {"x": 18290, "y": 23197, "w": 84, "h": 118, "class": "pos"}, {"x": 19871, "y": 20353, "w": 170, "h": 107, "class": "pos"}]