[{"x": 22900, "y": 18837, "w": 417, "h": 369, "class": "pos"}, {"x": 18818, "y": 15590, "w": 4817, "h": 4328, "class": "roi"}, {"x": 18895, "y": 16271, "w": 218, "h": 126, "class": "pos"}, {"x": 19330, "y": 15772, "w": 111, "h": 82, "class": "pos"}, {"x": 21596, "y": 15723, "w": 166, "h": 306, "class": "pos"}, {"x": 23096, "y": 15877, "w": 163, "h": 170, "class": "pos"}, {"x": 21446, "y": 16375, "w": 95, "h": 124, "class": "pos"}, {"x": 19107, "y": 17581, "w": 98, "h": 128, "class": "pos"}, {"x": 21431, "y": 17432, "w": 140, "h": 158, "class": "pos"}, {"x": 22659, "y": 17515, "w": 70, "h": 99, "class": "pos"}, {"x": 21873, "y": 17961, "w": 125, "h": 142, "class": "pos"}, {"x": 21479, "y": 18417, "w": 70, "h": 120, "class": "pos"}, {"x": 19736, "y": 17926, "w": 90, "h": 67, "class": "pos"}, {"x": 19538, "y": 18299, "w": 99, "h": 116, "class": "pos"}, {"x": 19631, "y": 18542, "w": 116, "h": 195, "class": "pos"}, {"x": 19263, "y": 18589, "w": 52, "h": 104, "class": "pos"}, {"x": 19400, "y": 19746, "w": 43, "h": 62, "class": "pos"}, {"x": 19554, "y": 19680, "w": 75, "h": 56, "class": "pos"}, {"x": 19836, "y": 19638, "w": 83, "h": 79, "class": "pos"}, {"x": 20265, "y": 19591, "w": 99, "h": 67, "class": "pos"}, {"x": 22622, "y": 19601, "w": 43, "h": 59, "class": "pos"}, {"x": 4157, "y": 13508, "w": 3839, "h": 3630, "class": "roi"}, {"x": 5893, "y": 13892, "w": 287, "h": 191, "class": "pos"}, {"x": 6624, "y": 14026, "w": 181, "h": 159, "class": "pos"}, {"x": 6610, "y": 13840, "w": 61, "h": 94, "class": "pos"}, {"x": 6689, "y": 14452, "w": 66, "h": 49, "class": "pos"}, {"x": 7051, "y": 14350, "w": 56, "h": 41, "class": "pos"}, {"x": 6234, "y": 14642, "w": 177, "h": 211, "class": "pos"}, {"x": 6030, "y": 14467, "w": 36, "h": 36, "class": "pos"}, {"x": 4809, "y": 14448, "w": 100, "h": 81, "class": "pos"}, {"x": 4681, "y": 14819, "w": 157, "h": 114, "class": "pos"}, {"x": 4432, "y": 15136, "w": 59, "h": 69, "class": "pos"}, {"x": 4266, "y": 16337, "w": 116, "h": 101, "class": "pos"}, {"x": 4407, "y": 16618, "w": 63, "h": 116, "class": "pos"}, {"x": 4860, "y": 16941, "w": 36, "h": 56, "class": "pos"}, {"x": 5000, "y": 16981, "w": 57, "h": 49, "class": "pos"}, {"x": 5620, "y": 16644, "w": 78, "h": 103, "class": "pos"}, {"x": 6521, "y": 16521, "w": 117, "h": 161, "class": "pos"}, {"x": 6537, "y": 16878, "w": 120, "h": 43, "class": "pos"}, {"x": 7170, "y": 16352, "w": 210, "h": 162, "class": "pos"}, {"x": 5482, "y": 15528, "w": 104, "h": 143, "class": "pos"}, {"x": 5612, "y": 15485, "w": 173, "h": 267, "class": "pos"}, {"x": 4839, "y": 15277, "w": 126, "h": 119, "class": "pos"}, {"x": 7700, "y": 14934, "w": 85, "h": 134, "class": "pos"}, {"x": 14350, "y": 3800, "w": 4502, "h": 4258, "class": "roi"}, {"x": 15348, "y": 6654, "w": 305, "h": 303, "class": "pos"}, {"x": 14485, "y": 5887, "w": 178, "h": 151, "class": "pos"}, {"x": 15858, "y": 4219, "w": 93, "h": 111, "class": "pos"}, {"x": 16484, "y": 4660, "w": 65, "h": 71, "class": "pos"}, {"x": 22692, "y": 18687, "w": 286, "h": 157, "class": "pos"}]