[{"x": 30180, "y": 26994, "w": 440, "h": 473, "class": "pos"}, {"x": 22798, "y": 26233, "w": 8351, "h": 6244, "class": "roi"}, {"x": 25072, "y": 26760, "w": 165, "h": 213, "class": "pos"}, {"x": 28782, "y": 28060, "w": 147, "h": 151, "class": "pos"}, {"x": 28977, "y": 28204, "w": 73, "h": 45, "class": "pos"}, {"x": 28124, "y": 28516, "w": 433, "h": 280, "class": "pos"}, {"x": 26787, "y": 28407, "w": 191, "h": 169, "class": "pos"}, {"x": 26075, "y": 29026, "w": 216, "h": 275, "class": "pos"}, {"x": 24371, "y": 29985, "w": 204, "h": 176, "class": "pos"}, {"x": 29474, "y": 31055, "w": 182, "h": 190, "class": "pos"}, {"x": 23092, "y": 32194, "w": 108, "h": 139, "class": "pos"}, {"x": 23096, "y": 31257, "w": 181, "h": 303, "class": "pos"}, {"x": 14376, "y": 9204, "w": 359, "h": 354, "class": "pos"}, {"x": 13360, "y": 8657, "w": 7849, "h": 7110, "class": "roi"}, {"x": 18670, "y": 8791, "w": 341, "h": 270, "class": "pos"}, {"x": 20079, "y": 9908, "w": 246, "h": 297, "class": "pos"}, {"x": 19827, "y": 10774, "w": 309, "h": 251, "class": "pos"}, {"x": 16811, "y": 9865, "w": 116, "h": 103, "class": "pos"}, {"x": 15472, "y": 11144, "w": 145, "h": 138, "class": "pos"}, {"x": 14165, "y": 12608, "w": 330, "h": 247, "class": "pos"}, {"x": 7622, "y": 28334, "w": 263, "h": 286, "class": "pos"}, {"x": 6234, "y": 24327, "w": 7849, "h": 6996, "class": "roi"}, {"x": 7878, "y": 25462, "w": 277, "h": 210, "class": "pos"}, {"x": 8178, "y": 25108, "w": 114, "h": 203, "class": "pos"}, {"x": 8710, "y": 25709, "w": 68, "h": 80, "class": "pos"}, {"x": 9183, "y": 26006, "w": 178, "h": 227, "class": "pos"}, {"x": 11256, "y": 25168, "w": 262, "h": 311, "class": "pos"}, {"x": 12688, "y": 25672, "w": 142, "h": 208, "class": "pos"}, {"x": 6836, "y": 27852, "w": 138, "h": 92, "class": "pos"}, {"x": 8047, "y": 30054, "w": 188, "h": 96, "class": "pos"}, {"x": 10259, "y": 30594, "w": 72, "h": 175, "class": "pos"}, {"x": 10741, "y": 31000, "w": 43, "h": 56, "class": "pos"}, {"x": 12576, "y": 30217, "w": 444, "h": 492, "class": "pos"}, {"x": 6866, "y": 29372, "w": 146, "h": 137, "class": "pos"}, {"x": 14193, "y": 9530, "w": 231, "h": 284, "class": "pos"}, {"x": 14263, "y": 9393, "w": 127, "h": 170, "class": "pos"}, {"x": 16795, "y": 9727, "w": 68, "h": 158, "class": "pos"}]