[{"x": 6845, "y": 21611, "w": 79, "h": 116, "class": "pos"}, {"x": 7485, "y": 22026, "w": 207, "h": 119, "class": "pos"}, {"x": 9448, "y": 24015, "w": 148, "h": 146, "class": "pos"}, {"x": 14291, "y": 23278, "w": 339, "h": 176, "class": "pos"}, {"x": 15365, "y": 24129, "w": 153, "h": 132, "class": "pos"}, {"x": 14532, "y": 25402, "w": 116, "h": 83, "class": "pos"}, {"x": 13430, "y": 25676, "w": 172, "h": 194, "class": "pos"}, {"x": 8419, "y": 26591, "w": 272, "h": 170, "class": "pos"}, {"x": 25244, "y": 2063, "w": 79, "h": 99, "class": "pos"}, {"x": 27847, "y": 3049, "w": 135, "h": 120, "class": "pos"}, {"x": 26059, "y": 4334, "w": 92, "h": 157, "class": "pos"}, {"x": 30926, "y": 5263, "w": 118, "h": 126, "class": "pos"}, {"x": 30647, "y": 6424, "w": 176, "h": 161, "class": "pos"}, {"x": 29637, "y": 6156, "w": 78, "h": 141, "class": "pos"}, {"x": 21975, "y": 1756, "w": 11109, "h": 8550, "class": "roi"}, {"x": 5746, "y": 20602, "w": 10935, "h": 7794, "class": "roi"}, {"x": 27808, "y": 3035, "w": 28, "h": 35, "class": "pos"}]