[{"x": 13830, "y": 21536, "w": 4808, "h": 4978, "class": "roi"}, {"x": 16829, "y": 25932, "w": 345, "h": 347, "class": "pos"}, {"x": 17114, "y": 24411, "w": 261, "h": 216, "class": "pos"}, {"x": 16137, "y": 25724, "w": 94, "h": 81, "class": "pos"}, {"x": 15389, "y": 24929, "w": 148, "h": 105, "class": "pos"}, {"x": 15633, "y": 25533, "w": 99, "h": 129, "class": "pos"}, {"x": 13850, "y": 25309, "w": 138, "h": 157, "class": "pos"}, {"x": 14580, "y": 24424, "w": 51, "h": 65, "class": "pos"}, {"x": 14686, "y": 24809, "w": 131, "h": 87, "class": "pos"}, {"x": 14961, "y": 25098, "w": 57, "h": 34, "class": "pos"}, {"x": 15039, "y": 25004, "w": 55, "h": 66, "class": "pos"}, {"x": 13931, "y": 24593, "w": 130, "h": 77, "class": "pos"}, {"x": 14909, "y": 23162, "w": 98, "h": 127, "class": "pos"}, {"x": 14141, "y": 22421, "w": 181, "h": 90, "class": "pos"}, {"x": 16326, "y": 21619, "w": 194, "h": 271, "class": "pos"}, {"x": 18081, "y": 21622, "w": 84, "h": 96, "class": "pos"}, {"x": 18297, "y": 22494, "w": 78, "h": 106, "class": "pos"}, {"x": 18395, "y": 22603, "w": 140, "h": 165, "class": "pos"}, {"x": 17899, "y": 23628, "w": 124, "h": 107, "class": "pos"}, {"x": 17069, "y": 23271, "w": 237, "h": 143, "class": "pos"}, {"x": 15497, "y": 24336, "w": 144, "h": 242, "class": "pos"}, {"x": 8402, "y": 4417, "w": 9152, "h": 8224, "class": "roi"}, {"x": 16523, "y": 4474, "w": 325, "h": 274, "class": "pos"}, {"x": 16506, "y": 5047, "w": 222, "h": 420, "class": "pos"}, {"x": 16801, "y": 5355, "w": 33, "h": 79, "class": "pos"}, {"x": 17126, "y": 5456, "w": 157, "h": 94, "class": "pos"}, {"x": 16942, "y": 4767, "w": 137, "h": 137, "class": "pos"}, {"x": 14668, "y": 5323, "w": 383, "h": 496, "class": "pos"}, {"x": 12553, "y": 5783, "w": 226, "h": 237, "class": "pos"}, {"x": 12727, "y": 4557, "w": 170, "h": 276, "class": "pos"}, {"x": 13088, "y": 4878, "w": 85, "h": 66, "class": "pos"}, {"x": 9954, "y": 4625, "w": 89, "h": 83, "class": "pos"}, {"x": 8841, "y": 4502, "w": 86, "h": 61, "class": "pos"}, {"x": 8722, "y": 5804, "w": 177, "h": 125, "class": "pos"}, {"x": 9693, "y": 5340, "w": 232, "h": 230, "class": "pos"}, {"x": 9415, "y": 5626, "w": 120, "h": 93, "class": "pos"}, {"x": 10671, "y": 6235, "w": 82, "h": 73, "class": "pos"}, {"x": 10349, "y": 6364, "w": 83, "h": 70, "class": "pos"}, {"x": 11067, "y": 5258, "w": 133, "h": 119, "class": "pos"}, {"x": 14473, "y": 6452, "w": 171, "h": 210, "class": "pos"}, {"x": 17148, "y": 7155, "w": 123, "h": 149, "class": "pos"}, {"x": 12340, "y": 7371, "w": 142, "h": 144, "class": "pos"}, {"x": 12288, "y": 6462, "w": 412, "h": 293, "class": "pos"}, {"x": 11732, "y": 6860, "w": 112, "h": 129, "class": "pos"}, {"x": 10486, "y": 6446, "w": 264, "h": 387, "class": "pos"}, {"x": 8897, "y": 6376, "w": 103, "h": 99, "class": "pos"}, {"x": 11588, "y": 8273, "w": 91, "h": 123, "class": "pos"}, {"x": 14305, "y": 8904, "w": 77, "h": 100, "class": "pos"}, {"x": 15690, "y": 9972, "w": 127, "h": 126, "class": "pos"}, {"x": 15088, "y": 9854, "w": 65, "h": 50, "class": "pos"}, {"x": 14697, "y": 10321, "w": 35, "h": 62, "class": "pos"}, {"x": 14062, "y": 10192, "w": 162, "h": 228, "class": "pos"}, {"x": 13868, "y": 10784, "w": 151, "h": 117, "class": "pos"}, {"x": 13393, "y": 10299, "w": 46, "h": 40, "class": "pos"}, {"x": 11810, "y": 10319, "w": 101, "h": 102, "class": "pos"}, {"x": 11759, "y": 10735, "w": 49, "h": 46, "class": "pos"}, {"x": 11301, "y": 10432, "w": 136, "h": 94, "class": "pos"}, {"x": 8728, "y": 10296, "w": 130, "h": 180, "class": "pos"}, {"x": 9105, "y": 11011, "w": 226, "h": 91, "class": "pos"}, {"x": 8956, "y": 11194, "w": 133, "h": 84, "class": "pos"}, {"x": 8584, "y": 11434, "w": 119, "h": 145, "class": "pos"}, {"x": 8700, "y": 11679, "w": 105, "h": 95, "class": "pos"}, {"x": 8613, "y": 12024, "w": 313, "h": 164, "class": "pos"}, {"x": 9197, "y": 11867, "w": 50, "h": 105, "class": "pos"}, {"x": 9227, "y": 12062, "w": 164, "h": 178, "class": "pos"}, {"x": 9789, "y": 12233, "w": 195, "h": 203, "class": "pos"}, {"x": 12050, "y": 11455, "w": 102, "h": 107, "class": "pos"}, {"x": 12316, "y": 11973, "w": 217, "h": 220, "class": "pos"}, {"x": 13478, "y": 11670, "w": 207, "h": 96, "class": "pos"}, {"x": 14969, "y": 11800, "w": 74, "h": 67, "class": "pos"}, {"x": 15151, "y": 11956, "w": 129, "h": 97, "class": "pos"}, {"x": 15892, "y": 11459, "w": 45, "h": 72, "class": "pos"}, {"x": 15829, "y": 11263, "w": 51, "h": 60, "class": "pos"}, {"x": 16772, "y": 11903, "w": 142, "h": 124, "class": "pos"}, {"x": 13584, "y": 12259, "w": 145, "h": 45, "class": "pos"}, {"x": 11832, "y": 12450, "w": 50, "h": 33, "class": "pos"}, {"x": 8941, "y": 12316, "w": 106, "h": 75, "class": "pos"}, {"x": 8948, "y": 12453, "w": 86, "h": 113, "class": "pos"}, {"x": 15047, "y": 5582, "w": 165, "h": 180, "class": "pos"}, {"x": 8852, "y": 11928, "w": 88, "h": 139, "class": "pos"}]