[{"x": 10001, "y": 6177, "w": 3215, "h": 3271, "class": "roi"}, {"x": 20776, "y": 12608, "w": 3243, "h": 3187, "class": "roi"}, {"x": 14527, "y": 22790, "w": 3582, "h": 3300, "class": "roi"}, {"x": 12045, "y": 7519, "w": 85, "h": 84, "class": "pos"}, {"x": 23220, "y": 12849, "w": 47, "h": 58, "class": "pos"}, {"x": 23713, "y": 13048, "w": 83, "h": 57, "class": "pos"}, {"x": 23051, "y": 13725, "w": 68, "h": 61, "class": "pos"}, {"x": 22519, "y": 13836, "w": 63, "h": 60, "class": "pos"}, {"x": 23053, "y": 13803, "w": 36, "h": 56, "class": "pos"}, {"x": 17362, "y": 25015, "w": 81, "h": 62, "class": "pos"}, {"x": 15717, "y": 24317, "w": 68, "h": 69, "class": "pos"}, {"x": 15600, "y": 23705, "w": 61, "h": 55, "class": "pos"}, {"x": 15212, "y": 23328, "w": 160, "h": 143, "class": "pos"}, {"x": 14874, "y": 22849, "w": 83, "h": 125, "class": "pos"}]