[{"x": 16783, "y": 17675, "w": 5499, "h": 3901, "class": "roi"}, {"x": 19813, "y": 18925, "w": 112, "h": 120, "class": "pos"}, {"x": 21639, "y": 18867, "w": 97, "h": 44, "class": "pos"}, {"x": 27421, "y": 4733, "w": 88, "h": 127, "class": "pos"}, {"x": 26303, "y": 3579, "w": 3479, "h": 3746, "class": "roi"}, {"x": 18830, "y": 28761, "w": 188, "h": 260, "class": "pos"}, {"x": 15529, "y": 26703, "w": 4682, "h": 4775, "class": "roi"}, {"x": 16033, "y": 27268, "w": 76, "h": 70, "class": "pos"}, {"x": 16234, "y": 29176, "w": 125, "h": 177, "class": "pos"}, {"x": 16133, "y": 29026, "w": 122, "h": 128, "class": "pos"}]