[{"x": 36115, "y": 16005, "w": 6517, "h": 7816, "class": "roi"}, {"x": 39603, "y": 19706, "w": 133, "h": 153, "class": "pos"}, {"x": 39230, "y": 20006, "w": 122, "h": 139, "class": "pos"}, {"x": 38641, "y": 20314, "w": 102, "h": 93, "class": "pos"}, {"x": 39105, "y": 20298, "w": 113, "h": 117, "class": "pos"}, {"x": 38643, "y": 20626, "w": 115, "h": 120, "class": "pos"}, {"x": 40536, "y": 20698, "w": 126, "h": 154, "class": "pos"}, {"x": 41036, "y": 20073, "w": 76, "h": 66, "class": "pos"}, {"x": 39951, "y": 21804, "w": 203, "h": 274, "class": "pos"}, {"x": 37536, "y": 16307, "w": 89, "h": 144, "class": "pos"}, {"x": 37718, "y": 17049, "w": 93, "h": 65, "class": "pos"}, {"x": 37098, "y": 16456, "w": 113, "h": 98, "class": "pos"}, {"x": 36205, "y": 17043, "w": 60, "h": 69, "class": "pos"}, {"x": 37133, "y": 18299, "w": 126, "h": 131, "class": "pos"}, {"x": 37283, "y": 19017, "w": 65, "h": 93, "class": "pos"}, {"x": 37786, "y": 18708, "w": 66, "h": 101, "class": "pos"}, {"x": 38071, "y": 18516, "w": 96, "h": 85, "class": "pos"}, {"x": 37979, "y": 18519, "w": 63, "h": 79, "class": "pos"}, {"x": 37627, "y": 19474, "w": 90, "h": 141, "class": "pos"}, {"x": 38016, "y": 22223, "w": 153, "h": 106, "class": "pos"}, {"x": 38217, "y": 22685, "w": 129, "h": 103, "class": "pos"}, {"x": 38789, "y": 23222, "w": 114, "h": 74, "class": "pos"}, {"x": 40081, "y": 23163, "w": 144, "h": 115, "class": "pos"}, {"x": 38865, "y": 16172, "w": 89, "h": 69, "class": "pos"}, {"x": 40569, "y": 16417, "w": 75, "h": 68, "class": "pos"}, {"x": 41382, "y": 16021, "w": 59, "h": 94, "class": "pos"}, {"x": 40829, "y": 16630, "w": 89, "h": 61, "class": "pos"}, {"x": 41583, "y": 23007, "w": 59, "h": 73, "class": "pos"}, {"x": 41873, "y": 23046, "w": 54, "h": 70, "class": "pos"}, {"x": 42056, "y": 20572, "w": 72, "h": 91, "class": "pos"}, {"x": 42212, "y": 18816, "w": 94, "h": 120, "class": "pos"}]