[{"x": 41374, "y": 13862, "w": 77, "h": 120, "class": "pos"}, {"x": 37080, "y": 10479, "w": 5597, "h": 4486, "class": "roi"}, {"x": 44524, "y": 16200, "w": 135, "h": 126, "class": "pos"}, {"x": 37639, "y": 15860, "w": 7349, "h": 5357, "class": "roi"}, {"x": 14704, "y": 32700, "w": 65, "h": 79, "class": "pos"}, {"x": 12439, "y": 31703, "w": 5170, "h": 3767, "class": "roi"}, {"x": 25189, "y": 35242, "w": 75, "h": 66, "class": "pos"}, {"x": 22553, "y": 32602, "w": 6178, "h": 4987, "class": "roi"}, {"x": 24060, "y": 36035, "w": 127, "h": 152, "class": "pos"}, {"x": 27301, "y": 36212, "w": 64, "h": 115, "class": "pos"}, {"x": 41239, "y": 12070, "w": 87, "h": 82, "class": "pos"}, {"x": 40524, "y": 12516, "w": 78, "h": 90, "class": "pos"}]