[{"x": 9087, "y": 10387, "w": 112, "h": 116, "class": "pos"}, {"x": 6311, "y": 10725, "w": 113, "h": 120, "class": "pos"}, {"x": 5409, "y": 10023, "w": 4344, "h": 3154, "class": "roi"}, {"x": 11941, "y": 17267, "w": 211, "h": 180, "class": "pos"}, {"x": 23193, "y": 17475, "w": 143, "h": 104, "class": "pos"}, {"x": 21707, "y": 16447, "w": 4139, "h": 3289, "class": "roi"}, {"x": 23551, "y": 16752, "w": 70, "h": 85, "class": "pos"}, {"x": 24870, "y": 16853, "w": 74, "h": 76, "class": "pos"}, {"x": 24712, "y": 16983, "w": 76, "h": 64, "class": "pos"}, {"x": 23451, "y": 18441, "w": 58, "h": 72, "class": "pos"}, {"x": 23549, "y": 18370, "w": 141, "h": 78, "class": "pos"}, {"x": 3668, "y": 16838, "w": 8508, "h": 5667, "class": "roi"}, {"x": 7381, "y": 16982, "w": 159, "h": 165, "class": "pos"}, {"x": 6588, "y": 18558, "w": 106, "h": 133, "class": "pos"}, {"x": 4324, "y": 18421, "w": 109, "h": 137, "class": "pos"}, {"x": 4671, "y": 18415, "w": 130, "h": 131, "class": "pos"}, {"x": 11785, "y": 19703, "w": 97, "h": 108, "class": "pos"}, {"x": 4513, "y": 21331, "w": 73, "h": 66, "class": "pos"}]