[{"x": 24988, "y": 2426, "w": 160, "h": 286, "class": "pos"}, {"x": 17820, "y": 2147, "w": 7566, "h": 6851, "class": "roi"}, {"x": 23193, "y": 5208, "w": 355, "h": 189, "class": "pos"}, {"x": 22108, "y": 4661, "w": 169, "h": 168, "class": "pos"}, {"x": 9585, "y": 16834, "w": 248, "h": 260, "class": "pos"}, {"x": 7945, "y": 16297, "w": 10760, "h": 8899, "class": "roi"}, {"x": 13110, "y": 24370, "w": 175, "h": 195, "class": "pos"}, {"x": 13699, "y": 24300, "w": 217, "h": 195, "class": "pos"}, {"x": 19927, "y": 35223, "w": 10818, "h": 9131, "class": "roi"}, {"x": 21753, "y": 35720, "w": 104, "h": 232, "class": "pos"}, {"x": 27580, "y": 38343, "w": 123, "h": 124, "class": "pos"}, {"x": 20683, "y": 42671, "w": 88, "h": 202, "class": "pos"}]