[{"x": 5892, "y": 21212, "w": 146, "h": 200, "class": "pos"}, {"x": 6227, "y": 21250, "w": 33, "h": 38, "class": "pos"}, {"x": 3458, "y": 18818, "w": 3327, "h": 3176, "class": "roi"}, {"x": 5493, "y": 21051, "w": 66, "h": 71, "class": "pos"}, {"x": 4559, "y": 14450, "w": 110, "h": 119, "class": "pos"}, {"x": 3689, "y": 12083, "w": 3477, "h": 3205, "class": "roi"}, {"x": 5069, "y": 13520, "w": 78, "h": 83, "class": "pos"}, {"x": 15249, "y": 25629, "w": 111, "h": 128, "class": "pos"}, {"x": 11882, "y": 22772, "w": 3910, "h": 4132, "class": "roi"}, {"x": 12473, "y": 24274, "w": 62, "h": 61, "class": "pos"}, {"x": 20406, "y": 19426, "w": 104, "h": 100, "class": "pos"}, {"x": 19362, "y": 18563, "w": 4255, "h": 3247, "class": "roi"}, {"x": 20773, "y": 21130, "w": 68, "h": 63, "class": "pos"}]