[{"x": 5349, "y": 7133, "w": 4088, "h": 4015, "class": "roi"}, {"x": 16824, "y": 10967, "w": 4849, "h": 4623, "class": "roi"}, {"x": 7379, "y": 19171, "w": 3482, "h": 3186, "class": "roi"}, {"x": 5619, "y": 7697, "w": 122, "h": 91, "class": "pos"}, {"x": 6029, "y": 8051, "w": 61, "h": 53, "class": "pos"}, {"x": 5800, "y": 8105, "w": 64, "h": 93, "class": "pos"}, {"x": 6184, "y": 7473, "w": 51, "h": 38, "class": "pos"}, {"x": 5761, "y": 7988, "w": 67, "h": 53, "class": "pos"}, {"x": 6302, "y": 7556, "w": 102, "h": 69, "class": "pos"}, {"x": 6300, "y": 7641, "w": 95, "h": 104, "class": "pos"}, {"x": 5996, "y": 7671, "w": 52, "h": 57, "class": "pos"}, {"x": 6098, "y": 7374, "w": 139, "h": 92, "class": "pos"}, {"x": 6575, "y": 7480, "w": 86, "h": 80, "class": "pos"}, {"x": 7524, "y": 7493, "w": 124, "h": 80, "class": "pos"}, {"x": 8169, "y": 7648, "w": 106, "h": 189, "class": "pos"}, {"x": 9360, "y": 7555, "w": 64, "h": 73, "class": "pos"}, {"x": 9215, "y": 7553, "w": 103, "h": 128, "class": "pos"}, {"x": 8532, "y": 7770, "w": 85, "h": 114, "class": "pos"}, {"x": 5818, "y": 8527, "w": 62, "h": 59, "class": "pos"}, {"x": 5773, "y": 9883, "w": 61, "h": 48, "class": "pos"}, {"x": 5993, "y": 9388, "w": 68, "h": 58, "class": "pos"}, {"x": 6230, "y": 9160, "w": 47, "h": 77, "class": "pos"}, {"x": 6202, "y": 9080, "w": 63, "h": 97, "class": "pos"}, {"x": 6272, "y": 9048, "w": 58, "h": 78, "class": "pos"}, {"x": 5399, "y": 10821, "w": 61, "h": 45, "class": "pos"}, {"x": 5709, "y": 10720, "w": 109, "h": 116, "class": "pos"}, {"x": 5628, "y": 10557, "w": 92, "h": 116, "class": "pos"}, {"x": 5973, "y": 10668, "w": 64, "h": 70, "class": "pos"}, {"x": 6087, "y": 11033, "w": 76, "h": 105, "class": "pos"}, {"x": 7237, "y": 10856, "w": 98, "h": 91, "class": "pos"}, {"x": 7211, "y": 10974, "w": 90, "h": 77, "class": "pos"}, {"x": 7535, "y": 11079, "w": 56, "h": 63, "class": "pos"}, {"x": 8215, "y": 11009, "w": 102, "h": 96, "class": "pos"}, {"x": 8650, "y": 10850, "w": 98, "h": 90, "class": "pos"}, {"x": 9193, "y": 10726, "w": 63, "h": 83, "class": "pos"}, {"x": 9258, "y": 10677, "w": 86, "h": 99, "class": "pos"}, {"x": 9325, "y": 10604, "w": 35, "h": 51, "class": "pos"}, {"x": 9093, "y": 10781, "w": 54, "h": 48, "class": "pos"}, {"x": 8927, "y": 10595, "w": 270, "h": 113, "class": "pos"}, {"x": 8344, "y": 10455, "w": 90, "h": 115, "class": "pos"}, {"x": 8324, "y": 9866, "w": 52, "h": 88, "class": "pos"}, {"x": 6291, "y": 9658, "w": 112, "h": 96, "class": "pos"}, {"x": 8094, "y": 9541, "w": 49, "h": 43, "class": "pos"}, {"x": 9165, "y": 9580, "w": 82, "h": 117, "class": "pos"}, {"x": 8960, "y": 8850, "w": 97, "h": 124, "class": "pos"}, {"x": 8743, "y": 9176, "w": 88, "h": 93, "class": "pos"}, {"x": 8951, "y": 8304, "w": 126, "h": 92, "class": "pos"}, {"x": 8852, "y": 7485, "w": 120, "h": 88, "class": "pos"}, {"x": 17027, "y": 11238, "w": 60, "h": 91, "class": "pos"}, {"x": 17309, "y": 11305, "w": 102, "h": 115, "class": "pos"}, {"x": 21223, "y": 11364, "w": 95, "h": 84, "class": "pos"}, {"x": 21341, "y": 11644, "w": 92, "h": 51, "class": "pos"}, {"x": 21528, "y": 11659, "w": 107, "h": 85, "class": "pos"}, {"x": 21307, "y": 11726, "w": 84, "h": 115, "class": "pos"}, {"x": 21551, "y": 11845, "w": 92, "h": 82, "class": "pos"}, {"x": 20879, "y": 11772, "w": 103, "h": 112, "class": "pos"}, {"x": 20382, "y": 11579, "w": 122, "h": 165, "class": "pos"}, {"x": 19740, "y": 11202, "w": 44, "h": 64, "class": "pos"}, {"x": 17586, "y": 12678, "w": 52, "h": 79, "class": "pos"}, {"x": 17181, "y": 12598, "w": 73, "h": 80, "class": "pos"}, {"x": 17998, "y": 12941, "w": 48, "h": 61, "class": "pos"}, {"x": 18130, "y": 12774, "w": 50, "h": 70, "class": "pos"}, {"x": 16911, "y": 12931, "w": 101, "h": 122, "class": "pos"}, {"x": 17860, "y": 12943, "w": 83, "h": 56, "class": "pos"}, {"x": 17572, "y": 13210, "w": 68, "h": 89, "class": "pos"}, {"x": 19151, "y": 13498, "w": 57, "h": 68, "class": "pos"}, {"x": 20534, "y": 13101, "w": 66, "h": 70, "class": "pos"}, {"x": 20561, "y": 12789, "w": 108, "h": 102, "class": "pos"}, {"x": 20718, "y": 12669, "w": 57, "h": 64, "class": "pos"}, {"x": 20756, "y": 12686, "w": 125, "h": 97, "class": "pos"}, {"x": 21241, "y": 12874, "w": 62, "h": 76, "class": "pos"}, {"x": 21187, "y": 12990, "w": 73, "h": 44, "class": "pos"}, {"x": 20934, "y": 13308, "w": 112, "h": 133, "class": "pos"}, {"x": 20416, "y": 13425, "w": 71, "h": 85, "class": "pos"}, {"x": 20473, "y": 13580, "w": 89, "h": 68, "class": "pos"}, {"x": 20411, "y": 13387, "w": 23, "h": 22, "class": "pos"}, {"x": 20510, "y": 13910, "w": 120, "h": 108, "class": "pos"}, {"x": 20413, "y": 13830, "w": 85, "h": 75, "class": "pos"}, {"x": 21372, "y": 14728, "w": 92, "h": 61, "class": "pos"}, {"x": 21067, "y": 14839, "w": 129, "h": 66, "class": "pos"}, {"x": 19539, "y": 15401, "w": 91, "h": 128, "class": "pos"}, {"x": 19449, "y": 15474, "w": 35, "h": 44, "class": "pos"}, {"x": 19547, "y": 14852, "w": 88, "h": 96, "class": "pos"}, {"x": 19665, "y": 14698, "w": 108, "h": 62, "class": "pos"}, {"x": 19913, "y": 14492, "w": 54, "h": 51, "class": "pos"}, {"x": 19294, "y": 14969, "w": 66, "h": 79, "class": "pos"}, {"x": 18688, "y": 15246, "w": 64, "h": 93, "class": "pos"}, {"x": 17984, "y": 15231, "w": 92, "h": 86, "class": "pos"}, {"x": 18004, "y": 15102, "w": 55, "h": 70, "class": "pos"}, {"x": 17244, "y": 15417, "w": 96, "h": 74, "class": "pos"}, {"x": 18088, "y": 14364, "w": 83, "h": 91, "class": "pos"}, {"x": 18107, "y": 14015, "w": 76, "h": 86, "class": "pos"}, {"x": 18786, "y": 14026, "w": 60, "h": 70, "class": "pos"}, {"x": 8957, "y": 19293, "w": 113, "h": 79, "class": "pos"}, {"x": 9124, "y": 19190, "w": 63, "h": 86, "class": "pos"}, {"x": 10257, "y": 19216, "w": 60, "h": 46, "class": "pos"}, {"x": 10454, "y": 19265, "w": 50, "h": 57, "class": "pos"}, {"x": 10595, "y": 19866, "w": 49, "h": 73, "class": "pos"}, {"x": 10139, "y": 19646, "w": 99, "h": 56, "class": "pos"}, {"x": 10062, "y": 19995, "w": 37, "h": 86, "class": "pos"}, {"x": 10386, "y": 20297, "w": 94, "h": 84, "class": "pos"}, {"x": 7553, "y": 20400, "w": 90, "h": 88, "class": "pos"}, {"x": 7735, "y": 20512, "w": 32, "h": 64, "class": "pos"}, {"x": 7843, "y": 21147, "w": 60, "h": 66, "class": "pos"}, {"x": 7706, "y": 20858, "w": 80, "h": 65, "class": "pos"}, {"x": 7612, "y": 21166, "w": 43, "h": 68, "class": "pos"}, {"x": 7612, "y": 21093, "w": 81, "h": 80, "class": "pos"}, {"x": 7761, "y": 21876, "w": 80, "h": 57, "class": "pos"}, {"x": 7450, "y": 22145, "w": 62, "h": 69, "class": "pos"}, {"x": 8174, "y": 21970, "w": 110, "h": 92, "class": "pos"}, {"x": 8080, "y": 22003, "w": 101, "h": 84, "class": "pos"}, {"x": 9153, "y": 22184, "w": 46, "h": 72, "class": "pos"}, {"x": 9620, "y": 21863, "w": 83, "h": 95, "class": "pos"}, {"x": 9553, "y": 21733, "w": 180, "h": 99, "class": "pos"}, {"x": 8400, "y": 21494, "w": 47, "h": 80, "class": "pos"}, {"x": 8591, "y": 20889, "w": 56, "h": 91, "class": "pos"}, {"x": 8293, "y": 20862, "w": 112, "h": 89, "class": "pos"}, {"x": 8831, "y": 20984, "w": 98, "h": 99, "class": "pos"}, {"x": 9269, "y": 21313, "w": 96, "h": 83, "class": "pos"}, {"x": 10055, "y": 21388, "w": 65, "h": 62, "class": "pos"}, {"x": 10785, "y": 20800, "w": 46, "h": 69, "class": "pos"}, {"x": 10676, "y": 20512, "w": 125, "h": 98, "class": "pos"}, {"x": 7482, "y": 20020, "w": 41, "h": 57, "class": "pos"}, {"x": 8074, "y": 20237, "w": 105, "h": 103, "class": "pos"}, {"x": 8283, "y": 20176, "w": 107, "h": 92, "class": "pos"}]