[{"x": 12600, "y": 15372, "w": 4935, "h": 4089, "class": "roi"}, {"x": 26797, "y": 19743, "w": 4935, "h": 4747, "class": "roi"}, {"x": 16031, "y": 36643, "w": 5076, "h": 3925, "class": "roi"}, {"x": 14566, "y": 16601, "w": 116, "h": 120, "class": "pos"}, {"x": 14703, "y": 16535, "w": 89, "h": 114, "class": "pos"}, {"x": 28484, "y": 21738, "w": 116, "h": 90, "class": "pos"}, {"x": 28395, "y": 21724, "w": 60, "h": 70, "class": "pos"}, {"x": 27038, "y": 21605, "w": 148, "h": 122, "class": "pos"}, {"x": 27119, "y": 22102, "w": 81, "h": 78, "class": "pos"}, {"x": 17578, "y": 36678, "w": 56, "h": 55, "class": "pos"}]