[{"x": 6244, "y": 12622, "w": 174, "h": 98, "class": "pos"}, {"x": 3164, "y": 11732, "w": 3355, "h": 3763, "class": "roi"}, {"x": 3992, "y": 13562, "w": 185, "h": 132, "class": "pos"}, {"x": 5463, "y": 14301, "w": 149, "h": 117, "class": "pos"}, {"x": 14878, "y": 11520, "w": 75, "h": 114, "class": "pos"}, {"x": 11048, "y": 8495, "w": 4160, "h": 4096, "class": "roi"}, {"x": 12165, "y": 12124, "w": 84, "h": 86, "class": "pos"}, {"x": 13386, "y": 10246, "w": 49, "h": 86, "class": "pos"}, {"x": 20756, "y": 16900, "w": 97, "h": 111, "class": "pos"}, {"x": 20090, "y": 16223, "w": 4097, "h": 3255, "class": "roi"}, {"x": 20400, "y": 18874, "w": 67, "h": 89, "class": "pos"}, {"x": 23842, "y": 18575, "w": 123, "h": 85, "class": "pos"}, {"x": 22239, "y": 17229, "w": 63, "h": 60, "class": "pos"}, {"x": 3907, "y": 17336, "w": 182, "h": 183, "class": "pos"}, {"x": 2778, "y": 16448, "w": 4782, "h": 3874, "class": "roi"}, {"x": 3525, "y": 16505, "w": 141, "h": 168, "class": "pos"}, {"x": 5432, "y": 18139, "w": 71, "h": 88, "class": "pos"}, {"x": 13448, "y": 10245, "w": 30, "h": 49, "class": "pos"}]