[{"x": 5307, "y": 7723, "w": 3920, "h": 3306, "class": "roi"}, {"x": 7238, "y": 19456, "w": 4564, "h": 3276, "class": "roi"}, {"x": 20170, "y": 15979, "w": 3832, "h": 4003, "class": "roi"}, {"x": 23402, "y": 16031, "w": 45, "h": 53, "class": "pos"}, {"x": 23346, "y": 16041, "w": 59, "h": 68, "class": "pos"}, {"x": 21998, "y": 17690, "w": 50, "h": 52, "class": "pos"}, {"x": 21183, "y": 17545, "w": 74, "h": 73, "class": "pos"}, {"x": 21280, "y": 17511, "w": 60, "h": 64, "class": "pos"}, {"x": 21657, "y": 17219, "w": 76, "h": 127, "class": "pos"}, {"x": 21562, "y": 18220, "w": 123, "h": 95, "class": "pos"}, {"x": 21384, "y": 17795, "w": 66, "h": 72, "class": "pos"}, {"x": 23221, "y": 18642, "w": 183, "h": 119, "class": "pos"}, {"x": 7989, "y": 20148, "w": 114, "h": 138, "class": "pos"}, {"x": 9034, "y": 21335, "w": 104, "h": 94, "class": "pos"}, {"x": 7037, "y": 15577, "w": 211, "h": 100, "class": "pos"}, {"x": 6198, "y": 13896, "w": 3387, "h": 3323, "class": "roi"}, {"x": 8229, "y": 14476, "w": 104, "h": 74, "class": "pos"}, {"x": 8113, "y": 14530, "w": 79, "h": 163, "class": "pos"}]