[{"x": 35612, "y": 10643, "w": 3772, "h": 3233, "class": "roi"}, {"x": 27438, "y": 34895, "w": 3637, "h": 3323, "class": "roi"}, {"x": 2558, "y": 15583, "w": 4311, "h": 4535, "class": "roi"}, {"x": 36510, "y": 10786, "w": 338, "h": 318, "class": "pos"}, {"x": 36539, "y": 12735, "w": 60, "h": 84, "class": "pos"}, {"x": 36666, "y": 13317, "w": 113, "h": 70, "class": "pos"}, {"x": 3116, "y": 16461, "w": 128, "h": 207, "class": "pos"}, {"x": 3271, "y": 16230, "w": 96, "h": 100, "class": "pos"}, {"x": 3226, "y": 16361, "w": 91, "h": 115, "class": "pos"}, {"x": 3244, "y": 16458, "w": 158, "h": 120, "class": "pos"}, {"x": 3316, "y": 16382, "w": 77, "h": 82, "class": "pos"}, {"x": 4083, "y": 19389, "w": 161, "h": 167, "class": "pos"}, {"x": 4348, "y": 19060, "w": 122, "h": 157, "class": "pos"}, {"x": 4920, "y": 19011, "w": 226, "h": 185, "class": "pos"}, {"x": 28466, "y": 36605, "w": 289, "h": 166, "class": "pos"}, {"x": 28915, "y": 36844, "w": 122, "h": 101, "class": "pos"}, {"x": 29153, "y": 36832, "w": 62, "h": 69, "class": "pos"}, {"x": 28986, "y": 36764, "w": 117, "h": 88, "class": "pos"}, {"x": 29025, "y": 36950, "w": 57, "h": 72, "class": "pos"}]