[{"x": 13665, "y": 33941, "w": 206, "h": 340, "class": "pos"}, {"x": 12706, "y": 33558, "w": 97, "h": 126, "class": "pos"}, {"x": 10976, "y": 31193, "w": 6534, "h": 7093, "class": "roi"}, {"x": 11190, "y": 32642, "w": 81, "h": 138, "class": "pos"}, {"x": 16931, "y": 35946, "w": 215, "h": 247, "class": "pos"}, {"x": 16457, "y": 35338, "w": 132, "h": 104, "class": "pos"}, {"x": 35150, "y": 30926, "w": 371, "h": 161, "class": "pos"}, {"x": 31107, "y": 28980, "w": 9085, "h": 8096, "class": "roi"}, {"x": 32917, "y": 34839, "w": 154, "h": 233, "class": "pos"}, {"x": 34198, "y": 32711, "w": 136, "h": 136, "class": "pos"}, {"x": 39118, "y": 29558, "w": 103, "h": 144, "class": "pos"}, {"x": 23200, "y": 41199, "w": 295, "h": 355, "class": "pos"}, {"x": 20037, "y": 36758, "w": 6449, "h": 6619, "class": "roi"}, {"x": 25950, "y": 40038, "w": 379, "h": 304, "class": "pos"}]