[{"x": 20919, "y": 9382, "w": 168, "h": 202, "class": "pos"}, {"x": 17054, "y": 7279, "w": 4406, "h": 4673, "class": "roi"}, {"x": 18317, "y": 11241, "w": 152, "h": 106, "class": "pos"}, {"x": 17247, "y": 10386, "w": 96, "h": 140, "class": "pos"}, {"x": 18247, "y": 9128, "w": 136, "h": 187, "class": "pos"}, {"x": 17095, "y": 9000, "w": 56, "h": 65, "class": "pos"}, {"x": 20058, "y": 7373, "w": 182, "h": 97, "class": "pos"}, {"x": 29164, "y": 20770, "w": 159, "h": 155, "class": "pos"}, {"x": 26596, "y": 18325, "w": 5100, "h": 4586, "class": "roi"}, {"x": 27279, "y": 21242, "w": 148, "h": 112, "class": "pos"}, {"x": 28429, "y": 18790, "w": 46, "h": 90, "class": "pos"}, {"x": 9796, "y": 25046, "w": 211, "h": 271, "class": "pos"}, {"x": 8677, "y": 23699, "w": 241, "h": 125, "class": "pos"}, {"x": 6841, "y": 22412, "w": 4495, "h": 4152, "class": "roi"}, {"x": 9847, "y": 23703, "w": 230, "h": 222, "class": "pos"}]