[{"x": 9852, "y": 19329, "w": 6646, "h": 7575, "class": "roi"}, {"x": 13042, "y": 21822, "w": 215, "h": 147, "class": "pos"}, {"x": 13132, "y": 25046, "w": 209, "h": 201, "class": "pos"}, {"x": 11341, "y": 25182, "w": 148, "h": 147, "class": "pos"}, {"x": 12573, "y": 25558, "w": 112, "h": 119, "class": "pos"}, {"x": 12535, "y": 25893, "w": 142, "h": 175, "class": "pos"}, {"x": 35296, "y": 6992, "w": 181, "h": 100, "class": "pos"}, {"x": 32336, "y": 4849, "w": 6411, "h": 5960, "class": "roi"}, {"x": 41137, "y": 13554, "w": 127, "h": 122, "class": "pos"}, {"x": 35392, "y": 11612, "w": 7524, "h": 6575, "class": "roi"}, {"x": 35621, "y": 14541, "w": 81, "h": 178, "class": "pos"}, {"x": 30615, "y": 37056, "w": 267, "h": 117, "class": "pos"}, {"x": 32872, "y": 37719, "w": 95, "h": 74, "class": "pos"}, {"x": 34395, "y": 36533, "w": 131, "h": 133, "class": "pos"}, {"x": 35935, "y": 37357, "w": 189, "h": 160, "class": "pos"}, {"x": 29060, "y": 33457, "w": 9132, "h": 7581, "class": "roi"}, {"x": 37752, "y": 38646, "w": 283, "h": 185, "class": "pos"}]