[{"x": 17982, "y": 9917, "w": 4103, "h": 3530, "class": "roi"}, {"x": 21775, "y": 10540, "w": 132, "h": 96, "class": "pos"}, {"x": 21025, "y": 10225, "w": 42, "h": 99, "class": "pos"}, {"x": 20993, "y": 10867, "w": 37, "h": 41, "class": "pos"}, {"x": 20727, "y": 9952, "w": 189, "h": 113, "class": "pos"}, {"x": 19876, "y": 10133, "w": 53, "h": 97, "class": "pos"}, {"x": 19647, "y": 10568, "w": 85, "h": 72, "class": "pos"}, {"x": 19354, "y": 9954, "w": 82, "h": 116, "class": "pos"}, {"x": 19422, "y": 10769, "w": 58, "h": 58, "class": "pos"}, {"x": 20000, "y": 10725, "w": 55, "h": 53, "class": "pos"}, {"x": 18336, "y": 10108, "w": 97, "h": 51, "class": "pos"}, {"x": 18130, "y": 11230, "w": 89, "h": 163, "class": "pos"}, {"x": 20882, "y": 11751, "w": 134, "h": 117, "class": "pos"}, {"x": 21459, "y": 11386, "w": 59, "h": 62, "class": "pos"}, {"x": 21983, "y": 11603, "w": 43, "h": 35, "class": "pos"}, {"x": 21229, "y": 12471, "w": 69, "h": 102, "class": "pos"}, {"x": 20343, "y": 12889, "w": 129, "h": 114, "class": "pos"}, {"x": 20149, "y": 12535, "w": 95, "h": 80, "class": "pos"}, {"x": 20196, "y": 12866, "w": 59, "h": 54, "class": "pos"}, {"x": 19281, "y": 12059, "w": 156, "h": 129, "class": "pos"}, {"x": 18960, "y": 12256, "w": 48, "h": 52, "class": "pos"}, {"x": 19008, "y": 11831, "w": 44, "h": 49, "class": "pos"}, {"x": 21997, "y": 21851, "w": 4056, "h": 3311, "class": "roi"}, {"x": 24954, "y": 22267, "w": 96, "h": 90, "class": "pos"}, {"x": 24007, "y": 22168, "w": 69, "h": 55, "class": "pos"}, {"x": 22149, "y": 21961, "w": 200, "h": 180, "class": "pos"}, {"x": 22219, "y": 22243, "w": 108, "h": 114, "class": "pos"}, {"x": 24090, "y": 23243, "w": 74, "h": 114, "class": "pos"}, {"x": 23038, "y": 23195, "w": 64, "h": 62, "class": "pos"}, {"x": 23255, "y": 23959, "w": 221, "h": 107, "class": "pos"}, {"x": 23761, "y": 24597, "w": 135, "h": 188, "class": "pos"}, {"x": 25847, "y": 23069, "w": 131, "h": 160, "class": "pos"}, {"x": 10962, "y": 29176, "w": 236, "h": 158, "class": "pos"}, {"x": 8689, "y": 27051, "w": 3845, "h": 3694, "class": "roi"}, {"x": 8863, "y": 27294, "w": 272, "h": 180, "class": "pos"}, {"x": 9457, "y": 27450, "w": 78, "h": 88, "class": "pos"}, {"x": 9068, "y": 27530, "w": 52, "h": 52, "class": "pos"}, {"x": 8833, "y": 27178, "w": 70, "h": 99, "class": "pos"}, {"x": 9873, "y": 27112, "w": 152, "h": 83, "class": "pos"}, {"x": 10788, "y": 27126, "w": 193, "h": 130, "class": "pos"}, {"x": 10411, "y": 27506, "w": 94, "h": 102, "class": "pos"}, {"x": 11968, "y": 27805, "w": 89, "h": 86, "class": "pos"}, {"x": 9961, "y": 28651, "w": 215, "h": 178, "class": "pos"}, {"x": 8860, "y": 29963, "w": 147, "h": 158, "class": "pos"}, {"x": 9210, "y": 29646, "w": 121, "h": 64, "class": "pos"}, {"x": 9881, "y": 29504, "w": 56, "h": 47, "class": "pos"}, {"x": 11081, "y": 30220, "w": 80, "h": 103, "class": "pos"}, {"x": 11087, "y": 30137, "w": 60, "h": 54, "class": "pos"}, {"x": 10876, "y": 29987, "w": 104, "h": 80, "class": "pos"}, {"x": 11144, "y": 30029, "w": 50, "h": 35, "class": "pos"}, {"x": 12035, "y": 30422, "w": 125, "h": 72, "class": "pos"}, {"x": 12368, "y": 30107, "w": 89, "h": 44, "class": "pos"}, {"x": 12112, "y": 29744, "w": 177, "h": 146, "class": "pos"}, {"x": 19445, "y": 10853, "w": 101, "h": 67, "class": "pos"}]