[{"x": 24027, "y": 13155, "w": 341, "h": 207, "class": "pos"}, {"x": 18961, "y": 10668, "w": 6580, "h": 6638, "class": "roi"}, {"x": 12188, "y": 4674, "w": 217, "h": 180, "class": "pos"}, {"x": 10342, "y": 4146, "w": 7046, "h": 6464, "class": "roi"}, {"x": 12606, "y": 8826, "w": 90, "h": 85, "class": "pos"}, {"x": 12723, "y": 9019, "w": 117, "h": 111, "class": "pos"}, {"x": 15043, "y": 7213, "w": 147, "h": 213, "class": "pos"}, {"x": 9630, "y": 17211, "w": 100, "h": 122, "class": "pos"}, {"x": 6258, "y": 14828, "w": 3815, "h": 3925, "class": "roi"}, {"x": 23702, "y": 38385, "w": 49, "h": 69, "class": "pos"}, {"x": 22594, "y": 35956, "w": 3375, "h": 3200, "class": "roi"}, {"x": 12328, "y": 4875, "w": 51, "h": 49, "class": "pos"}]