[{"x": 10195, "y": 5946, "w": 74, "h": 71, "class": "pos"}, {"x": 8891, "y": 4972, "w": 3699, "h": 3413, "class": "roi"}, {"x": 9522, "y": 8238, "w": 134, "h": 92, "class": "pos"}, {"x": 10933, "y": 5421, "w": 83, "h": 68, "class": "pos"}, {"x": 17313, "y": 7026, "w": 96, "h": 80, "class": "pos"}, {"x": 17423, "y": 7124, "w": 143, "h": 163, "class": "pos"}, {"x": 17025, "y": 8352, "w": 159, "h": 157, "class": "pos"}, {"x": 17951, "y": 8515, "w": 69, "h": 86, "class": "pos"}, {"x": 11976, "y": 7821, "w": 167, "h": 187, "class": "pos"}, {"x": 11590, "y": 7996, "w": 102, "h": 124, "class": "pos"}, {"x": 11858, "y": 7458, "w": 45, "h": 51, "class": "pos"}, {"x": 11633, "y": 7431, "w": 56, "h": 71, "class": "pos"}, {"x": 12128, "y": 6862, "w": 29, "h": 39, "class": "pos"}, {"x": 12358, "y": 6847, "w": 39, "h": 48, "class": "pos"}, {"x": 12313, "y": 7021, "w": 40, "h": 40, "class": "pos"}, {"x": 12488, "y": 6999, "w": 31, "h": 40, "class": "pos"}, {"x": 12360, "y": 5106, "w": 140, "h": 80, "class": "pos"}, {"x": 12021, "y": 5081, "w": 252, "h": 341, "class": "pos"}, {"x": 12423, "y": 5497, "w": 108, "h": 85, "class": "pos"}, {"x": 11544, "y": 5543, "w": 56, "h": 44, "class": "pos"}, {"x": 11549, "y": 5682, "w": 74, "h": 82, "class": "pos"}, {"x": 9846, "y": 5755, "w": 66, "h": 91, "class": "pos"}, {"x": 8918, "y": 7879, "w": 96, "h": 105, "class": "pos"}, {"x": 9734, "y": 8065, "w": 76, "h": 80, "class": "pos"}, {"x": 9771, "y": 8194, "w": 37, "h": 46, "class": "pos"}, {"x": 9808, "y": 7785, "w": 114, "h": 149, "class": "pos"}, {"x": 9935, "y": 7707, "w": 59, "h": 68, "class": "pos"}, {"x": 10463, "y": 7648, "w": 53, "h": 71, "class": "pos"}, {"x": 11111, "y": 7878, "w": 107, "h": 151, "class": "pos"}, {"x": 12346, "y": 8111, "w": 132, "h": 114, "class": "pos"}, {"x": 12389, "y": 7983, "w": 35, "h": 73, "class": "pos"}, {"x": 12126, "y": 8025, "w": 116, "h": 78, "class": "pos"}, {"x": 12395, "y": 8243, "w": 52, "h": 36, "class": "pos"}, {"x": 12461, "y": 7215, "w": 122, "h": 117, "class": "pos"}, {"x": 9981, "y": 5248, "w": 115, "h": 81, "class": "pos"}, {"x": 9413, "y": 7834, "w": 55, "h": 47, "class": "pos"}, {"x": 10190, "y": 8102, "w": 50, "h": 37, "class": "pos"}, {"x": 10416, "y": 8083, "w": 87, "h": 84, "class": "pos"}, {"x": 10213, "y": 8285, "w": 99, "h": 86, "class": "pos"}, {"x": 16011, "y": 8438, "w": 202, "h": 132, "class": "pos"}, {"x": 16231, "y": 8368, "w": 59, "h": 62, "class": "pos"}, {"x": 16155, "y": 8292, "w": 63, "h": 57, "class": "pos"}, {"x": 15974, "y": 6855, "w": 113, "h": 104, "class": "pos"}, {"x": 16347, "y": 6890, "w": 60, "h": 75, "class": "pos"}, {"x": 16622, "y": 6379, "w": 59, "h": 76, "class": "pos"}, {"x": 16483, "y": 6095, "w": 88, "h": 86, "class": "pos"}, {"x": 17316, "y": 5602, "w": 246, "h": 251, "class": "pos"}, {"x": 17691, "y": 6255, "w": 82, "h": 47, "class": "pos"}, {"x": 18919, "y": 6338, "w": 36, "h": 43, "class": "pos"}, {"x": 18709, "y": 5944, "w": 39, "h": 43, "class": "pos"}, {"x": 18862, "y": 6222, "w": 87, "h": 98, "class": "pos"}, {"x": 19045, "y": 6068, "w": 87, "h": 56, "class": "pos"}, {"x": 18967, "y": 5728, "w": 86, "h": 82, "class": "pos"}, {"x": 19571, "y": 5819, "w": 45, "h": 49, "class": "pos"}, {"x": 18868, "y": 7602, "w": 91, "h": 143, "class": "pos"}, {"x": 18393, "y": 7725, "w": 72, "h": 80, "class": "pos"}, {"x": 18479, "y": 7649, "w": 61, "h": 28, "class": "pos"}, {"x": 18588, "y": 7888, "w": 59, "h": 93, "class": "pos"}, {"x": 17687, "y": 7808, "w": 75, "h": 117, "class": "pos"}, {"x": 12158, "y": 6861, "w": 28, "h": 55, "class": "pos"}, {"x": 9905, "y": 5715, "w": 48, "h": 52, "class": "pos"}, {"x": 19618, "y": 5832, "w": 44, "h": 62, "class": "pos"}, {"x": 15961, "y": 5590, "w": 3709, "h": 3033, "class": "roi"}]