[{"x": 6901, "y": 4683, "w": 4634, "h": 5597, "class": "roi"}, {"x": 14647, "y": 11534, "w": 3447, "h": 3559, "class": "roi"}, {"x": 7998, "y": 20982, "w": 5126, "h": 3783, "class": "roi"}, {"x": 7279, "y": 5557, "w": 71, "h": 110, "class": "pos"}, {"x": 7369, "y": 6838, "w": 95, "h": 116, "class": "pos"}, {"x": 11350, "y": 8564, "w": 52, "h": 46, "class": "pos"}, {"x": 10915, "y": 9520, "w": 108, "h": 57, "class": "pos"}, {"x": 11132, "y": 9380, "w": 86, "h": 109, "class": "pos"}, {"x": 17943, "y": 13652, "w": 79, "h": 76, "class": "pos"}, {"x": 12439, "y": 22759, "w": 87, "h": 65, "class": "pos"}, {"x": 9829, "y": 23829, "w": 61, "h": 87, "class": "pos"}, {"x": 9426, "y": 23881, "w": 124, "h": 138, "class": "pos"}]