[{"x": 25262, "y": 36561, "w": 5400, "h": 4814, "class": "roi"}, {"x": 25427, "y": 36703, "w": 160, "h": 186, "class": "pos"}, {"x": 26082, "y": 37068, "w": 64, "h": 48, "class": "pos"}, {"x": 25839, "y": 36957, "w": 73, "h": 46, "class": "pos"}, {"x": 27153, "y": 36873, "w": 74, "h": 50, "class": "pos"}, {"x": 27103, "y": 37039, "w": 86, "h": 99, "class": "pos"}, {"x": 29041, "y": 37105, "w": 79, "h": 67, "class": "pos"}, {"x": 28949, "y": 37504, "w": 70, "h": 80, "class": "pos"}, {"x": 29321, "y": 37212, "w": 39, "h": 45, "class": "pos"}, {"x": 29084, "y": 37704, "w": 48, "h": 78, "class": "pos"}, {"x": 26563, "y": 37762, "w": 45, "h": 40, "class": "pos"}, {"x": 26162, "y": 37800, "w": 40, "h": 71, "class": "pos"}, {"x": 25969, "y": 37641, "w": 32, "h": 45, "class": "pos"}, {"x": 25969, "y": 37780, "w": 34, "h": 40, "class": "pos"}, {"x": 26141, "y": 37962, "w": 42, "h": 59, "class": "pos"}, {"x": 26587, "y": 38051, "w": 45, "h": 37, "class": "pos"}, {"x": 25889, "y": 38090, "w": 41, "h": 41, "class": "pos"}, {"x": 25280, "y": 38593, "w": 120, "h": 68, "class": "pos"}, {"x": 26369, "y": 39064, "w": 38, "h": 37, "class": "pos"}, {"x": 26306, "y": 38863, "w": 37, "h": 46, "class": "pos"}, {"x": 26105, "y": 39684, "w": 61, "h": 63, "class": "pos"}, {"x": 26197, "y": 39875, "w": 88, "h": 82, "class": "pos"}, {"x": 26031, "y": 40365, "w": 33, "h": 27, "class": "pos"}, {"x": 26096, "y": 40468, "w": 38, "h": 42, "class": "pos"}, {"x": 26213, "y": 40355, "w": 30, "h": 30, "class": "pos"}, {"x": 26555, "y": 40895, "w": 34, "h": 39, "class": "pos"}, {"x": 26943, "y": 40813, "w": 187, "h": 87, "class": "pos"}, {"x": 28230, "y": 40794, "w": 118, "h": 99, "class": "pos"}, {"x": 28753, "y": 40797, "w": 107, "h": 87, "class": "pos"}, {"x": 30045, "y": 40979, "w": 61, "h": 55, "class": "pos"}, {"x": 30315, "y": 39468, "w": 74, "h": 82, "class": "pos"}, {"x": 29541, "y": 39671, "w": 85, "h": 75, "class": "pos"}, {"x": 29075, "y": 39869, "w": 59, "h": 63, "class": "pos"}, {"x": 29016, "y": 39978, "w": 50, "h": 49, "class": "pos"}, {"x": 28154, "y": 40013, "w": 85, "h": 123, "class": "pos"}, {"x": 28036, "y": 40686, "w": 38, "h": 46, "class": "pos"}, {"x": 28186, "y": 40572, "w": 37, "h": 40, "class": "pos"}, {"x": 28441, "y": 40382, "w": 33, "h": 52, "class": "pos"}, {"x": 27335, "y": 39967, "w": 63, "h": 83, "class": "pos"}, {"x": 27299, "y": 39238, "w": 125, "h": 94, "class": "pos"}, {"x": 28509, "y": 39086, "w": 59, "h": 39, "class": "pos"}, {"x": 28158, "y": 38965, "w": 46, "h": 50, "class": "pos"}, {"x": 28248, "y": 38911, "w": 42, "h": 38, "class": "pos"}, {"x": 29868, "y": 39180, "w": 45, "h": 45, "class": "pos"}, {"x": 29965, "y": 39080, "w": 44, "h": 41, "class": "pos"}, {"x": 29732, "y": 38940, "w": 35, "h": 37, "class": "pos"}, {"x": 18580, "y": 5236, "w": 3199, "h": 3199, "class": "roi"}, {"x": 20533, "y": 5397, "w": 81, "h": 77, "class": "pos"}, {"x": 21451, "y": 5524, "w": 67, "h": 75, "class": "pos"}, {"x": 19968, "y": 7560, "w": 62, "h": 50, "class": "pos"}, {"x": 19574, "y": 7864, "w": 42, "h": 59, "class": "pos"}, {"x": 19465, "y": 7952, "w": 33, "h": 32, "class": "pos"}, {"x": 19608, "y": 8017, "w": 50, "h": 40, "class": "pos"}, {"x": 19206, "y": 8201, "w": 156, "h": 105, "class": "pos"}, {"x": 19241, "y": 7579, "w": 86, "h": 86, "class": "pos"}, {"x": 18967, "y": 7978, "w": 71, "h": 95, "class": "pos"}, {"x": 19576, "y": 7429, "w": 87, "h": 82, "class": "pos"}, {"x": 19257, "y": 7330, "w": 60, "h": 59, "class": "pos"}, {"x": 19377, "y": 6782, "w": 98, "h": 117, "class": "pos"}, {"x": 19426, "y": 6201, "w": 196, "h": 152, "class": "pos"}]