[{"x": 17021, "y": 36643, "w": 63, "h": 72, "class": "pos"}, {"x": 13666, "y": 35513, "w": 3558, "h": 3476, "class": "roi"}, {"x": 22283, "y": 36371, "w": 106, "h": 166, "class": "pos"}, {"x": 19993, "y": 34623, "w": 3921, "h": 3460, "class": "roi"}, {"x": 25517, "y": 31037, "w": 158, "h": 156, "class": "pos"}, {"x": 21610, "y": 28996, "w": 4498, "h": 3997, "class": "roi"}, {"x": 32244, "y": 38787, "w": 124, "h": 114, "class": "pos"}, {"x": 32015, "y": 38581, "w": 3317, "h": 3328, "class": "roi"}, {"x": 32487, "y": 38632, "w": 70, "h": 68, "class": "pos"}]