[{"x": 30327, "y": 6794, "w": 3385, "h": 3672, "class": "roi"}, {"x": 23486, "y": 11707, "w": 4591, "h": 3535, "class": "roi"}, {"x": 33632, "y": 28373, "w": 3415, "h": 3581, "class": "roi"}, {"x": 31325, "y": 7415, "w": 307, "h": 150, "class": "pos"}, {"x": 31361, "y": 7570, "w": 131, "h": 70, "class": "pos"}, {"x": 31585, "y": 6810, "w": 103, "h": 122, "class": "pos"}, {"x": 30558, "y": 7712, "w": 63, "h": 49, "class": "pos"}, {"x": 30829, "y": 8823, "w": 112, "h": 118, "class": "pos"}, {"x": 31127, "y": 9541, "w": 68, "h": 52, "class": "pos"}, {"x": 30740, "y": 8909, "w": 70, "h": 85, "class": "pos"}, {"x": 30715, "y": 9055, "w": 56, "h": 75, "class": "pos"}, {"x": 31358, "y": 9049, "w": 59, "h": 66, "class": "pos"}, {"x": 32453, "y": 7193, "w": 74, "h": 42, "class": "pos"}, {"x": 32871, "y": 7306, "w": 74, "h": 80, "class": "pos"}, {"x": 32322, "y": 9089, "w": 32, "h": 32, "class": "pos"}, {"x": 32445, "y": 9567, "w": 81, "h": 83, "class": "pos"}, {"x": 24955, "y": 12444, "w": 43, "h": 75, "class": "pos"}, {"x": 25119, "y": 12250, "w": 471, "h": 362, "class": "pos"}, {"x": 25059, "y": 12225, "w": 58, "h": 149, "class": "pos"}, {"x": 24993, "y": 12213, "w": 64, "h": 68, "class": "pos"}, {"x": 25117, "y": 12196, "w": 133, "h": 55, "class": "pos"}, {"x": 25030, "y": 12163, "w": 54, "h": 46, "class": "pos"}, {"x": 25068, "y": 12127, "w": 60, "h": 33, "class": "pos"}, {"x": 24984, "y": 12119, "w": 62, "h": 71, "class": "pos"}, {"x": 25062, "y": 12008, "w": 75, "h": 96, "class": "pos"}, {"x": 24746, "y": 12418, "w": 82, "h": 97, "class": "pos"}, {"x": 24871, "y": 12459, "w": 24, "h": 25, "class": "pos"}, {"x": 24834, "y": 12474, "w": 19, "h": 15, "class": "pos"}, {"x": 24833, "y": 12404, "w": 123, "h": 182, "class": "pos"}, {"x": 25633, "y": 13180, "w": 84, "h": 84, "class": "pos"}, {"x": 25961, "y": 12591, "w": 152, "h": 64, "class": "pos"}, {"x": 25577, "y": 11719, "w": 66, "h": 45, "class": "pos"}, {"x": 26719, "y": 12103, "w": 85, "h": 89, "class": "pos"}, {"x": 27783, "y": 12384, "w": 42, "h": 40, "class": "pos"}, {"x": 27271, "y": 13976, "w": 132, "h": 74, "class": "pos"}, {"x": 26733, "y": 14715, "w": 56, "h": 75, "class": "pos"}, {"x": 26200, "y": 13600, "w": 56, "h": 72, "class": "pos"}, {"x": 26248, "y": 13674, "w": 52, "h": 54, "class": "pos"}, {"x": 25088, "y": 13482, "w": 98, "h": 96, "class": "pos"}, {"x": 24678, "y": 14239, "w": 95, "h": 69, "class": "pos"}, {"x": 23921, "y": 14454, "w": 52, "h": 52, "class": "pos"}, {"x": 23971, "y": 14511, "w": 46, "h": 53, "class": "pos"}, {"x": 34069, "y": 28430, "w": 211, "h": 222, "class": "pos"}, {"x": 34783, "y": 29004, "w": 43, "h": 44, "class": "pos"}, {"x": 34964, "y": 28936, "w": 69, "h": 64, "class": "pos"}, {"x": 34912, "y": 28982, "w": 52, "h": 34, "class": "pos"}, {"x": 34932, "y": 29022, "w": 50, "h": 39, "class": "pos"}, {"x": 34801, "y": 29066, "w": 48, "h": 44, "class": "pos"}, {"x": 35127, "y": 29140, "w": 66, "h": 43, "class": "pos"}, {"x": 35070, "y": 29127, "w": 39, "h": 43, "class": "pos"}, {"x": 35071, "y": 29187, "w": 66, "h": 46, "class": "pos"}, {"x": 35010, "y": 29163, "w": 52, "h": 64, "class": "pos"}, {"x": 34953, "y": 29066, "w": 116, "h": 86, "class": "pos"}, {"x": 34941, "y": 29176, "w": 35, "h": 39, "class": "pos"}, {"x": 33740, "y": 31131, "w": 44, "h": 64, "class": "pos"}, {"x": 34324, "y": 31163, "w": 120, "h": 87, "class": "pos"}, {"x": 36923, "y": 30202, "w": 118, "h": 127, "class": "pos"}]