[{"x": 23322, "y": 9720, "w": 179, "h": 268, "class": "pos"}, {"x": 21789, "y": 8091, "w": 5073, "h": 4258, "class": "roi"}, {"x": 23854, "y": 8721, "w": 83, "h": 85, "class": "pos"}, {"x": 22392, "y": 8238, "w": 111, "h": 117, "class": "pos"}, {"x": 35319, "y": 17305, "w": 142, "h": 153, "class": "pos"}, {"x": 33734, "y": 16135, "w": 4066, "h": 3493, "class": "roi"}, {"x": 13524, "y": 31177, "w": 5371, "h": 4840, "class": "roi"}, {"x": 14589, "y": 33141, "w": 170, "h": 145, "class": "pos"}, {"x": 16022, "y": 31861, "w": 138, "h": 138, "class": "pos"}, {"x": 28483, "y": 30445, "w": 154, "h": 130, "class": "pos"}, {"x": 25388, "y": 27472, "w": 3469, "h": 3455, "class": "roi"}]