[{"x": 15584, "y": 4712, "w": 261, "h": 196, "class": "pos"}, {"x": 14495, "y": 4275, "w": 10061, "h": 6700, "class": "roi"}, {"x": 17875, "y": 10052, "w": 179, "h": 360, "class": "pos"}, {"x": 22043, "y": 9447, "w": 30, "h": 35, "class": "pos"}, {"x": 21838, "y": 9408, "w": 41, "h": 59, "class": "pos"}, {"x": 23877, "y": 4339, "w": 356, "h": 135, "class": "pos"}, {"x": 24220, "y": 4559, "w": 63, "h": 51, "class": "pos"}, {"x": 24067, "y": 4621, "w": 109, "h": 143, "class": "pos"}, {"x": 22387, "y": 8946, "w": 123, "h": 148, "class": "pos"}, {"x": 22278, "y": 9299, "w": 152, "h": 228, "class": "pos"}, {"x": 22968, "y": 9874, "w": 243, "h": 273, "class": "pos"}, {"x": 22467, "y": 10195, "w": 61, "h": 43, "class": "pos"}, {"x": 23135, "y": 10595, "w": 165, "h": 272, "class": "pos"}, {"x": 23377, "y": 7866, "w": 86, "h": 109, "class": "pos"}, {"x": 20014, "y": 6898, "w": 458, "h": 349, "class": "pos"}, {"x": 19661, "y": 7494, "w": 285, "h": 279, "class": "pos"}, {"x": 19223, "y": 8247, "w": 159, "h": 197, "class": "pos"}, {"x": 17707, "y": 10861, "w": 118, "h": 70, "class": "pos"}, {"x": 20379, "y": 4526, "w": 46, "h": 70, "class": "pos"}, {"x": 22196, "y": 4397, "w": 82, "h": 62, "class": "pos"}]