[{"x": 11492, "y": 3451, "w": 3355, "h": 3191, "class": "roi"}, {"x": 13301, "y": 4101, "w": 73, "h": 57, "class": "pos"}, {"x": 13282, "y": 4013, "w": 58, "h": 48, "class": "pos"}, {"x": 13240, "y": 4080, "w": 60, "h": 61, "class": "pos"}, {"x": 13157, "y": 4310, "w": 79, "h": 70, "class": "pos"}, {"x": 12028, "y": 4503, "w": 100, "h": 79, "class": "pos"}, {"x": 12679, "y": 4615, "w": 84, "h": 58, "class": "pos"}, {"x": 12488, "y": 4654, "w": 119, "h": 63, "class": "pos"}, {"x": 12678, "y": 4680, "w": 61, "h": 47, "class": "pos"}, {"x": 12570, "y": 4717, "w": 41, "h": 54, "class": "pos"}, {"x": 12613, "y": 4669, "w": 37, "h": 51, "class": "pos"}, {"x": 12587, "y": 4599, "w": 28, "h": 35, "class": "pos"}, {"x": 12405, "y": 4595, "w": 94, "h": 77, "class": "pos"}, {"x": 12507, "y": 4525, "w": 84, "h": 79, "class": "pos"}, {"x": 12747, "y": 4459, "w": 27, "h": 70, "class": "pos"}, {"x": 13207, "y": 6394, "w": 46, "h": 56, "class": "pos"}, {"x": 14241, "y": 4449, "w": 86, "h": 81, "class": "pos"}, {"x": 14296, "y": 4194, "w": 74, "h": 51, "class": "pos"}, {"x": 14343, "y": 4071, "w": 84, "h": 84, "class": "pos"}, {"x": 13933, "y": 4316, "w": 52, "h": 46, "class": "pos"}, {"x": 14528, "y": 5973, "w": 47, "h": 65, "class": "pos"}, {"x": 13661, "y": 3656, "w": 50, "h": 53, "class": "pos"}, {"x": 4409, "y": 24633, "w": 136, "h": 76, "class": "pos"}, {"x": 4337, "y": 24653, "w": 68, "h": 75, "class": "pos"}, {"x": 2818, "y": 24583, "w": 3549, "h": 3124, "class": "roi"}, {"x": 3037, "y": 26962, "w": 67, "h": 36, "class": "pos"}, {"x": 36624, "y": 33150, "w": 61, "h": 63, "class": "pos"}, {"x": 36720, "y": 33651, "w": 104, "h": 269, "class": "pos"}, {"x": 36824, "y": 33637, "w": 61, "h": 131, "class": "pos"}, {"x": 36826, "y": 33823, "w": 80, "h": 109, "class": "pos"}, {"x": 36602, "y": 33286, "w": 57, "h": 133, "class": "pos"}, {"x": 36534, "y": 33246, "w": 58, "h": 74, "class": "pos"}, {"x": 36623, "y": 33234, "w": 40, "h": 41, "class": "pos"}, {"x": 36540, "y": 33102, "w": 39, "h": 44, "class": "pos"}, {"x": 36554, "y": 33169, "w": 53, "h": 49, "class": "pos"}, {"x": 34063, "y": 31651, "w": 3391, "h": 3119, "class": "roi"}, {"x": 35569, "y": 33024, "w": 278, "h": 182, "class": "pos"}, {"x": 35721, "y": 33233, "w": 68, "h": 70, "class": "pos"}, {"x": 35598, "y": 32633, "w": 105, "h": 54, "class": "pos"}]