[{"x": 17150, "y": 3389, "w": 5850, "h": 4292, "class": "roi"}, {"x": 18305, "y": 6187, "w": 98, "h": 108, "class": "pos"}, {"x": 17906, "y": 6913, "w": 119, "h": 100, "class": "pos"}, {"x": 17732, "y": 6966, "w": 105, "h": 161, "class": "pos"}, {"x": 17574, "y": 6943, "w": 66, "h": 67, "class": "pos"}, {"x": 17871, "y": 7139, "w": 84, "h": 105, "class": "pos"}, {"x": 18111, "y": 6740, "w": 91, "h": 87, "class": "pos"}, {"x": 9317, "y": 7079, "w": 5880, "h": 4742, "class": "roi"}, {"x": 10205, "y": 10629, "w": 314, "h": 298, "class": "pos"}, {"x": 10598, "y": 14378, "w": 4669, "h": 4796, "class": "roi"}, {"x": 11523, "y": 14667, "w": 301, "h": 236, "class": "pos"}, {"x": 22270, "y": 4753, "w": 219, "h": 195, "class": "pos"}]