[{"x": 6406, "y": 8539, "w": 204, "h": 180, "class": "pos"}, {"x": 4459, "y": 7162, "w": 4541, "h": 3225, "class": "roi"}, {"x": 7969, "y": 9918, "w": 89, "h": 91, "class": "pos"}, {"x": 8507, "y": 9924, "w": 42, "h": 42, "class": "pos"}, {"x": 8671, "y": 9681, "w": 262, "h": 145, "class": "pos"}, {"x": 8575, "y": 8843, "w": 129, "h": 122, "class": "pos"}, {"x": 8371, "y": 8184, "w": 150, "h": 172, "class": "pos"}, {"x": 6574, "y": 9888, "w": 57, "h": 54, "class": "pos"}, {"x": 26171, "y": 13239, "w": 77, "h": 108, "class": "pos"}, {"x": 26257, "y": 13308, "w": 126, "h": 249, "class": "pos"}, {"x": 25354, "y": 13061, "w": 278, "h": 215, "class": "pos"}, {"x": 24006, "y": 11272, "w": 3199, "h": 3287, "class": "roi"}, {"x": 24507, "y": 14208, "w": 73, "h": 95, "class": "pos"}, {"x": 24877, "y": 13888, "w": 51, "h": 61, "class": "pos"}, {"x": 24404, "y": 14114, "w": 56, "h": 92, "class": "pos"}, {"x": 26474, "y": 14371, "w": 111, "h": 173, "class": "pos"}, {"x": 26399, "y": 14147, "w": 75, "h": 90, "class": "pos"}, {"x": 26061, "y": 11748, "w": 108, "h": 85, "class": "pos"}, {"x": 24391, "y": 13254, "w": 82, "h": 89, "class": "pos"}, {"x": 21976, "y": 15236, "w": 169, "h": 128, "class": "pos"}, {"x": 19888, "y": 14822, "w": 5113, "h": 3448, "class": "roi"}, {"x": 22372, "y": 16579, "w": 122, "h": 123, "class": "pos"}, {"x": 22341, "y": 17476, "w": 82, "h": 147, "class": "pos"}, {"x": 22749, "y": 17716, "w": 119, "h": 122, "class": "pos"}, {"x": 24076, "y": 15695, "w": 75, "h": 99, "class": "pos"}, {"x": 20520, "y": 16364, "w": 119, "h": 96, "class": "pos"}, {"x": 20464, "y": 16782, "w": 160, "h": 136, "class": "pos"}, {"x": 9959, "y": 22733, "w": 130, "h": 114, "class": "pos"}, {"x": 8156, "y": 21214, "w": 3951, "h": 3547, "class": "roi"}, {"x": 10718, "y": 22896, "w": 197, "h": 142, "class": "pos"}, {"x": 11925, "y": 21799, "w": 125, "h": 104, "class": "pos"}, {"x": 3822, "y": 15396, "w": 351, "h": 307, "class": "pos"}, {"x": 5102, "y": 15556, "w": 158, "h": 185, "class": "pos"}, {"x": 2931, "y": 14226, "w": 3263, "h": 3359, "class": "roi"}, {"x": 3523, "y": 16761, "w": 86, "h": 96, "class": "pos"}, {"x": 14300, "y": 14109, "w": 137, "h": 133, "class": "pos"}, {"x": 14191, "y": 14285, "w": 260, "h": 250, "class": "pos"}, {"x": 12898, "y": 12747, "w": 3695, "h": 3646, "class": "roi"}, {"x": 14746, "y": 15892, "w": 237, "h": 311, "class": "pos"}, {"x": 15776, "y": 12942, "w": 132, "h": 151, "class": "pos"}]