[{"x": 21280, "y": 4658, "w": 416, "h": 341, "class": "pos"}, {"x": 21039, "y": 4461, "w": 6893, "h": 5428, "class": "roi"}, {"x": 23398, "y": 8899, "w": 255, "h": 208, "class": "pos"}, {"x": 27394, "y": 9435, "w": 245, "h": 182, "class": "pos"}, {"x": 24798, "y": 8177, "w": 151, "h": 94, "class": "pos"}, {"x": 24746, "y": 7735, "w": 102, "h": 75, "class": "pos"}, {"x": 23495, "y": 7875, "w": 227, "h": 105, "class": "pos"}, {"x": 23846, "y": 6788, "w": 244, "h": 100, "class": "pos"}, {"x": 24998, "y": 7244, "w": 87, "h": 160, "class": "pos"}, {"x": 25069, "y": 6883, "w": 83, "h": 139, "class": "pos"}, {"x": 25424, "y": 6107, "w": 186, "h": 94, "class": "pos"}, {"x": 26772, "y": 7162, "w": 125, "h": 130, "class": "pos"}, {"x": 26500, "y": 5174, "w": 129, "h": 112, "class": "pos"}, {"x": 26684, "y": 5364, "w": 93, "h": 164, "class": "pos"}, {"x": 42053, "y": 19217, "w": 125, "h": 207, "class": "pos"}, {"x": 37479, "y": 15211, "w": 5373, "h": 4668, "class": "roi"}, {"x": 40404, "y": 19370, "w": 55, "h": 83, "class": "pos"}, {"x": 38868, "y": 19049, "w": 76, "h": 69, "class": "pos"}, {"x": 42413, "y": 17825, "w": 118, "h": 134, "class": "pos"}, {"x": 39660, "y": 17892, "w": 88, "h": 99, "class": "pos"}, {"x": 38221, "y": 17852, "w": 144, "h": 170, "class": "pos"}, {"x": 39140, "y": 15814, "w": 293, "h": 262, "class": "pos"}, {"x": 35448, "y": 23632, "w": 295, "h": 367, "class": "pos"}, {"x": 30151, "y": 19542, "w": 5916, "h": 5429, "class": "roi"}, {"x": 35163, "y": 24316, "w": 153, "h": 175, "class": "pos"}, {"x": 34252, "y": 24721, "w": 106, "h": 113, "class": "pos"}, {"x": 31568, "y": 24771, "w": 149, "h": 91, "class": "pos"}, {"x": 35404, "y": 23095, "w": 147, "h": 199, "class": "pos"}, {"x": 34024, "y": 23146, "w": 176, "h": 120, "class": "pos"}, {"x": 32670, "y": 22999, "w": 249, "h": 263, "class": "pos"}, {"x": 30849, "y": 21727, "w": 251, "h": 133, "class": "pos"}, {"x": 33781, "y": 20262, "w": 137, "h": 202, "class": "pos"}, {"x": 32076, "y": 20705, "w": 276, "h": 299, "class": "pos"}, {"x": 31114, "y": 19922, "w": 128, "h": 62, "class": "pos"}, {"x": 3662, "y": 15947, "w": 6680, "h": 5710, "class": "roi"}, {"x": 4924, "y": 17176, "w": 138, "h": 84, "class": "pos"}, {"x": 5559, "y": 16763, "w": 139, "h": 120, "class": "pos"}, {"x": 5643, "y": 17030, "w": 261, "h": 82, "class": "pos"}, {"x": 7643, "y": 16423, "w": 65, "h": 80, "class": "pos"}, {"x": 9842, "y": 16031, "w": 174, "h": 134, "class": "pos"}, {"x": 9880, "y": 20775, "w": 179, "h": 154, "class": "pos"}, {"x": 8113, "y": 20729, "w": 126, "h": 107, "class": "pos"}, {"x": 7370, "y": 20971, "w": 74, "h": 120, "class": "pos"}, {"x": 5846, "y": 20086, "w": 171, "h": 96, "class": "pos"}]