[{"x": 24109, "y": 9229, "w": 127, "h": 84, "class": "pos"}, {"x": 22160, "y": 8108, "w": 3376, "h": 3311, "class": "roi"}, {"x": 26188, "y": 13581, "w": 291, "h": 198, "class": "pos"}, {"x": 23469, "y": 12234, "w": 3366, "h": 3043, "class": "roi"}, {"x": 17282, "y": 23804, "w": 32, "h": 27, "class": "pos"}, {"x": 17291, "y": 23859, "w": 32, "h": 29, "class": "pos"}, {"x": 17379, "y": 23819, "w": 42, "h": 38, "class": "pos"}, {"x": 17266, "y": 23761, "w": 32, "h": 26, "class": "pos"}, {"x": 17461, "y": 23567, "w": 129, "h": 115, "class": "pos"}, {"x": 14630, "y": 22024, "w": 3799, "h": 3151, "class": "roi"}]