[{"x": 3045, "y": 7144, "w": 5111, "h": 4021, "class": "roi"}, {"x": 3856, "y": 7395, "w": 112, "h": 124, "class": "pos"}, {"x": 3474, "y": 7906, "w": 200, "h": 253, "class": "pos"}, {"x": 4211, "y": 7708, "w": 81, "h": 45, "class": "pos"}, {"x": 4138, "y": 7878, "w": 36, "h": 73, "class": "pos"}, {"x": 3927, "y": 7169, "w": 257, "h": 101, "class": "pos"}, {"x": 4460, "y": 7462, "w": 108, "h": 87, "class": "pos"}, {"x": 4637, "y": 7336, "w": 87, "h": 87, "class": "pos"}, {"x": 4993, "y": 7182, "w": 80, "h": 107, "class": "pos"}, {"x": 5488, "y": 7171, "w": 92, "h": 90, "class": "pos"}, {"x": 5798, "y": 7168, "w": 46, "h": 60, "class": "pos"}, {"x": 5894, "y": 7150, "w": 51, "h": 109, "class": "pos"}, {"x": 6338, "y": 7370, "w": 54, "h": 52, "class": "pos"}, {"x": 6621, "y": 7418, "w": 143, "h": 206, "class": "pos"}, {"x": 6491, "y": 7484, "w": 70, "h": 82, "class": "pos"}, {"x": 6757, "y": 7236, "w": 91, "h": 87, "class": "pos"}, {"x": 6837, "y": 7167, "w": 54, "h": 73, "class": "pos"}, {"x": 7094, "y": 7153, "w": 68, "h": 102, "class": "pos"}, {"x": 7300, "y": 7798, "w": 86, "h": 132, "class": "pos"}, {"x": 7539, "y": 7870, "w": 87, "h": 139, "class": "pos"}, {"x": 8053, "y": 7365, "w": 64, "h": 70, "class": "pos"}, {"x": 7773, "y": 7988, "w": 93, "h": 96, "class": "pos"}, {"x": 7989, "y": 8340, "w": 164, "h": 157, "class": "pos"}, {"x": 7513, "y": 8583, "w": 75, "h": 104, "class": "pos"}, {"x": 7200, "y": 8478, "w": 74, "h": 73, "class": "pos"}, {"x": 7125, "y": 8818, "w": 94, "h": 150, "class": "pos"}, {"x": 6765, "y": 8358, "w": 195, "h": 138, "class": "pos"}, {"x": 5999, "y": 8119, "w": 95, "h": 182, "class": "pos"}, {"x": 5592, "y": 8045, "w": 273, "h": 160, "class": "pos"}, {"x": 5222, "y": 8395, "w": 273, "h": 110, "class": "pos"}, {"x": 4719, "y": 7696, "w": 185, "h": 139, "class": "pos"}, {"x": 4454, "y": 7909, "w": 51, "h": 74, "class": "pos"}, {"x": 4709, "y": 7632, "w": 32, "h": 26, "class": "pos"}, {"x": 3469, "y": 8540, "w": 146, "h": 171, "class": "pos"}, {"x": 4712, "y": 9029, "w": 111, "h": 114, "class": "pos"}, {"x": 5817, "y": 9072, "w": 259, "h": 203, "class": "pos"}, {"x": 6147, "y": 8998, "w": 127, "h": 111, "class": "pos"}, {"x": 5953, "y": 8560, "w": 106, "h": 102, "class": "pos"}, {"x": 6100, "y": 8744, "w": 147, "h": 164, "class": "pos"}, {"x": 6249, "y": 9131, "w": 126, "h": 153, "class": "pos"}, {"x": 6743, "y": 9201, "w": 461, "h": 421, "class": "pos"}, {"x": 7618, "y": 9041, "w": 102, "h": 96, "class": "pos"}, {"x": 8096, "y": 9354, "w": 46, "h": 88, "class": "pos"}, {"x": 8016, "y": 9710, "w": 108, "h": 124, "class": "pos"}, {"x": 7798, "y": 9436, "w": 32, "h": 64, "class": "pos"}, {"x": 7955, "y": 10569, "w": 179, "h": 154, "class": "pos"}, {"x": 7711, "y": 10686, "w": 111, "h": 103, "class": "pos"}, {"x": 6559, "y": 10938, "w": 69, "h": 56, "class": "pos"}, {"x": 6058, "y": 10910, "w": 337, "h": 169, "class": "pos"}, {"x": 5720, "y": 9887, "w": 154, "h": 178, "class": "pos"}, {"x": 5412, "y": 10695, "w": 128, "h": 211, "class": "pos"}, {"x": 5446, "y": 10492, "w": 73, "h": 38, "class": "pos"}, {"x": 4867, "y": 10409, "w": 182, "h": 176, "class": "pos"}, {"x": 4632, "y": 10840, "w": 59, "h": 101, "class": "pos"}, {"x": 4639, "y": 9889, "w": 118, "h": 120, "class": "pos"}, {"x": 4085, "y": 10170, "w": 158, "h": 113, "class": "pos"}, {"x": 5023, "y": 9468, "w": 101, "h": 92, "class": "pos"}, {"x": 3070, "y": 10146, "w": 173, "h": 117, "class": "pos"}, {"x": 3933, "y": 11045, "w": 71, "h": 111, "class": "pos"}, {"x": 3209, "y": 8588, "w": 96, "h": 101, "class": "pos"}]