[{"x": 24754, "y": 40337, "w": 170, "h": 226, "class": "pos"}, {"x": 19895, "y": 36124, "w": 86, "h": 148, "class": "pos"}, {"x": 18771, "y": 35312, "w": 8059, "h": 7334, "class": "roi"}, {"x": 23362, "y": 35934, "w": 75, "h": 138, "class": "pos"}, {"x": 24661, "y": 35393, "w": 148, "h": 217, "class": "pos"}, {"x": 23046, "y": 36988, "w": 153, "h": 132, "class": "pos"}, {"x": 20507, "y": 37454, "w": 188, "h": 334, "class": "pos"}, {"x": 20831, "y": 39113, "w": 125, "h": 186, "class": "pos"}, {"x": 26531, "y": 39573, "w": 119, "h": 141, "class": "pos"}, {"x": 5178, "y": 34435, "w": 241, "h": 217, "class": "pos"}, {"x": 3175, "y": 30021, "w": 8201, "h": 5575, "class": "roi"}, {"x": 3769, "y": 30324, "w": 170, "h": 163, "class": "pos"}, {"x": 5282, "y": 30507, "w": 249, "h": 111, "class": "pos"}, {"x": 7854, "y": 32584, "w": 237, "h": 252, "class": "pos"}, {"x": 21381, "y": 12533, "w": 10120, "h": 8782, "class": "roi"}, {"x": 24042, "y": 12854, "w": 284, "h": 238, "class": "pos"}, {"x": 30490, "y": 15176, "w": 183, "h": 173, "class": "pos"}, {"x": 28761, "y": 19180, "w": 111, "h": 87, "class": "pos"}, {"x": 26243, "y": 21090, "w": 154, "h": 205, "class": "pos"}, {"x": 22733, "y": 18623, "w": 244, "h": 256, "class": "pos"}, {"x": 23607, "y": 18686, "w": 275, "h": 248, "class": "pos"}]