[{"x": 18043, "y": 3259, "w": 8431, "h": 6571, "class": "roi"}, {"x": 19408, "y": 3495, "w": 231, "h": 209, "class": "pos"}, {"x": 21725, "y": 3443, "w": 83, "h": 112, "class": "pos"}, {"x": 23531, "y": 3350, "w": 63, "h": 65, "class": "pos"}, {"x": 22663, "y": 3837, "w": 104, "h": 117, "class": "pos"}, {"x": 24104, "y": 3513, "w": 48, "h": 60, "class": "pos"}, {"x": 24794, "y": 3565, "w": 82, "h": 78, "class": "pos"}, {"x": 25989, "y": 3748, "w": 140, "h": 134, "class": "pos"}, {"x": 24555, "y": 4052, "w": 65, "h": 89, "class": "pos"}, {"x": 23479, "y": 4423, "w": 75, "h": 60, "class": "pos"}, {"x": 22044, "y": 4711, "w": 63, "h": 89, "class": "pos"}, {"x": 21993, "y": 4172, "w": 53, "h": 43, "class": "pos"}, {"x": 18105, "y": 4895, "w": 58, "h": 54, "class": "pos"}, {"x": 18758, "y": 5028, "w": 62, "h": 45, "class": "pos"}, {"x": 18659, "y": 7568, "w": 105, "h": 44, "class": "pos"}, {"x": 19064, "y": 7701, "w": 40, "h": 71, "class": "pos"}, {"x": 19316, "y": 7820, "w": 126, "h": 128, "class": "pos"}, {"x": 19586, "y": 8293, "w": 84, "h": 113, "class": "pos"}, {"x": 19937, "y": 8163, "w": 96, "h": 89, "class": "pos"}, {"x": 20397, "y": 7868, "w": 84, "h": 86, "class": "pos"}, {"x": 20819, "y": 8215, "w": 182, "h": 145, "class": "pos"}, {"x": 23596, "y": 8845, "w": 145, "h": 145, "class": "pos"}, {"x": 24010, "y": 9098, "w": 146, "h": 94, "class": "pos"}, {"x": 24167, "y": 9317, "w": 51, "h": 44, "class": "pos"}, {"x": 24393, "y": 9461, "w": 96, "h": 109, "class": "pos"}, {"x": 23704, "y": 7160, "w": 157, "h": 177, "class": "pos"}, {"x": 21690, "y": 6973, "w": 59, "h": 60, "class": "pos"}, {"x": 20711, "y": 7576, "w": 141, "h": 119, "class": "pos"}, {"x": 28409, "y": 29218, "w": 6471, "h": 5025, "class": "roi"}, {"x": 29083, "y": 29653, "w": 72, "h": 46, "class": "pos"}, {"x": 31028, "y": 29297, "w": 143, "h": 165, "class": "pos"}, {"x": 33093, "y": 29923, "w": 62, "h": 125, "class": "pos"}, {"x": 32413, "y": 29962, "w": 104, "h": 82, "class": "pos"}, {"x": 33723, "y": 30662, "w": 63, "h": 114, "class": "pos"}, {"x": 34419, "y": 33915, "w": 332, "h": 280, "class": "pos"}, {"x": 34229, "y": 34013, "w": 42, "h": 54, "class": "pos"}, {"x": 33617, "y": 33262, "w": 70, "h": 93, "class": "pos"}, {"x": 33493, "y": 33127, "w": 68, "h": 42, "class": "pos"}, {"x": 30310, "y": 33934, "w": 41, "h": 43, "class": "pos"}, {"x": 29646, "y": 32928, "w": 82, "h": 62, "class": "pos"}, {"x": 28943, "y": 32069, "w": 58, "h": 85, "class": "pos"}, {"x": 29775, "y": 32176, "w": 91, "h": 113, "class": "pos"}, {"x": 29933, "y": 31098, "w": 58, "h": 64, "class": "pos"}, {"x": 29098, "y": 31008, "w": 109, "h": 128, "class": "pos"}]