[{"x": 14107, "y": 15611, "w": 112, "h": 118, "class": "pos"}, {"x": 14430, "y": 17549, "w": 133, "h": 155, "class": "pos"}, {"x": 10876, "y": 8709, "w": 149, "h": 115, "class": "pos"}, {"x": 9957, "y": 8075, "w": 3951, "h": 3343, "class": "roi"}, {"x": 11235, "y": 9141, "w": 56, "h": 76, "class": "pos"}, {"x": 13691, "y": 9824, "w": 70, "h": 86, "class": "pos"}, {"x": 12281, "y": 14922, "w": 4383, "h": 4079, "class": "roi"}, {"x": 12644, "y": 16830, "w": 166, "h": 112, "class": "pos"}, {"x": 20217, "y": 23624, "w": 156, "h": 135, "class": "pos"}, {"x": 17895, "y": 21532, "w": 3816, "h": 3700, "class": "roi"}, {"x": 18034, "y": 24239, "w": 52, "h": 50, "class": "pos"}]