[{"x": 28276, "y": 5394, "w": 103, "h": 129, "class": "pos"}, {"x": 28376, "y": 5629, "w": 36, "h": 55, "class": "pos"}, {"x": 27645, "y": 4986, "w": 3722, "h": 3533, "class": "roi"}, {"x": 38371, "y": 11760, "w": 278, "h": 254, "class": "pos"}, {"x": 37877, "y": 10436, "w": 4172, "h": 4005, "class": "roi"}, {"x": 45441, "y": 22147, "w": 59, "h": 59, "class": "pos"}, {"x": 43389, "y": 19616, "w": 3383, "h": 3383, "class": "roi"}, {"x": 37917, "y": 16083, "w": 152, "h": 114, "class": "pos"}, {"x": 34436, "y": 14814, "w": 4106, "h": 4132, "class": "roi"}, {"x": 11886, "y": 13276, "w": 300, "h": 190, "class": "pos"}, {"x": 11694, "y": 13046, "w": 4026, "h": 3525, "class": "roi"}]