[{"x": 40310, "y": 19032, "w": 6117, "h": 5031, "class": "roi"}, {"x": 45816, "y": 22946, "w": 118, "h": 119, "class": "pos"}, {"x": 36758, "y": 11274, "w": 5301, "h": 4413, "class": "roi"}, {"x": 41695, "y": 11836, "w": 76, "h": 93, "class": "pos"}, {"x": 28692, "y": 11597, "w": 211, "h": 133, "class": "pos"}, {"x": 23567, "y": 11179, "w": 5826, "h": 4548, "class": "roi"}, {"x": 4597, "y": 11815, "w": 114, "h": 110, "class": "pos"}, {"x": 3673, "y": 11257, "w": 5249, "h": 4174, "class": "roi"}]