[{"x": 17342, "y": 8958, "w": 54, "h": 151, "class": "pos"}, {"x": 17436, "y": 8901, "w": 114, "h": 100, "class": "pos"}, {"x": 17009, "y": 8973, "w": 158, "h": 200, "class": "pos"}, {"x": 16695, "y": 9005, "w": 43, "h": 38, "class": "pos"}, {"x": 16894, "y": 9397, "w": 62, "h": 66, "class": "pos"}, {"x": 16546, "y": 8256, "w": 66, "h": 51, "class": "pos"}, {"x": 16473, "y": 8222, "w": 88, "h": 94, "class": "pos"}, {"x": 17341, "y": 8464, "w": 231, "h": 241, "class": "pos"}, {"x": 16073, "y": 8640, "w": 114, "h": 131, "class": "pos"}, {"x": 15938, "y": 8630, "w": 90, "h": 86, "class": "pos"}, {"x": 16256, "y": 9368, "w": 55, "h": 59, "class": "pos"}, {"x": 15191, "y": 9720, "w": 107, "h": 100, "class": "pos"}, {"x": 14868, "y": 9610, "w": 71, "h": 198, "class": "pos"}, {"x": 14295, "y": 9834, "w": 63, "h": 138, "class": "pos"}, {"x": 14098, "y": 10730, "w": 146, "h": 107, "class": "pos"}, {"x": 15175, "y": 10752, "w": 159, "h": 188, "class": "pos"}, {"x": 15811, "y": 11204, "w": 71, "h": 63, "class": "pos"}, {"x": 16979, "y": 9757, "w": 46, "h": 86, "class": "pos"}, {"x": 17222, "y": 11992, "w": 171, "h": 180, "class": "pos"}, {"x": 16718, "y": 12525, "w": 76, "h": 95, "class": "pos"}, {"x": 17529, "y": 12638, "w": 237, "h": 306, "class": "pos"}, {"x": 16538, "y": 13112, "w": 61, "h": 154, "class": "pos"}, {"x": 16172, "y": 12896, "w": 57, "h": 63, "class": "pos"}, {"x": 12148, "y": 7868, "w": 6584, "h": 6601, "class": "roi"}, {"x": 17438, "y": 13820, "w": 281, "h": 437, "class": "pos"}, {"x": 17937, "y": 13793, "w": 185, "h": 159, "class": "pos"}, {"x": 17058, "y": 13738, "w": 151, "h": 192, "class": "pos"}, {"x": 16593, "y": 14053, "w": 93, "h": 103, "class": "pos"}, {"x": 16369, "y": 13829, "w": 128, "h": 248, "class": "pos"}, {"x": 16215, "y": 14066, "w": 55, "h": 72, "class": "pos"}, {"x": 15814, "y": 13848, "w": 48, "h": 92, "class": "pos"}, {"x": 15498, "y": 13489, "w": 101, "h": 137, "class": "pos"}, {"x": 15146, "y": 14121, "w": 121, "h": 156, "class": "pos"}, {"x": 14450, "y": 13553, "w": 87, "h": 115, "class": "pos"}, {"x": 14244, "y": 14377, "w": 95, "h": 89, "class": "pos"}, {"x": 13988, "y": 14125, "w": 247, "h": 140, "class": "pos"}, {"x": 12981, "y": 14199, "w": 335, "h": 262, "class": "pos"}, {"x": 12483, "y": 13867, "w": 198, "h": 159, "class": "pos"}, {"x": 12449, "y": 13704, "w": 111, "h": 77, "class": "pos"}, {"x": 12610, "y": 13616, "w": 73, "h": 81, "class": "pos"}, {"x": 12151, "y": 13726, "w": 250, "h": 129, "class": "pos"}, {"x": 13774, "y": 12651, "w": 81, "h": 89, "class": "pos"}, {"x": 14436, "y": 12662, "w": 150, "h": 150, "class": "pos"}, {"x": 14388, "y": 13241, "w": 164, "h": 160, "class": "pos"}, {"x": 14046, "y": 13336, "w": 175, "h": 171, "class": "pos"}, {"x": 14972, "y": 12883, "w": 167, "h": 182, "class": "pos"}, {"x": 18567, "y": 12144, "w": 81, "h": 134, "class": "pos"}, {"x": 17893, "y": 11446, "w": 162, "h": 86, "class": "pos"}, {"x": 17683, "y": 11384, "w": 155, "h": 73, "class": "pos"}, {"x": 16510, "y": 11658, "w": 33, "h": 33, "class": "pos"}, {"x": 15924, "y": 12149, "w": 65, "h": 103, "class": "pos"}, {"x": 15349, "y": 11676, "w": 45, "h": 47, "class": "pos"}, {"x": 16322, "y": 10970, "w": 97, "h": 89, "class": "pos"}, {"x": 16185, "y": 11020, "w": 133, "h": 133, "class": "pos"}, {"x": 14501, "y": 10956, "w": 75, "h": 118, "class": "pos"}, {"x": 14500, "y": 11404, "w": 128, "h": 177, "class": "pos"}, {"x": 13028, "y": 11167, "w": 165, "h": 108, "class": "pos"}, {"x": 14781, "y": 8465, "w": 209, "h": 211, "class": "pos"}, {"x": 12867, "y": 8285, "w": 153, "h": 129, "class": "pos"}, {"x": 13273, "y": 8496, "w": 88, "h": 166, "class": "pos"}, {"x": 12700, "y": 8607, "w": 82, "h": 78, "class": "pos"}, {"x": 14076, "y": 14364, "w": 62, "h": 78, "class": "pos"}, {"x": 17358, "y": 12146, "w": 75, "h": 54, "class": "pos"}, {"x": 16446, "y": 14140, "w": 149, "h": 159, "class": "pos"}, {"x": 14005, "y": 14343, "w": 42, "h": 38, "class": "pos"}, {"x": 13318, "y": 14263, "w": 193, "h": 133, "class": "pos"}, {"x": 17412, "y": 12193, "w": 34, "h": 46, "class": "pos"}]