[{"x": 32443, "y": 36032, "w": 4549, "h": 5686, "class": "roi"}, {"x": 3644, "y": 27667, "w": 5686, "h": 7545, "class": "roi"}, {"x": 4417, "y": 14240, "w": 5823, "h": 4822, "class": "roi"}, {"x": 18066, "y": 6551, "w": 5686, "h": 5049, "class": "roi"}, {"x": 18862, "y": 9119, "w": 194, "h": 134, "class": "pos"}, {"x": 20925, "y": 7500, "w": 83, "h": 74, "class": "pos"}, {"x": 21674, "y": 11189, "w": 98, "h": 139, "class": "pos"}, {"x": 6319, "y": 16192, "w": 93, "h": 159, "class": "pos"}, {"x": 6325, "y": 16432, "w": 83, "h": 95, "class": "pos"}, {"x": 7559, "y": 16211, "w": 170, "h": 165, "class": "pos"}, {"x": 6277, "y": 29372, "w": 348, "h": 229, "class": "pos"}, {"x": 7135, "y": 28245, "w": 169, "h": 218, "class": "pos"}, {"x": 4122, "y": 32605, "w": 188, "h": 169, "class": "pos"}, {"x": 3794, "y": 30896, "w": 82, "h": 132, "class": "pos"}, {"x": 34519, "y": 38367, "w": 128, "h": 168, "class": "pos"}, {"x": 34062, "y": 36413, "w": 254, "h": 277, "class": "pos"}, {"x": 36077, "y": 40787, "w": 110, "h": 85, "class": "pos"}, {"x": 36080, "y": 37935, "w": 122, "h": 97, "class": "pos"}]