[{"x": 2964, "y": 28060, "w": 3190, "h": 3338, "class": "roi"}, {"x": 3748, "y": 29808, "w": 137, "h": 114, "class": "pos"}, {"x": 4316, "y": 28168, "w": 197, "h": 141, "class": "pos"}, {"x": 4917, "y": 28480, "w": 126, "h": 176, "class": "pos"}, {"x": 5315, "y": 28342, "w": 203, "h": 258, "class": "pos"}, {"x": 5920, "y": 28130, "w": 81, "h": 50, "class": "pos"}, {"x": 5723, "y": 28113, "w": 71, "h": 79, "class": "pos"}, {"x": 5564, "y": 28727, "w": 87, "h": 146, "class": "pos"}, {"x": 4503, "y": 29027, "w": 99, "h": 107, "class": "pos"}, {"x": 3915, "y": 29007, "w": 147, "h": 107, "class": "pos"}, {"x": 4190, "y": 29021, "w": 74, "h": 61, "class": "pos"}, {"x": 4129, "y": 29272, "w": 56, "h": 51, "class": "pos"}, {"x": 3906, "y": 29433, "w": 77, "h": 82, "class": "pos"}, {"x": 15623, "y": 6232, "w": 240, "h": 190, "class": "pos"}, {"x": 16727, "y": 5723, "w": 141, "h": 209, "class": "pos"}, {"x": 16970, "y": 5864, "w": 368, "h": 208, "class": "pos"}, {"x": 18370, "y": 6431, "w": 67, "h": 87, "class": "pos"}, {"x": 15355, "y": 3969, "w": 3140, "h": 3142, "class": "roi"}, {"x": 17559, "y": 6871, "w": 58, "h": 56, "class": "pos"}, {"x": 18073, "y": 6620, "w": 133, "h": 111, "class": "pos"}, {"x": 16299, "y": 4192, "w": 68, "h": 60, "class": "pos"}, {"x": 16334, "y": 4268, "w": 71, "h": 84, "class": "pos"}, {"x": 18152, "y": 4330, "w": 64, "h": 76, "class": "pos"}, {"x": 18306, "y": 4911, "w": 75, "h": 86, "class": "pos"}, {"x": 16967, "y": 4815, "w": 50, "h": 85, "class": "pos"}]