[{"x": 9828, "y": 9260, "w": 300, "h": 294, "class": "pos"}, {"x": 9597, "y": 9837, "w": 106, "h": 115, "class": "pos"}, {"x": 10271, "y": 9355, "w": 162, "h": 116, "class": "pos"}, {"x": 10451, "y": 9837, "w": 81, "h": 97, "class": "pos"}, {"x": 10276, "y": 9014, "w": 40, "h": 88, "class": "pos"}, {"x": 9867, "y": 7985, "w": 188, "h": 172, "class": "pos"}, {"x": 10605, "y": 7991, "w": 110, "h": 127, "class": "pos"}, {"x": 9602, "y": 7940, "w": 85, "h": 108, "class": "pos"}, {"x": 8833, "y": 8385, "w": 106, "h": 102, "class": "pos"}, {"x": 8861, "y": 7502, "w": 132, "h": 95, "class": "pos"}, {"x": 8884, "y": 7656, "w": 71, "h": 108, "class": "pos"}, {"x": 7101, "y": 6970, "w": 4674, "h": 4146, "class": "roi"}, {"x": 9437, "y": 10380, "w": 157, "h": 147, "class": "pos"}, {"x": 8313, "y": 10429, "w": 94, "h": 57, "class": "pos"}, {"x": 8900, "y": 10741, "w": 150, "h": 138, "class": "pos"}, {"x": 7493, "y": 10438, "w": 72, "h": 108, "class": "pos"}, {"x": 7868, "y": 10846, "w": 62, "h": 86, "class": "pos"}, {"x": 8282, "y": 9364, "w": 49, "h": 38, "class": "pos"}, {"x": 8434, "y": 9616, "w": 53, "h": 55, "class": "pos"}, {"x": 8682, "y": 9184, "w": 95, "h": 106, "class": "pos"}, {"x": 8137, "y": 8753, "w": 39, "h": 31, "class": "pos"}, {"x": 8457, "y": 7823, "w": 140, "h": 64, "class": "pos"}, {"x": 8720, "y": 7196, "w": 137, "h": 120, "class": "pos"}, {"x": 8126, "y": 7046, "w": 117, "h": 90, "class": "pos"}, {"x": 7606, "y": 6978, "w": 46, "h": 132, "class": "pos"}, {"x": 7342, "y": 7161, "w": 100, "h": 103, "class": "pos"}, {"x": 7386, "y": 7639, "w": 70, "h": 47, "class": "pos"}, {"x": 7165, "y": 8009, "w": 100, "h": 174, "class": "pos"}, {"x": 7288, "y": 10985, "w": 136, "h": 112, "class": "pos"}, {"x": 7168, "y": 10072, "w": 52, "h": 40, "class": "pos"}, {"x": 10525, "y": 6981, "w": 108, "h": 118, "class": "pos"}, {"x": 10256, "y": 7204, "w": 73, "h": 36, "class": "pos"}, {"x": 10452, "y": 7214, "w": 98, "h": 75, "class": "pos"}, {"x": 10219, "y": 7425, "w": 65, "h": 32, "class": "pos"}, {"x": 10295, "y": 7837, "w": 28, "h": 51, "class": "pos"}, {"x": 10731, "y": 10327, "w": 63, "h": 73, "class": "pos"}, {"x": 10182, "y": 7369, "w": 31, "h": 43, "class": "pos"}]