[{"x": 21914, "y": 2935, "w": 6627, "h": 5604, "class": "roi"}, {"x": 22904, "y": 7957, "w": 116, "h": 97, "class": "pos"}, {"x": 24785, "y": 8134, "w": 326, "h": 344, "class": "pos"}, {"x": 22613, "y": 4224, "w": 93, "h": 27, "class": "pos"}, {"x": 27355, "y": 3554, "w": 47, "h": 84, "class": "pos"}, {"x": 26207, "y": 35148, "w": 7561, "h": 7005, "class": "roi"}, {"x": 27785, "y": 38496, "w": 46, "h": 58, "class": "pos"}, {"x": 26676, "y": 39981, "w": 136, "h": 209, "class": "pos"}, {"x": 28429, "y": 41153, "w": 75, "h": 137, "class": "pos"}, {"x": 29070, "y": 41846, "w": 55, "h": 123, "class": "pos"}, {"x": 32469, "y": 40975, "w": 297, "h": 137, "class": "pos"}, {"x": 28815, "y": 40734, "w": 67, "h": 69, "class": "pos"}, {"x": 33343, "y": 20237, "w": 6338, "h": 5115, "class": "roi"}, {"x": 35062, "y": 24689, "w": 99, "h": 121, "class": "pos"}, {"x": 35305, "y": 22840, "w": 168, "h": 99, "class": "pos"}]