[{"x": 5886, "y": 9489, "w": 517, "h": 492, "class": "pos"}, {"x": 7535, "y": 8747, "w": 141, "h": 153, "class": "pos"}, {"x": 9219, "y": 7859, "w": 381, "h": 365, "class": "pos"}, {"x": 5245, "y": 7177, "w": 6733, "h": 6572, "class": "roi"}, {"x": 5333, "y": 12988, "w": 351, "h": 343, "class": "pos"}, {"x": 6369, "y": 12392, "w": 182, "h": 221, "class": "pos"}, {"x": 5892, "y": 12925, "w": 237, "h": 190, "class": "pos"}, {"x": 7896, "y": 9322, "w": 255, "h": 145, "class": "pos"}, {"x": 9176, "y": 9249, "w": 240, "h": 166, "class": "pos"}, {"x": 8298, "y": 7355, "w": 199, "h": 197, "class": "pos"}, {"x": 11422, "y": 12235, "w": 216, "h": 188, "class": "pos"}, {"x": 11081, "y": 11203, "w": 216, "h": 156, "class": "pos"}, {"x": 10641, "y": 10089, "w": 144, "h": 231, "class": "pos"}, {"x": 10928, "y": 10202, "w": 96, "h": 125, "class": "pos"}, {"x": 11477, "y": 8395, "w": 185, "h": 292, "class": "pos"}]