[{"x": 5676, "y": 6810, "w": 3674, "h": 3283, "class": "roi"}, {"x": 6287, "y": 7728, "w": 96, "h": 70, "class": "pos"}, {"x": 6804, "y": 7843, "w": 54, "h": 69, "class": "pos"}, {"x": 7380, "y": 7053, "w": 26, "h": 31, "class": "pos"}, {"x": 7497, "y": 7026, "w": 48, "h": 46, "class": "pos"}, {"x": 7451, "y": 7124, "w": 30, "h": 39, "class": "pos"}, {"x": 7395, "y": 7115, "w": 33, "h": 35, "class": "pos"}, {"x": 8073, "y": 6821, "w": 59, "h": 77, "class": "pos"}, {"x": 7935, "y": 7157, "w": 51, "h": 40, "class": "pos"}, {"x": 8678, "y": 6950, "w": 146, "h": 71, "class": "pos"}, {"x": 9000, "y": 7235, "w": 79, "h": 51, "class": "pos"}, {"x": 8861, "y": 7465, "w": 94, "h": 57, "class": "pos"}, {"x": 7692, "y": 7716, "w": 31, "h": 34, "class": "pos"}, {"x": 7850, "y": 7743, "w": 82, "h": 73, "class": "pos"}, {"x": 6999, "y": 8668, "w": 82, "h": 92, "class": "pos"}, {"x": 7864, "y": 8622, "w": 59, "h": 42, "class": "pos"}, {"x": 8759, "y": 9146, "w": 71, "h": 77, "class": "pos"}, {"x": 8839, "y": 9968, "w": 52, "h": 100, "class": "pos"}, {"x": 7681, "y": 9732, "w": 110, "h": 175, "class": "pos"}, {"x": 6352, "y": 9561, "w": 92, "h": 103, "class": "pos"}, {"x": 20209, "y": 11295, "w": 90, "h": 96, "class": "pos"}, {"x": 20378, "y": 11274, "w": 110, "h": 75, "class": "pos"}, {"x": 19771, "y": 10730, "w": 3684, "h": 3216, "class": "roi"}, {"x": 20119, "y": 10983, "w": 47, "h": 47, "class": "pos"}, {"x": 20408, "y": 11626, "w": 56, "h": 53, "class": "pos"}, {"x": 20166, "y": 11499, "w": 66, "h": 67, "class": "pos"}, {"x": 21454, "y": 11774, "w": 63, "h": 84, "class": "pos"}, {"x": 21433, "y": 11857, "w": 40, "h": 43, "class": "pos"}, {"x": 22701, "y": 11986, "w": 37, "h": 44, "class": "pos"}, {"x": 23033, "y": 12786, "w": 65, "h": 90, "class": "pos"}, {"x": 21962, "y": 12493, "w": 59, "h": 72, "class": "pos"}, {"x": 21644, "y": 12715, "w": 115, "h": 67, "class": "pos"}, {"x": 20475, "y": 12718, "w": 75, "h": 69, "class": "pos"}, {"x": 19804, "y": 13671, "w": 47, "h": 40, "class": "pos"}, {"x": 20508, "y": 13686, "w": 101, "h": 70, "class": "pos"}, {"x": 20285, "y": 13238, "w": 68, "h": 65, "class": "pos"}, {"x": 21086, "y": 13521, "w": 57, "h": 49, "class": "pos"}, {"x": 22964, "y": 13831, "w": 110, "h": 77, "class": "pos"}, {"x": 6644, "y": 15649, "w": 3418, "h": 3540, "class": "roi"}, {"x": 7276, "y": 15774, "w": 61, "h": 88, "class": "pos"}, {"x": 7212, "y": 16152, "w": 114, "h": 177, "class": "pos"}, {"x": 8079, "y": 15992, "w": 52, "h": 46, "class": "pos"}, {"x": 8331, "y": 15985, "w": 67, "h": 72, "class": "pos"}, {"x": 8790, "y": 15868, "w": 59, "h": 55, "class": "pos"}, {"x": 9800, "y": 15690, "w": 95, "h": 74, "class": "pos"}, {"x": 9418, "y": 16124, "w": 68, "h": 77, "class": "pos"}, {"x": 9392, "y": 16074, "w": 67, "h": 83, "class": "pos"}, {"x": 8911, "y": 16413, "w": 54, "h": 55, "class": "pos"}, {"x": 8864, "y": 16458, "w": 49, "h": 59, "class": "pos"}, {"x": 8215, "y": 16489, "w": 42, "h": 48, "class": "pos"}, {"x": 7545, "y": 16308, "w": 66, "h": 90, "class": "pos"}, {"x": 7688, "y": 16310, "w": 127, "h": 76, "class": "pos"}, {"x": 7018, "y": 16360, "w": 81, "h": 92, "class": "pos"}, {"x": 6801, "y": 16426, "w": 82, "h": 58, "class": "pos"}, {"x": 6765, "y": 16488, "w": 158, "h": 64, "class": "pos"}, {"x": 8132, "y": 17283, "w": 63, "h": 87, "class": "pos"}, {"x": 9416, "y": 17643, "w": 112, "h": 119, "class": "pos"}, {"x": 9532, "y": 17596, "w": 82, "h": 58, "class": "pos"}, {"x": 9490, "y": 17832, "w": 131, "h": 76, "class": "pos"}, {"x": 9733, "y": 17762, "w": 112, "h": 105, "class": "pos"}, {"x": 9922, "y": 17976, "w": 106, "h": 180, "class": "pos"}, {"x": 9122, "y": 17914, "w": 59, "h": 59, "class": "pos"}, {"x": 8721, "y": 18034, "w": 55, "h": 61, "class": "pos"}, {"x": 6720, "y": 18518, "w": 66, "h": 53, "class": "pos"}, {"x": 6777, "y": 18438, "w": 63, "h": 73, "class": "pos"}, {"x": 7310, "y": 18418, "w": 47, "h": 57, "class": "pos"}, {"x": 7316, "y": 18478, "w": 64, "h": 48, "class": "pos"}, {"x": 7719, "y": 18706, "w": 104, "h": 97, "class": "pos"}, {"x": 8061, "y": 19022, "w": 114, "h": 78, "class": "pos"}, {"x": 8333, "y": 18620, "w": 50, "h": 39, "class": "pos"}, {"x": 8634, "y": 18695, "w": 106, "h": 64, "class": "pos"}, {"x": 7271, "y": 7003, "w": 53, "h": 54, "class": "pos"}]