[{"x": 39352, "y": 19031, "w": 4407, "h": 4619, "class": "roi"}, {"x": 40340, "y": 19138, "w": 122, "h": 166, "class": "pos"}, {"x": 40523, "y": 19540, "w": 109, "h": 158, "class": "pos"}, {"x": 40937, "y": 19440, "w": 56, "h": 69, "class": "pos"}, {"x": 42865, "y": 19782, "w": 123, "h": 126, "class": "pos"}, {"x": 43031, "y": 19778, "w": 197, "h": 287, "class": "pos"}, {"x": 42317, "y": 20567, "w": 148, "h": 90, "class": "pos"}, {"x": 42084, "y": 20472, "w": 157, "h": 143, "class": "pos"}, {"x": 40654, "y": 20623, "w": 201, "h": 185, "class": "pos"}, {"x": 39799, "y": 22338, "w": 138, "h": 178, "class": "pos"}, {"x": 39519, "y": 22410, "w": 87, "h": 94, "class": "pos"}, {"x": 39824, "y": 23289, "w": 103, "h": 123, "class": "pos"}, {"x": 40429, "y": 22850, "w": 72, "h": 60, "class": "pos"}, {"x": 43546, "y": 22835, "w": 194, "h": 190, "class": "pos"}, {"x": 43507, "y": 22195, "w": 112, "h": 268, "class": "pos"}, {"x": 42928, "y": 21919, "w": 101, "h": 196, "class": "pos"}, {"x": 42664, "y": 21657, "w": 285, "h": 211, "class": "pos"}, {"x": 10175, "y": 33648, "w": 5641, "h": 4653, "class": "roi"}, {"x": 12030, "y": 33738, "w": 147, "h": 152, "class": "pos"}, {"x": 13789, "y": 33688, "w": 109, "h": 149, "class": "pos"}, {"x": 15435, "y": 34902, "w": 129, "h": 157, "class": "pos"}, {"x": 12743, "y": 34742, "w": 126, "h": 142, "class": "pos"}, {"x": 10993, "y": 34509, "w": 144, "h": 111, "class": "pos"}, {"x": 10331, "y": 36670, "w": 338, "h": 239, "class": "pos"}, {"x": 12026, "y": 37613, "w": 136, "h": 159, "class": "pos"}, {"x": 12878, "y": 37943, "w": 98, "h": 127, "class": "pos"}, {"x": 12936, "y": 37532, "w": 182, "h": 124, "class": "pos"}, {"x": 14548, "y": 37672, "w": 198, "h": 233, "class": "pos"}, {"x": 15614, "y": 38085, "w": 47, "h": 88, "class": "pos"}, {"x": 14672, "y": 37074, "w": 143, "h": 176, "class": "pos"}, {"x": 12523, "y": 36344, "w": 198, "h": 202, "class": "pos"}, {"x": 10656, "y": 36463, "w": 106, "h": 92, "class": "pos"}, {"x": 14578, "y": 34462, "w": 97, "h": 75, "class": "pos"}, {"x": 18096, "y": 6183, "w": 3982, "h": 3830, "class": "roi"}, {"x": 18216, "y": 6295, "w": 132, "h": 149, "class": "pos"}, {"x": 19897, "y": 6665, "w": 148, "h": 166, "class": "pos"}, {"x": 19740, "y": 7178, "w": 137, "h": 136, "class": "pos"}, {"x": 19851, "y": 7392, "w": 158, "h": 108, "class": "pos"}, {"x": 20340, "y": 7028, "w": 136, "h": 71, "class": "pos"}, {"x": 20410, "y": 6730, "w": 86, "h": 123, "class": "pos"}, {"x": 20941, "y": 6713, "w": 119, "h": 128, "class": "pos"}, {"x": 21304, "y": 8805, "w": 181, "h": 308, "class": "pos"}, {"x": 21808, "y": 8608, "w": 96, "h": 192, "class": "pos"}, {"x": 21111, "y": 9826, "w": 99, "h": 95, "class": "pos"}, {"x": 20602, "y": 9185, "w": 159, "h": 156, "class": "pos"}, {"x": 18703, "y": 9308, "w": 193, "h": 152, "class": "pos"}, {"x": 18925, "y": 8025, "w": 75, "h": 170, "class": "pos"}]