[{"x": 20856, "y": 10049, "w": 3330, "h": 3243, "class": "roi"}, {"x": 23501, "y": 12833, "w": 125, "h": 99, "class": "pos"}, {"x": 11490, "y": 5017, "w": 283, "h": 186, "class": "pos"}, {"x": 8819, "y": 2867, "w": 3380, "h": 2902, "class": "roi"}, {"x": 5063, "y": 11539, "w": 173, "h": 142, "class": "pos"}, {"x": 2231, "y": 9275, "w": 3221, "h": 3113, "class": "roi"}, {"x": 4798, "y": 12154, "w": 176, "h": 172, "class": "pos"}, {"x": 3968, "y": 10706, "w": 356, "h": 346, "class": "pos"}, {"x": 10951, "y": 25084, "w": 263, "h": 251, "class": "pos"}, {"x": 7957, "y": 22361, "w": 3539, "h": 3769, "class": "roi"}, {"x": 13177, "y": 13913, "w": 71, "h": 57, "class": "pos"}, {"x": 13383, "y": 13854, "w": 124, "h": 118, "class": "pos"}, {"x": 10340, "y": 10579, "w": 3547, "h": 4271, "class": "roi"}, {"x": 11517, "y": 14483, "w": 129, "h": 135, "class": "pos"}]