[{"x": 5406, "y": 23264, "w": 95, "h": 106, "class": "pos"}, {"x": 5172, "y": 22908, "w": 127, "h": 258, "class": "pos"}, {"x": 5153, "y": 23239, "w": 115, "h": 137, "class": "pos"}, {"x": 3193, "y": 21939, "w": 3231, "h": 3343, "class": "roi"}, {"x": 5115, "y": 25050, "w": 160, "h": 169, "class": "pos"}, {"x": 31578, "y": 34246, "w": 257, "h": 345, "class": "pos"}, {"x": 27000, "y": 30494, "w": 5685, "h": 4357, "class": "roi"}, {"x": 31193, "y": 33571, "w": 150, "h": 111, "class": "pos"}, {"x": 28312, "y": 32959, "w": 153, "h": 171, "class": "pos"}, {"x": 29492, "y": 31611, "w": 277, "h": 185, "class": "pos"}, {"x": 30509, "y": 31605, "w": 142, "h": 217, "class": "pos"}]