[{"x": 3326, "y": 16428, "w": 8504, "h": 6574, "class": "roi"}, {"x": 7735, "y": 19135, "w": 532, "h": 490, "class": "pos"}, {"x": 11388, "y": 17917, "w": 245, "h": 341, "class": "pos"}, {"x": 9948, "y": 21325, "w": 69, "h": 91, "class": "pos"}, {"x": 17173, "y": 27363, "w": 19317, "h": 17196, "class": "roi"}, {"x": 28505, "y": 42341, "w": 254, "h": 271, "class": "pos"}, {"x": 19357, "y": 42812, "w": 245, "h": 203, "class": "pos"}, {"x": 29572, "y": 34068, "w": 121, "h": 187, "class": "pos"}, {"x": 32341, "y": 31834, "w": 361, "h": 308, "class": "pos"}, {"x": 31870, "y": 32092, "w": 287, "h": 209, "class": "pos"}, {"x": 34775, "y": 37686, "w": 193, "h": 236, "class": "pos"}]