[{"x": 27043, "y": 1814, "w": 6375, "h": 6421, "class": "roi"}, {"x": 32541, "y": 4871, "w": 155, "h": 189, "class": "pos"}, {"x": 29016, "y": 7638, "w": 158, "h": 191, "class": "pos"}, {"x": 25607, "y": 22289, "w": 7619, "h": 6747, "class": "roi"}, {"x": 31330, "y": 24565, "w": 295, "h": 123, "class": "pos"}, {"x": 28694, "y": 24994, "w": 404, "h": 346, "class": "pos"}, {"x": 27245, "y": 28416, "w": 345, "h": 226, "class": "pos"}, {"x": 27682, "y": 27240, "w": 197, "h": 183, "class": "pos"}, {"x": 30538, "y": 28029, "w": 275, "h": 364, "class": "pos"}, {"x": 3815, "y": 17902, "w": 228, "h": 183, "class": "pos"}, {"x": 2885, "y": 16840, "w": 7678, "h": 6631, "class": "roi"}, {"x": 24624, "y": 30741, "w": 408, "h": 508, "class": "pos"}, {"x": 16868, "y": 30305, "w": 8725, "h": 7968, "class": "roi"}, {"x": 18170, "y": 36185, "w": 63, "h": 80, "class": "pos"}]