[{"x": 9022, "y": 21195, "w": 126, "h": 117, "class": "pos"}, {"x": 6620, "y": 19175, "w": 3743, "h": 3297, "class": "roi"}, {"x": 7108, "y": 19329, "w": 157, "h": 60, "class": "pos"}, {"x": 7898, "y": 19392, "w": 72, "h": 79, "class": "pos"}, {"x": 9832, "y": 19748, "w": 82, "h": 88, "class": "pos"}, {"x": 9756, "y": 19955, "w": 84, "h": 51, "class": "pos"}, {"x": 9334, "y": 19892, "w": 77, "h": 49, "class": "pos"}, {"x": 9058, "y": 20275, "w": 172, "h": 124, "class": "pos"}, {"x": 8045, "y": 20095, "w": 105, "h": 64, "class": "pos"}, {"x": 7524, "y": 20311, "w": 160, "h": 105, "class": "pos"}, {"x": 7358, "y": 20247, "w": 37, "h": 35, "class": "pos"}, {"x": 7122, "y": 20246, "w": 98, "h": 53, "class": "pos"}, {"x": 7681, "y": 20656, "w": 108, "h": 108, "class": "pos"}, {"x": 9651, "y": 20397, "w": 54, "h": 67, "class": "pos"}, {"x": 9398, "y": 21259, "w": 82, "h": 98, "class": "pos"}, {"x": 9519, "y": 21797, "w": 80, "h": 59, "class": "pos"}, {"x": 6663, "y": 21731, "w": 348, "h": 374, "class": "pos"}, {"x": 6849, "y": 19616, "w": 55, "h": 64, "class": "pos"}, {"x": 6649, "y": 19709, "w": 54, "h": 63, "class": "pos"}, {"x": 35063, "y": 24215, "w": 4260, "h": 3560, "class": "roi"}, {"x": 36203, "y": 24448, "w": 69, "h": 80, "class": "pos"}, {"x": 36686, "y": 24256, "w": 122, "h": 192, "class": "pos"}, {"x": 37115, "y": 24246, "w": 48, "h": 54, "class": "pos"}, {"x": 37895, "y": 24217, "w": 169, "h": 173, "class": "pos"}, {"x": 38093, "y": 24630, "w": 167, "h": 172, "class": "pos"}, {"x": 37399, "y": 24817, "w": 76, "h": 81, "class": "pos"}, {"x": 38532, "y": 24863, "w": 91, "h": 106, "class": "pos"}, {"x": 37870, "y": 25385, "w": 109, "h": 151, "class": "pos"}, {"x": 36910, "y": 25066, "w": 58, "h": 46, "class": "pos"}, {"x": 36754, "y": 26026, "w": 125, "h": 153, "class": "pos"}, {"x": 36663, "y": 26194, "w": 129, "h": 112, "class": "pos"}, {"x": 38294, "y": 25981, "w": 356, "h": 220, "class": "pos"}, {"x": 38812, "y": 26167, "w": 42, "h": 38, "class": "pos"}, {"x": 37658, "y": 26702, "w": 104, "h": 152, "class": "pos"}, {"x": 38447, "y": 26643, "w": 81, "h": 98, "class": "pos"}, {"x": 37279, "y": 26585, "w": 51, "h": 41, "class": "pos"}, {"x": 36814, "y": 26804, "w": 62, "h": 57, "class": "pos"}, {"x": 35718, "y": 27002, "w": 74, "h": 87, "class": "pos"}, {"x": 35618, "y": 27435, "w": 99, "h": 116, "class": "pos"}, {"x": 36335, "y": 27313, "w": 63, "h": 52, "class": "pos"}, {"x": 38301, "y": 26854, "w": 62, "h": 104, "class": "pos"}]