[{"x": 15125, "y": 3500, "w": 3936, "h": 3758, "class": "roi"}, {"x": 16009, "y": 5408, "w": 276, "h": 350, "class": "pos"}, {"x": 16433, "y": 5589, "w": 76, "h": 52, "class": "pos"}, {"x": 19651, "y": 17544, "w": 3210, "h": 3314, "class": "roi"}, {"x": 20609, "y": 18883, "w": 138, "h": 113, "class": "pos"}, {"x": 11074, "y": 24558, "w": 42, "h": 18, "class": "pos"}, {"x": 10064, "y": 23130, "w": 31, "h": 22, "class": "pos"}, {"x": 10872, "y": 22974, "w": 154, "h": 122, "class": "pos"}, {"x": 12010, "y": 23830, "w": 255, "h": 152, "class": "pos"}, {"x": 9291, "y": 22584, "w": 3186, "h": 3142, "class": "roi"}]