[{"x": 37873, "y": 19734, "w": 5302, "h": 3418, "class": "roi"}, {"x": 42783, "y": 20288, "w": 117, "h": 146, "class": "pos"}, {"x": 41881, "y": 19841, "w": 64, "h": 70, "class": "pos"}, {"x": 40087, "y": 23536, "w": 5424, "h": 6990, "class": "roi"}, {"x": 45119, "y": 24236, "w": 133, "h": 159, "class": "pos"}, {"x": 43003, "y": 23608, "w": 96, "h": 79, "class": "pos"}, {"x": 31608, "y": 19847, "w": 3889, "h": 4635, "class": "roi"}, {"x": 35267, "y": 20202, "w": 116, "h": 133, "class": "pos"}, {"x": 35098, "y": 21438, "w": 50, "h": 66, "class": "pos"}, {"x": 33445, "y": 21439, "w": 67, "h": 59, "class": "pos"}, {"x": 21811, "y": 27221, "w": 4877, "h": 5132, "class": "roi"}, {"x": 26255, "y": 27329, "w": 113, "h": 128, "class": "pos"}, {"x": 25322, "y": 28124, "w": 112, "h": 103, "class": "pos"}, {"x": 25905, "y": 28629, "w": 56, "h": 54, "class": "pos"}, {"x": 8122, "y": 23145, "w": 4687, "h": 4612, "class": "roi"}, {"x": 10216, "y": 26556, "w": 94, "h": 142, "class": "pos"}, {"x": 8463, "y": 27228, "w": 120, "h": 145, "class": "pos"}, {"x": 8878, "y": 26051, "w": 72, "h": 59, "class": "pos"}]