[{"x": 12199, "y": 4899, "w": 6714, "h": 4218, "class": "roi"}, {"x": 12422, "y": 5057, "w": 113, "h": 92, "class": "pos"}, {"x": 12309, "y": 5255, "w": 70, "h": 106, "class": "pos"}, {"x": 13426, "y": 6120, "w": 91, "h": 84, "class": "pos"}, {"x": 12699, "y": 5366, "w": 39, "h": 45, "class": "pos"}, {"x": 12460, "y": 6000, "w": 88, "h": 35, "class": "pos"}, {"x": 12337, "y": 6167, "w": 34, "h": 26, "class": "pos"}, {"x": 12262, "y": 6243, "w": 121, "h": 96, "class": "pos"}, {"x": 12516, "y": 6265, "w": 64, "h": 48, "class": "pos"}, {"x": 12266, "y": 6485, "w": 22, "h": 26, "class": "pos"}, {"x": 13025, "y": 6557, "w": 31, "h": 37, "class": "pos"}, {"x": 13135, "y": 6439, "w": 37, "h": 37, "class": "pos"}, {"x": 12567, "y": 6663, "w": 34, "h": 20, "class": "pos"}, {"x": 12620, "y": 7027, "w": 35, "h": 31, "class": "pos"}, {"x": 12822, "y": 6879, "w": 47, "h": 28, "class": "pos"}, {"x": 12433, "y": 7129, "w": 20, "h": 33, "class": "pos"}, {"x": 12424, "y": 7337, "w": 27, "h": 33, "class": "pos"}, {"x": 12645, "y": 7559, "w": 113, "h": 82, "class": "pos"}, {"x": 12858, "y": 7475, "w": 158, "h": 109, "class": "pos"}, {"x": 12739, "y": 7361, "w": 50, "h": 27, "class": "pos"}, {"x": 12504, "y": 7099, "w": 33, "h": 37, "class": "pos"}, {"x": 12383, "y": 7252, "w": 20, "h": 24, "class": "pos"}, {"x": 12324, "y": 7188, "w": 26, "h": 27, "class": "pos"}, {"x": 12811, "y": 7308, "w": 72, "h": 51, "class": "pos"}, {"x": 12876, "y": 7025, "w": 34, "h": 40, "class": "pos"}, {"x": 12629, "y": 6336, "w": 24, "h": 24, "class": "pos"}, {"x": 12739, "y": 6151, "w": 39, "h": 34, "class": "pos"}, {"x": 13046, "y": 5983, "w": 30, "h": 35, "class": "pos"}, {"x": 12436, "y": 6125, "w": 52, "h": 33, "class": "pos"}, {"x": 12897, "y": 5741, "w": 26, "h": 35, "class": "pos"}, {"x": 12797, "y": 5831, "w": 20, "h": 23, "class": "pos"}, {"x": 12692, "y": 5842, "w": 71, "h": 49, "class": "pos"}, {"x": 12553, "y": 5768, "w": 67, "h": 60, "class": "pos"}, {"x": 12234, "y": 5719, "w": 39, "h": 28, "class": "pos"}, {"x": 12289, "y": 5598, "w": 21, "h": 25, "class": "pos"}, {"x": 13231, "y": 5337, "w": 46, "h": 32, "class": "pos"}, {"x": 13307, "y": 5153, "w": 36, "h": 36, "class": "pos"}, {"x": 12912, "y": 5463, "w": 29, "h": 25, "class": "pos"}, {"x": 13729, "y": 5356, "w": 64, "h": 67, "class": "pos"}, {"x": 13717, "y": 6026, "w": 39, "h": 38, "class": "pos"}, {"x": 13251, "y": 6361, "w": 34, "h": 41, "class": "pos"}, {"x": 13416, "y": 7287, "w": 66, "h": 58, "class": "pos"}, {"x": 13174, "y": 7386, "w": 40, "h": 63, "class": "pos"}, {"x": 12788, "y": 7799, "w": 110, "h": 82, "class": "pos"}, {"x": 13831, "y": 7851, "w": 73, "h": 109, "class": "pos"}, {"x": 14266, "y": 7933, "w": 92, "h": 61, "class": "pos"}, {"x": 14359, "y": 7811, "w": 42, "h": 40, "class": "pos"}, {"x": 14857, "y": 7613, "w": 99, "h": 84, "class": "pos"}, {"x": 14631, "y": 7386, "w": 50, "h": 57, "class": "pos"}, {"x": 14006, "y": 6110, "w": 66, "h": 45, "class": "pos"}, {"x": 14369, "y": 5520, "w": 105, "h": 137, "class": "pos"}, {"x": 14429, "y": 5914, "w": 153, "h": 116, "class": "pos"}, {"x": 15869, "y": 5601, "w": 115, "h": 141, "class": "pos"}, {"x": 15396, "y": 6387, "w": 81, "h": 58, "class": "pos"}, {"x": 15617, "y": 5687, "w": 79, "h": 84, "class": "pos"}, {"x": 15855, "y": 4962, "w": 113, "h": 97, "class": "pos"}, {"x": 15558, "y": 5350, "w": 79, "h": 107, "class": "pos"}, {"x": 15160, "y": 5236, "w": 35, "h": 31, "class": "pos"}, {"x": 15277, "y": 5648, "w": 65, "h": 80, "class": "pos"}, {"x": 16624, "y": 6718, "w": 89, "h": 110, "class": "pos"}, {"x": 16752, "y": 6087, "w": 94, "h": 70, "class": "pos"}, {"x": 16817, "y": 6247, "w": 41, "h": 46, "class": "pos"}, {"x": 16872, "y": 6622, "w": 98, "h": 89, "class": "pos"}, {"x": 16579, "y": 5758, "w": 36, "h": 27, "class": "pos"}, {"x": 16375, "y": 5788, "w": 72, "h": 96, "class": "pos"}, {"x": 16140, "y": 5786, "w": 46, "h": 40, "class": "pos"}, {"x": 13802, "y": 8232, "w": 49, "h": 73, "class": "pos"}, {"x": 15329, "y": 8147, "w": 102, "h": 152, "class": "pos"}, {"x": 15357, "y": 8531, "w": 47, "h": 47, "class": "pos"}, {"x": 15243, "y": 8004, "w": 41, "h": 51, "class": "pos"}, {"x": 16208, "y": 6917, "w": 61, "h": 58, "class": "pos"}, {"x": 15902, "y": 6852, "w": 29, "h": 50, "class": "pos"}, {"x": 16453, "y": 7594, "w": 77, "h": 78, "class": "pos"}, {"x": 16174, "y": 7560, "w": 63, "h": 48, "class": "pos"}, {"x": 16333, "y": 7184, "w": 37, "h": 38, "class": "pos"}, {"x": 15429, "y": 6111, "w": 45, "h": 37, "class": "pos"}, {"x": 17052, "y": 5877, "w": 70, "h": 135, "class": "pos"}, {"x": 16901, "y": 5670, "w": 36, "h": 28, "class": "pos"}, {"x": 16972, "y": 4994, "w": 69, "h": 74, "class": "pos"}, {"x": 17036, "y": 8115, "w": 93, "h": 183, "class": "pos"}, {"x": 16733, "y": 7992, "w": 65, "h": 77, "class": "pos"}, {"x": 17606, "y": 6827, "w": 116, "h": 224, "class": "pos"}, {"x": 17815, "y": 8255, "w": 84, "h": 92, "class": "pos"}, {"x": 17318, "y": 8783, "w": 43, "h": 65, "class": "pos"}, {"x": 17796, "y": 8203, "w": 54, "h": 50, "class": "pos"}, {"x": 18049, "y": 5966, "w": 37, "h": 55, "class": "pos"}, {"x": 18526, "y": 6724, "w": 57, "h": 57, "class": "pos"}, {"x": 17586, "y": 5972, "w": 22, "h": 39, "class": "pos"}, {"x": 18237, "y": 6434, "w": 136, "h": 185, "class": "pos"}, {"x": 18420, "y": 5436, "w": 127, "h": 197, "class": "pos"}, {"x": 18409, "y": 5268, "w": 57, "h": 81, "class": "pos"}, {"x": 18645, "y": 7494, "w": 163, "h": 311, "class": "pos"}, {"x": 18283, "y": 6116, "w": 40, "h": 31, "class": "pos"}, {"x": 18680, "y": 5647, "w": 59, "h": 36, "class": "pos"}, {"x": 17492, "y": 6553, "w": 56, "h": 37, "class": "pos"}, {"x": 18799, "y": 8783, "w": 54, "h": 70, "class": "pos"}, {"x": 18762, "y": 8619, "w": 48, "h": 51, "class": "pos"}, {"x": 15895, "y": 8607, "w": 99, "h": 84, "class": "pos"}, {"x": 12375, "y": 8615, "w": 282, "h": 238, "class": "pos"}, {"x": 12690, "y": 8973, "w": 66, "h": 92, "class": "pos"}, {"x": 14679, "y": 7305, "w": 50, "h": 47, "class": "pos"}, {"x": 16613, "y": 5708, "w": 34, "h": 42, "class": "pos"}, {"x": 16659, "y": 5744, "w": 34, "h": 37, "class": "pos"}, {"x": 18389, "y": 5344, "w": 40, "h": 32, "class": "pos"}, {"x": 18285, "y": 6363, "w": 34, "h": 38, "class": "pos"}, {"x": 18373, "y": 6399, "w": 42, "h": 40, "class": "pos"}, {"x": 18492, "y": 6760, "w": 29, "h": 42, "class": "pos"}, {"x": 17440, "y": 6559, "w": 27, "h": 27, "class": "pos"}, {"x": 12956, "y": 7012, "w": 62, "h": 38, "class": "pos"}]