[{"x": 28586, "y": 44067, "w": 133, "h": 103, "class": "pos"}, {"x": 25182, "y": 42081, "w": 3947, "h": 3346, "class": "roi"}, {"x": 28728, "y": 45212, "w": 130, "h": 142, "class": "pos"}, {"x": 28469, "y": 45289, "w": 76, "h": 91, "class": "pos"}, {"x": 25298, "y": 43638, "w": 76, "h": 92, "class": "pos"}, {"x": 7046, "y": 37781, "w": 107, "h": 79, "class": "pos"}, {"x": 6023, "y": 36346, "w": 4049, "h": 3168, "class": "roi"}, {"x": 2864, "y": 20042, "w": 75, "h": 85, "class": "pos"}, {"x": 2339, "y": 19675, "w": 3158, "h": 3444, "class": "roi"}, {"x": 3828, "y": 22937, "w": 107, "h": 128, "class": "pos"}, {"x": 5021, "y": 34123, "w": 89, "h": 61, "class": "pos"}, {"x": 4191, "y": 31956, "w": 5422, "h": 3778, "class": "roi"}]