[{"x": 2996, "y": 17876, "w": 3211, "h": 3571, "class": "roi"}, {"x": 3446, "y": 19233, "w": 423, "h": 161, "class": "pos"}, {"x": 4217, "y": 19672, "w": 96, "h": 73, "class": "pos"}, {"x": 4859, "y": 17918, "w": 78, "h": 91, "class": "pos"}, {"x": 5622, "y": 20120, "w": 96, "h": 105, "class": "pos"}, {"x": 41020, "y": 18937, "w": 3340, "h": 3362, "class": "roi"}, {"x": 43171, "y": 20665, "w": 384, "h": 289, "class": "pos"}, {"x": 42771, "y": 20303, "w": 77, "h": 58, "class": "pos"}, {"x": 43468, "y": 19553, "w": 167, "h": 128, "class": "pos"}, {"x": 3870, "y": 19324, "w": 319, "h": 205, "class": "pos"}]