[{"x": 28170, "y": 15128, "w": 183, "h": 209, "class": "pos"}, {"x": 27919, "y": 10535, "w": 6771, "h": 5059, "class": "roi"}, {"x": 13425, "y": 28024, "w": 72, "h": 118, "class": "pos"}, {"x": 13488, "y": 28554, "w": 103, "h": 117, "class": "pos"}, {"x": 7131, "y": 28002, "w": 7065, "h": 5280, "class": "roi"}, {"x": 15776, "y": 30254, "w": 13339, "h": 12865, "class": "roi"}, {"x": 24808, "y": 30823, "w": 146, "h": 108, "class": "pos"}, {"x": 25519, "y": 30782, "w": 115, "h": 108, "class": "pos"}, {"x": 26948, "y": 39308, "w": 214, "h": 95, "class": "pos"}, {"x": 21048, "y": 41996, "w": 114, "h": 108, "class": "pos"}, {"x": 20877, "y": 35898, "w": 104, "h": 83, "class": "pos"}]