[{"x": 37986, "y": 38870, "w": 263, "h": 381, "class": "pos"}, {"x": 31499, "y": 34200, "w": 7642, "h": 6967, "class": "roi"}, {"x": 34615, "y": 39473, "w": 146, "h": 158, "class": "pos"}, {"x": 33856, "y": 38010, "w": 86, "h": 69, "class": "pos"}, {"x": 21508, "y": 15162, "w": 437, "h": 443, "class": "pos"}, {"x": 22166, "y": 14586, "w": 172, "h": 253, "class": "pos"}, {"x": 16750, "y": 12752, "w": 7665, "h": 6967, "class": "roi"}, {"x": 17573, "y": 13614, "w": 187, "h": 146, "class": "pos"}, {"x": 21685, "y": 15724, "w": 144, "h": 141, "class": "pos"}, {"x": 21878, "y": 15178, "w": 342, "h": 446, "class": "pos"}, {"x": 21572, "y": 15604, "w": 250, "h": 151, "class": "pos"}, {"x": 21347, "y": 15171, "w": 161, "h": 204, "class": "pos"}]