[{"x": 14493, "y": 6060, "w": 195, "h": 227, "class": "pos"}, {"x": 15763, "y": 4308, "w": 258, "h": 308, "class": "pos"}, {"x": 15288, "y": 4443, "w": 45, "h": 43, "class": "pos"}, {"x": 15438, "y": 4794, "w": 132, "h": 67, "class": "pos"}, {"x": 15541, "y": 3680, "w": 172, "h": 111, "class": "pos"}, {"x": 16703, "y": 4003, "w": 227, "h": 254, "class": "pos"}, {"x": 16594, "y": 5833, "w": 81, "h": 78, "class": "pos"}, {"x": 15359, "y": 5880, "w": 93, "h": 93, "class": "pos"}, {"x": 17122, "y": 5960, "w": 51, "h": 66, "class": "pos"}, {"x": 18152, "y": 3939, "w": 189, "h": 201, "class": "pos"}, {"x": 18246, "y": 4248, "w": 44, "h": 39, "class": "pos"}, {"x": 19316, "y": 4066, "w": 104, "h": 120, "class": "pos"}, {"x": 16720, "y": 7033, "w": 91, "h": 106, "class": "pos"}, {"x": 17260, "y": 7420, "w": 52, "h": 97, "class": "pos"}, {"x": 13330, "y": 2913, "w": 6450, "h": 6944, "class": "roi"}, {"x": 14716, "y": 9309, "w": 99, "h": 82, "class": "pos"}, {"x": 15130, "y": 9531, "w": 81, "h": 77, "class": "pos"}, {"x": 14251, "y": 8797, "w": 412, "h": 375, "class": "pos"}, {"x": 14298, "y": 8460, "w": 59, "h": 77, "class": "pos"}, {"x": 14356, "y": 8090, "w": 36, "h": 49, "class": "pos"}, {"x": 14747, "y": 5763, "w": 40, "h": 43, "class": "pos"}, {"x": 13432, "y": 4849, "w": 42, "h": 65, "class": "pos"}, {"x": 16070, "y": 4266, "w": 58, "h": 76, "class": "pos"}, {"x": 16367, "y": 4433, "w": 46, "h": 61, "class": "pos"}, {"x": 16254, "y": 3480, "w": 24, "h": 30, "class": "pos"}, {"x": 18337, "y": 7725, "w": 67, "h": 144, "class": "pos"}, {"x": 18603, "y": 7255, "w": 103, "h": 54, "class": "pos"}, {"x": 17013, "y": 8721, "w": 68, "h": 77, "class": "pos"}, {"x": 18485, "y": 10045, "w": 6954, "h": 6259, "class": "roi"}, {"x": 23212, "y": 10515, "w": 215, "h": 234, "class": "pos"}, {"x": 22959, "y": 14680, "w": 77, "h": 154, "class": "pos"}, {"x": 21898, "y": 14488, "w": 77, "h": 70, "class": "pos"}, {"x": 21112, "y": 14626, "w": 126, "h": 113, "class": "pos"}, {"x": 21224, "y": 13865, "w": 55, "h": 62, "class": "pos"}, {"x": 19518, "y": 11403, "w": 94, "h": 39, "class": "pos"}, {"x": 24629, "y": 11363, "w": 64, "h": 49, "class": "pos"}, {"x": 22273, "y": 13050, "w": 131, "h": 99, "class": "pos"}, {"x": 21752, "y": 13071, "w": 92, "h": 118, "class": "pos"}, {"x": 22167, "y": 13324, "w": 33, "h": 57, "class": "pos"}, {"x": 22205, "y": 13331, "w": 38, "h": 32, "class": "pos"}, {"x": 14663, "y": 8694, "w": 413, "h": 401, "class": "pos"}]