[{"x": 5792, "y": 9526, "w": 3211, "h": 3461, "class": "roi"}, {"x": 6689, "y": 21894, "w": 4166, "h": 3358, "class": "roi"}, {"x": 6500, "y": 9582, "w": 441, "h": 431, "class": "pos"}, {"x": 5884, "y": 9707, "w": 32, "h": 32, "class": "pos"}, {"x": 6158, "y": 10009, "w": 28, "h": 27, "class": "pos"}, {"x": 6072, "y": 10394, "w": 34, "h": 35, "class": "pos"}, {"x": 5919, "y": 10453, "w": 51, "h": 45, "class": "pos"}, {"x": 5849, "y": 10474, "w": 27, "h": 23, "class": "pos"}, {"x": 5841, "y": 10869, "w": 27, "h": 26, "class": "pos"}, {"x": 6025, "y": 10723, "w": 51, "h": 45, "class": "pos"}, {"x": 6204, "y": 12255, "w": 25, "h": 28, "class": "pos"}, {"x": 6312, "y": 12664, "w": 49, "h": 46, "class": "pos"}, {"x": 5896, "y": 12402, "w": 23, "h": 28, "class": "pos"}, {"x": 5825, "y": 12505, "w": 27, "h": 23, "class": "pos"}, {"x": 6657, "y": 12746, "w": 96, "h": 129, "class": "pos"}, {"x": 6933, "y": 12319, "w": 213, "h": 237, "class": "pos"}, {"x": 6750, "y": 12857, "w": 125, "h": 104, "class": "pos"}, {"x": 6581, "y": 12873, "w": 25, "h": 26, "class": "pos"}, {"x": 6484, "y": 12834, "w": 57, "h": 49, "class": "pos"}, {"x": 6297, "y": 12179, "w": 26, "h": 24, "class": "pos"}, {"x": 6338, "y": 12262, "w": 31, "h": 52, "class": "pos"}, {"x": 6276, "y": 12344, "w": 18, "h": 22, "class": "pos"}, {"x": 6286, "y": 12443, "w": 28, "h": 42, "class": "pos"}, {"x": 6326, "y": 12228, "w": 18, "h": 19, "class": "pos"}, {"x": 6328, "y": 12077, "w": 50, "h": 90, "class": "pos"}, {"x": 6100, "y": 11935, "w": 63, "h": 39, "class": "pos"}, {"x": 6336, "y": 11882, "w": 48, "h": 53, "class": "pos"}, {"x": 6190, "y": 11966, "w": 31, "h": 18, "class": "pos"}, {"x": 6431, "y": 11789, "w": 27, "h": 26, "class": "pos"}, {"x": 6207, "y": 11760, "w": 30, "h": 50, "class": "pos"}, {"x": 6352, "y": 11541, "w": 20, "h": 71, "class": "pos"}, {"x": 6146, "y": 11279, "w": 40, "h": 33, "class": "pos"}, {"x": 6245, "y": 10611, "w": 178, "h": 130, "class": "pos"}, {"x": 6289, "y": 10734, "w": 30, "h": 30, "class": "pos"}, {"x": 6037, "y": 10611, "w": 132, "h": 84, "class": "pos"}, {"x": 6059, "y": 10514, "w": 33, "h": 35, "class": "pos"}, {"x": 6121, "y": 10477, "w": 44, "h": 63, "class": "pos"}, {"x": 6090, "y": 9994, "w": 27, "h": 30, "class": "pos"}, {"x": 6197, "y": 10015, "w": 36, "h": 37, "class": "pos"}, {"x": 6143, "y": 9757, "w": 25, "h": 27, "class": "pos"}, {"x": 6460, "y": 9751, "w": 30, "h": 31, "class": "pos"}, {"x": 6399, "y": 9527, "w": 83, "h": 47, "class": "pos"}, {"x": 7098, "y": 9887, "w": 30, "h": 30, "class": "pos"}, {"x": 7184, "y": 10125, "w": 29, "h": 29, "class": "pos"}, {"x": 6997, "y": 10173, "w": 25, "h": 23, "class": "pos"}, {"x": 7138, "y": 10109, "w": 32, "h": 52, "class": "pos"}, {"x": 7056, "y": 10858, "w": 32, "h": 44, "class": "pos"}, {"x": 7124, "y": 10653, "w": 40, "h": 40, "class": "pos"}, {"x": 6853, "y": 11342, "w": 285, "h": 263, "class": "pos"}, {"x": 6948, "y": 11746, "w": 32, "h": 66, "class": "pos"}, {"x": 6912, "y": 11852, "w": 37, "h": 38, "class": "pos"}, {"x": 6507, "y": 11780, "w": 46, "h": 65, "class": "pos"}, {"x": 6812, "y": 11978, "w": 30, "h": 35, "class": "pos"}, {"x": 6821, "y": 12349, "w": 32, "h": 40, "class": "pos"}, {"x": 6926, "y": 12540, "w": 39, "h": 27, "class": "pos"}, {"x": 6815, "y": 12126, "w": 38, "h": 26, "class": "pos"}, {"x": 6970, "y": 11709, "w": 25, "h": 33, "class": "pos"}, {"x": 7252, "y": 10896, "w": 24, "h": 36, "class": "pos"}, {"x": 7616, "y": 10885, "w": 62, "h": 43, "class": "pos"}, {"x": 7464, "y": 10869, "w": 25, "h": 29, "class": "pos"}, {"x": 7450, "y": 10855, "w": 26, "h": 19, "class": "pos"}, {"x": 7493, "y": 10775, "w": 113, "h": 226, "class": "pos"}, {"x": 7597, "y": 10781, "w": 41, "h": 58, "class": "pos"}, {"x": 7720, "y": 10791, "w": 57, "h": 37, "class": "pos"}, {"x": 7432, "y": 10710, "w": 62, "h": 82, "class": "pos"}, {"x": 7335, "y": 10638, "w": 22, "h": 33, "class": "pos"}, {"x": 7306, "y": 10549, "w": 56, "h": 56, "class": "pos"}, {"x": 7307, "y": 10471, "w": 60, "h": 60, "class": "pos"}, {"x": 7172, "y": 10277, "w": 31, "h": 34, "class": "pos"}, {"x": 7214, "y": 10167, "w": 18, "h": 26, "class": "pos"}, {"x": 7402, "y": 10295, "w": 25, "h": 25, "class": "pos"}, {"x": 7452, "y": 10238, "w": 27, "h": 31, "class": "pos"}, {"x": 7776, "y": 10333, "w": 25, "h": 29, "class": "pos"}, {"x": 7605, "y": 10335, "w": 74, "h": 66, "class": "pos"}, {"x": 7892, "y": 10347, "w": 30, "h": 54, "class": "pos"}, {"x": 7913, "y": 10014, "w": 138, "h": 132, "class": "pos"}, {"x": 7985, "y": 10278, "w": 97, "h": 90, "class": "pos"}, {"x": 8013, "y": 10212, "w": 78, "h": 80, "class": "pos"}, {"x": 7882, "y": 10236, "w": 59, "h": 69, "class": "pos"}, {"x": 7568, "y": 10080, "w": 25, "h": 25, "class": "pos"}, {"x": 7443, "y": 9953, "w": 131, "h": 75, "class": "pos"}, {"x": 7565, "y": 9867, "w": 22, "h": 38, "class": "pos"}, {"x": 7411, "y": 9620, "w": 24, "h": 40, "class": "pos"}, {"x": 7872, "y": 9666, "w": 32, "h": 36, "class": "pos"}, {"x": 7697, "y": 9594, "w": 80, "h": 98, "class": "pos"}, {"x": 7661, "y": 9542, "w": 66, "h": 49, "class": "pos"}, {"x": 8052, "y": 9530, "w": 449, "h": 331, "class": "pos"}, {"x": 8783, "y": 9776, "w": 74, "h": 40, "class": "pos"}, {"x": 8901, "y": 9695, "w": 29, "h": 36, "class": "pos"}, {"x": 8694, "y": 9622, "w": 26, "h": 29, "class": "pos"}, {"x": 8566, "y": 9529, "w": 28, "h": 30, "class": "pos"}, {"x": 8659, "y": 9758, "w": 23, "h": 24, "class": "pos"}, {"x": 8217, "y": 10569, "w": 31, "h": 29, "class": "pos"}, {"x": 8386, "y": 10501, "w": 35, "h": 44, "class": "pos"}, {"x": 8351, "y": 10446, "w": 28, "h": 41, "class": "pos"}, {"x": 8265, "y": 9955, "w": 26, "h": 26, "class": "pos"}, {"x": 8290, "y": 9995, "w": 65, "h": 41, "class": "pos"}, {"x": 8530, "y": 9983, "w": 28, "h": 27, "class": "pos"}, {"x": 8471, "y": 10006, "w": 50, "h": 25, "class": "pos"}, {"x": 8377, "y": 10008, "w": 29, "h": 21, "class": "pos"}, {"x": 8727, "y": 10168, "w": 28, "h": 29, "class": "pos"}, {"x": 8654, "y": 10232, "w": 26, "h": 33, "class": "pos"}, {"x": 8830, "y": 10443, "w": 29, "h": 46, "class": "pos"}, {"x": 8670, "y": 10406, "w": 38, "h": 35, "class": "pos"}, {"x": 8616, "y": 10405, "w": 50, "h": 42, "class": "pos"}, {"x": 8296, "y": 10664, "w": 141, "h": 218, "class": "pos"}, {"x": 8055, "y": 10691, "w": 49, "h": 62, "class": "pos"}, {"x": 8792, "y": 10119, "w": 95, "h": 156, "class": "pos"}, {"x": 8765, "y": 10171, "w": 24, "h": 21, "class": "pos"}, {"x": 9517, "y": 16573, "w": 3380, "h": 3254, "class": "roi"}, {"x": 9822, "y": 16893, "w": 71, "h": 123, "class": "pos"}, {"x": 9706, "y": 16829, "w": 22, "h": 45, "class": "pos"}, {"x": 9714, "y": 17525, "w": 31, "h": 35, "class": "pos"}, {"x": 10098, "y": 17007, "w": 38, "h": 51, "class": "pos"}, {"x": 9969, "y": 16689, "w": 46, "h": 44, "class": "pos"}, {"x": 9944, "y": 16786, "w": 29, "h": 24, "class": "pos"}, {"x": 9893, "y": 16717, "w": 41, "h": 57, "class": "pos"}, {"x": 10046, "y": 16996, "w": 32, "h": 24, "class": "pos"}, {"x": 9696, "y": 17234, "w": 177, "h": 191, "class": "pos"}, {"x": 9766, "y": 17458, "w": 104, "h": 111, "class": "pos"}, {"x": 9590, "y": 17349, "w": 30, "h": 30, "class": "pos"}, {"x": 9599, "y": 17314, "w": 25, "h": 28, "class": "pos"}, {"x": 9611, "y": 17503, "w": 30, "h": 19, "class": "pos"}, {"x": 9596, "y": 17551, "w": 30, "h": 45, "class": "pos"}, {"x": 9749, "y": 17606, "w": 100, "h": 102, "class": "pos"}, {"x": 9537, "y": 17735, "w": 67, "h": 32, "class": "pos"}, {"x": 9740, "y": 17751, "w": 41, "h": 31, "class": "pos"}, {"x": 9633, "y": 17782, "w": 28, "h": 23, "class": "pos"}, {"x": 9652, "y": 17830, "w": 92, "h": 75, "class": "pos"}, {"x": 9604, "y": 17923, "w": 20, "h": 28, "class": "pos"}, {"x": 9562, "y": 17972, "w": 27, "h": 21, "class": "pos"}, {"x": 9650, "y": 18071, "w": 33, "h": 65, "class": "pos"}, {"x": 9808, "y": 18013, "w": 31, "h": 26, "class": "pos"}, {"x": 9750, "y": 18025, "w": 20, "h": 23, "class": "pos"}, {"x": 9526, "y": 18086, "w": 31, "h": 37, "class": "pos"}, {"x": 9638, "y": 18325, "w": 31, "h": 31, "class": "pos"}, {"x": 9814, "y": 18523, "w": 33, "h": 26, "class": "pos"}, {"x": 9775, "y": 18336, "w": 64, "h": 28, "class": "pos"}, {"x": 9771, "y": 18374, "w": 138, "h": 148, "class": "pos"}, {"x": 9942, "y": 18435, "w": 33, "h": 32, "class": "pos"}, {"x": 9967, "y": 18265, "w": 46, "h": 25, "class": "pos"}, {"x": 9744, "y": 18748, "w": 26, "h": 25, "class": "pos"}, {"x": 9626, "y": 18521, "w": 30, "h": 25, "class": "pos"}, {"x": 9687, "y": 18557, "w": 23, "h": 27, "class": "pos"}, {"x": 9949, "y": 18601, "w": 67, "h": 25, "class": "pos"}, {"x": 9571, "y": 18703, "w": 159, "h": 189, "class": "pos"}, {"x": 9846, "y": 18701, "w": 42, "h": 45, "class": "pos"}, {"x": 9538, "y": 19172, "w": 118, "h": 87, "class": "pos"}, {"x": 9555, "y": 19105, "w": 22, "h": 26, "class": "pos"}, {"x": 9879, "y": 19007, "w": 48, "h": 44, "class": "pos"}, {"x": 9668, "y": 19107, "w": 48, "h": 61, "class": "pos"}, {"x": 9754, "y": 19273, "w": 28, "h": 63, "class": "pos"}, {"x": 9565, "y": 19333, "w": 27, "h": 27, "class": "pos"}, {"x": 10133, "y": 19664, "w": 77, "h": 75, "class": "pos"}, {"x": 9947, "y": 19480, "w": 28, "h": 32, "class": "pos"}, {"x": 9875, "y": 19550, "w": 24, "h": 21, "class": "pos"}, {"x": 10067, "y": 19480, "w": 29, "h": 30, "class": "pos"}, {"x": 10393, "y": 19659, "w": 105, "h": 104, "class": "pos"}, {"x": 10411, "y": 19550, "w": 24, "h": 39, "class": "pos"}, {"x": 11157, "y": 19367, "w": 260, "h": 242, "class": "pos"}, {"x": 11215, "y": 19605, "w": 165, "h": 214, "class": "pos"}, {"x": 11550, "y": 19528, "w": 208, "h": 155, "class": "pos"}, {"x": 11756, "y": 18946, "w": 130, "h": 141, "class": "pos"}, {"x": 10718, "y": 19442, "w": 91, "h": 77, "class": "pos"}, {"x": 10753, "y": 19176, "w": 77, "h": 96, "class": "pos"}, {"x": 10683, "y": 19097, "w": 91, "h": 64, "class": "pos"}, {"x": 10948, "y": 18610, "w": 177, "h": 174, "class": "pos"}, {"x": 10987, "y": 18326, "w": 101, "h": 107, "class": "pos"}, {"x": 10863, "y": 18024, "w": 101, "h": 100, "class": "pos"}, {"x": 10597, "y": 17758, "w": 105, "h": 135, "class": "pos"}, {"x": 10775, "y": 17542, "w": 87, "h": 85, "class": "pos"}, {"x": 10574, "y": 17395, "w": 82, "h": 93, "class": "pos"}, {"x": 10098, "y": 17516, "w": 88, "h": 48, "class": "pos"}, {"x": 10551, "y": 16659, "w": 152, "h": 137, "class": "pos"}, {"x": 10652, "y": 16776, "w": 110, "h": 132, "class": "pos"}, {"x": 11083, "y": 17062, "w": 198, "h": 147, "class": "pos"}, {"x": 10976, "y": 16633, "w": 64, "h": 88, "class": "pos"}, {"x": 11359, "y": 17094, "w": 94, "h": 113, "class": "pos"}, {"x": 12138, "y": 16791, "w": 159, "h": 124, "class": "pos"}, {"x": 12147, "y": 17076, "w": 118, "h": 124, "class": "pos"}, {"x": 11949, "y": 17248, "w": 142, "h": 233, "class": "pos"}, {"x": 12036, "y": 17462, "w": 101, "h": 95, "class": "pos"}, {"x": 11861, "y": 17499, "w": 144, "h": 187, "class": "pos"}, {"x": 12716, "y": 17130, "w": 86, "h": 191, "class": "pos"}, {"x": 12798, "y": 17253, "w": 87, "h": 77, "class": "pos"}, {"x": 12827, "y": 17370, "w": 48, "h": 83, "class": "pos"}, {"x": 12750, "y": 16774, "w": 116, "h": 131, "class": "pos"}, {"x": 12665, "y": 16703, "w": 94, "h": 118, "class": "pos"}, {"x": 11540, "y": 18373, "w": 247, "h": 157, "class": "pos"}, {"x": 11445, "y": 17907, "w": 150, "h": 224, "class": "pos"}, {"x": 12091, "y": 18234, "w": 77, "h": 90, "class": "pos"}, {"x": 12005, "y": 18295, "w": 135, "h": 116, "class": "pos"}, {"x": 12564, "y": 18453, "w": 165, "h": 150, "class": "pos"}, {"x": 12363, "y": 19140, "w": 256, "h": 407, "class": "pos"}, {"x": 12190, "y": 19344, "w": 89, "h": 135, "class": "pos"}, {"x": 12016, "y": 19410, "w": 202, "h": 380, "class": "pos"}, {"x": 7339, "y": 22295, "w": 190, "h": 209, "class": "pos"}, {"x": 7108, "y": 22418, "w": 36, "h": 29, "class": "pos"}, {"x": 7206, "y": 22447, "w": 38, "h": 39, "class": "pos"}, {"x": 7468, "y": 22558, "w": 45, "h": 65, "class": "pos"}, {"x": 8157, "y": 22402, "w": 121, "h": 88, "class": "pos"}, {"x": 9439, "y": 22402, "w": 230, "h": 172, "class": "pos"}, {"x": 9558, "y": 22232, "w": 160, "h": 150, "class": "pos"}, {"x": 10282, "y": 22043, "w": 434, "h": 386, "class": "pos"}, {"x": 10221, "y": 22612, "w": 286, "h": 179, "class": "pos"}, {"x": 9892, "y": 22971, "w": 100, "h": 152, "class": "pos"}, {"x": 8669, "y": 23223, "w": 35, "h": 34, "class": "pos"}, {"x": 9243, "y": 22430, "w": 90, "h": 100, "class": "pos"}, {"x": 9327, "y": 22320, "w": 31, "h": 32, "class": "pos"}, {"x": 9524, "y": 22595, "w": 28, "h": 28, "class": "pos"}, {"x": 9393, "y": 22582, "w": 35, "h": 44, "class": "pos"}, {"x": 9444, "y": 22557, "w": 25, "h": 33, "class": "pos"}, {"x": 9615, "y": 23117, "w": 84, "h": 35, "class": "pos"}, {"x": 9072, "y": 23266, "w": 136, "h": 89, "class": "pos"}, {"x": 8661, "y": 23714, "w": 347, "h": 213, "class": "pos"}, {"x": 7947, "y": 23684, "w": 258, "h": 342, "class": "pos"}, {"x": 8194, "y": 23884, "w": 189, "h": 138, "class": "pos"}, {"x": 7923, "y": 24217, "w": 141, "h": 155, "class": "pos"}, {"x": 7905, "y": 24468, "w": 191, "h": 152, "class": "pos"}, {"x": 7555, "y": 24497, "w": 183, "h": 108, "class": "pos"}, {"x": 8746, "y": 24933, "w": 135, "h": 210, "class": "pos"}, {"x": 8821, "y": 24844, "w": 180, "h": 233, "class": "pos"}, {"x": 9231, "y": 24892, "w": 383, "h": 267, "class": "pos"}, {"x": 8350, "y": 21900, "w": 187, "h": 152, "class": "pos"}, {"x": 6913, "y": 22017, "w": 45, "h": 35, "class": "pos"}, {"x": 6720, "y": 21993, "w": 22, "h": 20, "class": "pos"}, {"x": 7024, "y": 22070, "w": 28, "h": 20, "class": "pos"}, {"x": 7541, "y": 22111, "w": 29, "h": 29, "class": "pos"}, {"x": 9329, "y": 22173, "w": 33, "h": 44, "class": "pos"}, {"x": 10610, "y": 23024, "w": 239, "h": 140, "class": "pos"}, {"x": 10395, "y": 24480, "w": 92, "h": 94, "class": "pos"}, {"x": 10350, "y": 24370, "w": 132, "h": 103, "class": "pos"}, {"x": 10256, "y": 24518, "w": 173, "h": 171, "class": "pos"}, {"x": 9921, "y": 24771, "w": 177, "h": 124, "class": "pos"}, {"x": 7030, "y": 24592, "w": 119, "h": 102, "class": "pos"}, {"x": 7262, "y": 23927, "w": 24, "h": 23, "class": "pos"}, {"x": 10754, "y": 24969, "w": 30, "h": 29, "class": "pos"}, {"x": 10258, "y": 25179, "w": 31, "h": 31, "class": "pos"}, {"x": 10603, "y": 25194, "w": 28, "h": 23, "class": "pos"}, {"x": 10446, "y": 24913, "w": 59, "h": 39, "class": "pos"}, {"x": 10108, "y": 24926, "w": 41, "h": 31, "class": "pos"}, {"x": 10027, "y": 24987, "w": 38, "h": 49, "class": "pos"}, {"x": 8973, "y": 25102, "w": 26, "h": 33, "class": "pos"}, {"x": 8233, "y": 24995, "w": 29, "h": 28, "class": "pos"}, {"x": 8293, "y": 24776, "w": 30, "h": 28, "class": "pos"}, {"x": 8289, "y": 24868, "w": 41, "h": 49, "class": "pos"}, {"x": 8042, "y": 24900, "w": 28, "h": 30, "class": "pos"}, {"x": 7827, "y": 25122, "w": 37, "h": 40, "class": "pos"}, {"x": 7882, "y": 24791, "w": 27, "h": 30, "class": "pos"}, {"x": 7988, "y": 24931, "w": 33, "h": 29, "class": "pos"}, {"x": 8085, "y": 24656, "w": 65, "h": 123, "class": "pos"}, {"x": 7650, "y": 25016, "w": 32, "h": 27, "class": "pos"}, {"x": 7764, "y": 25024, "w": 60, "h": 40, "class": "pos"}, {"x": 7787, "y": 24600, "w": 253, "h": 164, "class": "pos"}, {"x": 7739, "y": 24910, "w": 91, "h": 56, "class": "pos"}, {"x": 7209, "y": 24884, "w": 33, "h": 29, "class": "pos"}, {"x": 7473, "y": 24800, "w": 38, "h": 34, "class": "pos"}, {"x": 7507, "y": 24839, "w": 31, "h": 28, "class": "pos"}, {"x": 7349, "y": 24753, "w": 47, "h": 27, "class": "pos"}, {"x": 7485, "y": 24303, "w": 21, "h": 26, "class": "pos"}, {"x": 7551, "y": 24158, "w": 30, "h": 29, "class": "pos"}, {"x": 7720, "y": 24424, "w": 32, "h": 29, "class": "pos"}, {"x": 7508, "y": 24408, "w": 31, "h": 26, "class": "pos"}, {"x": 7510, "y": 24317, "w": 37, "h": 40, "class": "pos"}, {"x": 7491, "y": 24361, "w": 41, "h": 32, "class": "pos"}, {"x": 7295, "y": 24336, "w": 28, "h": 23, "class": "pos"}, {"x": 7311, "y": 24468, "w": 26, "h": 21, "class": "pos"}, {"x": 7751, "y": 24454, "w": 35, "h": 32, "class": "pos"}, {"x": 7947, "y": 24374, "w": 31, "h": 35, "class": "pos"}, {"x": 7464, "y": 24437, "w": 35, "h": 24, "class": "pos"}, {"x": 6850, "y": 24274, "w": 86, "h": 74, "class": "pos"}, {"x": 7400, "y": 24326, "w": 61, "h": 71, "class": "pos"}, {"x": 7750, "y": 24150, "w": 59, "h": 75, "class": "pos"}, {"x": 7950, "y": 24025, "w": 34, "h": 32, "class": "pos"}, {"x": 7358, "y": 24018, "w": 27, "h": 21, "class": "pos"}, {"x": 7812, "y": 23840, "w": 39, "h": 48, "class": "pos"}, {"x": 8224, "y": 23834, "w": 26, "h": 48, "class": "pos"}, {"x": 8618, "y": 23912, "w": 25, "h": 26, "class": "pos"}, {"x": 8537, "y": 23650, "w": 29, "h": 36, "class": "pos"}, {"x": 9069, "y": 24521, "w": 27, "h": 26, "class": "pos"}, {"x": 8995, "y": 24509, "w": 34, "h": 30, "class": "pos"}, {"x": 9323, "y": 24515, "w": 24, "h": 25, "class": "pos"}, {"x": 8000, "y": 22111, "w": 23, "h": 23, "class": "pos"}, {"x": 7423, "y": 22059, "w": 18, "h": 42, "class": "pos"}, {"x": 7157, "y": 22116, "w": 23, "h": 26, "class": "pos"}, {"x": 8846, "y": 21919, "w": 27, "h": 27, "class": "pos"}, {"x": 7900, "y": 23944, "w": 42, "h": 41, "class": "pos"}, {"x": 6844, "y": 23974, "w": 27, "h": 25, "class": "pos"}, {"x": 6747, "y": 23988, "w": 38, "h": 31, "class": "pos"}, {"x": 6749, "y": 23944, "w": 22, "h": 23, "class": "pos"}, {"x": 7001, "y": 23984, "w": 23, "h": 28, "class": "pos"}, {"x": 9001, "y": 24898, "w": 19, "h": 29, "class": "pos"}, {"x": 9025, "y": 24845, "w": 25, "h": 28, "class": "pos"}, {"x": 9047, "y": 24770, "w": 22, "h": 22, "class": "pos"}, {"x": 9735, "y": 24411, "w": 50, "h": 46, "class": "pos"}, {"x": 9089, "y": 24003, "w": 26, "h": 26, "class": "pos"}, {"x": 9045, "y": 24033, "w": 74, "h": 47, "class": "pos"}, {"x": 9597, "y": 24192, "w": 41, "h": 56, "class": "pos"}, {"x": 9310, "y": 24250, "w": 29, "h": 27, "class": "pos"}, {"x": 9775, "y": 23993, "w": 28, "h": 28, "class": "pos"}, {"x": 9763, "y": 23725, "w": 32, "h": 22, "class": "pos"}, {"x": 9965, "y": 23600, "w": 27, "h": 25, "class": "pos"}, {"x": 9544, "y": 23967, "w": 25, "h": 26, "class": "pos"}, {"x": 9609, "y": 23601, "w": 29, "h": 23, "class": "pos"}, {"x": 9166, "y": 23648, "w": 24, "h": 26, "class": "pos"}, {"x": 9012, "y": 23421, "w": 38, "h": 37, "class": "pos"}, {"x": 7681, "y": 23323, "w": 27, "h": 29, "class": "pos"}, {"x": 7648, "y": 23288, "w": 28, "h": 25, "class": "pos"}, {"x": 7249, "y": 23527, "w": 34, "h": 33, "class": "pos"}, {"x": 7079, "y": 23423, "w": 27, "h": 25, "class": "pos"}, {"x": 6940, "y": 23479, "w": 23, "h": 28, "class": "pos"}, {"x": 6714, "y": 23552, "w": 21, "h": 21, "class": "pos"}, {"x": 6692, "y": 23356, "w": 21, "h": 23, "class": "pos"}, {"x": 6788, "y": 23217, "w": 26, "h": 24, "class": "pos"}, {"x": 6697, "y": 23144, "w": 54, "h": 75, "class": "pos"}, {"x": 6858, "y": 23211, "w": 98, "h": 60, "class": "pos"}, {"x": 7225, "y": 23342, "w": 35, "h": 31, "class": "pos"}, {"x": 7123, "y": 22632, "w": 27, "h": 30, "class": "pos"}, {"x": 7299, "y": 22598, "w": 24, "h": 25, "class": "pos"}, {"x": 7219, "y": 22767, "w": 27, "h": 27, "class": "pos"}, {"x": 7288, "y": 22745, "w": 39, "h": 53, "class": "pos"}, {"x": 7553, "y": 22670, "w": 28, "h": 35, "class": "pos"}, {"x": 7670, "y": 22688, "w": 31, "h": 32, "class": "pos"}, {"x": 7505, "y": 22496, "w": 23, "h": 26, "class": "pos"}, {"x": 6884, "y": 9534, "w": 101, "h": 128, "class": "pos"}, {"x": 9828, "y": 17414, "w": 102, "h": 114, "class": "pos"}, {"x": 10658, "y": 21947, "w": 183, "h": 161, "class": "pos"}]