[{"x": 7964, "y": 7729, "w": 3413, "h": 3159, "class": "roi"}, {"x": 18120, "y": 7533, "w": 3123, "h": 3468, "class": "roi"}, {"x": 12517, "y": 19322, "w": 3120, "h": 3279, "class": "roi"}, {"x": 10910, "y": 8126, "w": 45, "h": 49, "class": "pos"}, {"x": 10782, "y": 8208, "w": 35, "h": 44, "class": "pos"}, {"x": 10634, "y": 8291, "w": 33, "h": 41, "class": "pos"}, {"x": 10845, "y": 7860, "w": 49, "h": 38, "class": "pos"}, {"x": 11139, "y": 7857, "w": 33, "h": 47, "class": "pos"}, {"x": 10149, "y": 7924, "w": 39, "h": 45, "class": "pos"}, {"x": 8944, "y": 8967, "w": 40, "h": 35, "class": "pos"}, {"x": 8309, "y": 8860, "w": 60, "h": 58, "class": "pos"}, {"x": 9653, "y": 8720, "w": 28, "h": 30, "class": "pos"}, {"x": 11249, "y": 8836, "w": 49, "h": 61, "class": "pos"}, {"x": 11015, "y": 9083, "w": 47, "h": 49, "class": "pos"}, {"x": 10813, "y": 9281, "w": 88, "h": 51, "class": "pos"}, {"x": 10095, "y": 9426, "w": 74, "h": 51, "class": "pos"}, {"x": 8083, "y": 10257, "w": 47, "h": 44, "class": "pos"}, {"x": 9615, "y": 10119, "w": 44, "h": 38, "class": "pos"}, {"x": 10392, "y": 10430, "w": 55, "h": 42, "class": "pos"}, {"x": 9763, "y": 9802, "w": 134, "h": 109, "class": "pos"}, {"x": 19672, "y": 7536, "w": 47, "h": 39, "class": "pos"}, {"x": 18258, "y": 7534, "w": 46, "h": 93, "class": "pos"}, {"x": 18405, "y": 7839, "w": 26, "h": 23, "class": "pos"}, {"x": 19359, "y": 7792, "w": 45, "h": 82, "class": "pos"}, {"x": 20323, "y": 7587, "w": 124, "h": 121, "class": "pos"}, {"x": 20117, "y": 7792, "w": 44, "h": 52, "class": "pos"}, {"x": 20649, "y": 7711, "w": 75, "h": 65, "class": "pos"}, {"x": 20551, "y": 7596, "w": 51, "h": 72, "class": "pos"}, {"x": 20796, "y": 8443, "w": 30, "h": 30, "class": "pos"}, {"x": 21053, "y": 8890, "w": 37, "h": 34, "class": "pos"}, {"x": 20784, "y": 8885, "w": 34, "h": 53, "class": "pos"}, {"x": 20691, "y": 8383, "w": 34, "h": 32, "class": "pos"}, {"x": 20680, "y": 8223, "w": 75, "h": 92, "class": "pos"}, {"x": 19864, "y": 8068, "w": 58, "h": 63, "class": "pos"}, {"x": 18244, "y": 8423, "w": 76, "h": 91, "class": "pos"}, {"x": 18581, "y": 8823, "w": 27, "h": 34, "class": "pos"}, {"x": 19231, "y": 8873, "w": 66, "h": 62, "class": "pos"}, {"x": 19033, "y": 8709, "w": 39, "h": 60, "class": "pos"}, {"x": 20373, "y": 9316, "w": 45, "h": 39, "class": "pos"}, {"x": 20308, "y": 9285, "w": 33, "h": 33, "class": "pos"}, {"x": 20009, "y": 9463, "w": 39, "h": 31, "class": "pos"}, {"x": 19789, "y": 9369, "w": 47, "h": 59, "class": "pos"}, {"x": 19087, "y": 9389, "w": 74, "h": 76, "class": "pos"}, {"x": 18734, "y": 9502, "w": 102, "h": 53, "class": "pos"}, {"x": 18924, "y": 9469, "w": 41, "h": 64, "class": "pos"}, {"x": 18134, "y": 10353, "w": 32, "h": 38, "class": "pos"}, {"x": 18138, "y": 10224, "w": 39, "h": 36, "class": "pos"}, {"x": 18515, "y": 10193, "w": 42, "h": 59, "class": "pos"}, {"x": 18528, "y": 10029, "w": 35, "h": 34, "class": "pos"}, {"x": 18996, "y": 9949, "w": 46, "h": 47, "class": "pos"}, {"x": 19097, "y": 9829, "w": 50, "h": 37, "class": "pos"}, {"x": 19201, "y": 9879, "w": 61, "h": 82, "class": "pos"}, {"x": 18908, "y": 9796, "w": 58, "h": 66, "class": "pos"}, {"x": 19263, "y": 10412, "w": 181, "h": 118, "class": "pos"}, {"x": 20894, "y": 10483, "w": 54, "h": 95, "class": "pos"}, {"x": 12787, "y": 19817, "w": 43, "h": 35, "class": "pos"}, {"x": 12701, "y": 19324, "w": 55, "h": 56, "class": "pos"}, {"x": 12742, "y": 19698, "w": 39, "h": 54, "class": "pos"}, {"x": 12806, "y": 19939, "w": 43, "h": 65, "class": "pos"}, {"x": 13215, "y": 19516, "w": 51, "h": 48, "class": "pos"}, {"x": 13951, "y": 19461, "w": 34, "h": 43, "class": "pos"}, {"x": 14951, "y": 19830, "w": 51, "h": 37, "class": "pos"}, {"x": 14451, "y": 19796, "w": 44, "h": 71, "class": "pos"}, {"x": 14497, "y": 19794, "w": 59, "h": 75, "class": "pos"}, {"x": 14387, "y": 19938, "w": 63, "h": 44, "class": "pos"}, {"x": 14229, "y": 19872, "w": 69, "h": 36, "class": "pos"}, {"x": 12971, "y": 19667, "w": 154, "h": 158, "class": "pos"}, {"x": 12703, "y": 20255, "w": 41, "h": 35, "class": "pos"}, {"x": 13754, "y": 20185, "w": 50, "h": 49, "class": "pos"}, {"x": 13571, "y": 20168, "w": 57, "h": 43, "class": "pos"}, {"x": 13194, "y": 20235, "w": 65, "h": 42, "class": "pos"}, {"x": 14899, "y": 20060, "w": 43, "h": 34, "class": "pos"}, {"x": 15238, "y": 20331, "w": 41, "h": 46, "class": "pos"}, {"x": 14350, "y": 20687, "w": 73, "h": 81, "class": "pos"}, {"x": 13539, "y": 20799, "w": 40, "h": 44, "class": "pos"}, {"x": 14613, "y": 21016, "w": 39, "h": 36, "class": "pos"}, {"x": 14287, "y": 21674, "w": 128, "h": 108, "class": "pos"}, {"x": 13630, "y": 21735, "w": 65, "h": 50, "class": "pos"}, {"x": 13569, "y": 22388, "w": 39, "h": 44, "class": "pos"}, {"x": 13288, "y": 21952, "w": 61, "h": 73, "class": "pos"}, {"x": 12997, "y": 22185, "w": 46, "h": 63, "class": "pos"}, {"x": 15140, "y": 21799, "w": 61, "h": 59, "class": "pos"}, {"x": 10883, "y": 7836, "w": 42, "h": 41, "class": "pos"}, {"x": 11259, "y": 8794, "w": 39, "h": 40, "class": "pos"}, {"x": 18372, "y": 7850, "w": 40, "h": 38, "class": "pos"}, {"x": 19152, "y": 9835, "w": 34, "h": 46, "class": "pos"}, {"x": 18551, "y": 10170, "w": 42, "h": 33, "class": "pos"}]