[{"x": 31732, "y": 40894, "w": 87, "h": 97, "class": "pos"}, {"x": 28657, "y": 38376, "w": 3683, "h": 3450, "class": "roi"}, {"x": 29348, "y": 39397, "w": 122, "h": 138, "class": "pos"}, {"x": 19639, "y": 37972, "w": 180, "h": 170, "class": "pos"}, {"x": 20240, "y": 38401, "w": 180, "h": 241, "class": "pos"}, {"x": 15568, "y": 34440, "w": 5293, "h": 4537, "class": "roi"}, {"x": 15653, "y": 20631, "w": 134, "h": 151, "class": "pos"}, {"x": 12241, "y": 17285, "w": 3789, "h": 3609, "class": "roi"}, {"x": 14308, "y": 20083, "w": 181, "h": 183, "class": "pos"}, {"x": 13197, "y": 19847, "w": 203, "h": 148, "class": "pos"}]