[{"x": 29619, "y": 26358, "w": 396, "h": 400, "class": "pos"}, {"x": 32943, "y": 28684, "w": 222, "h": 166, "class": "pos"}, {"x": 32922, "y": 29005, "w": 285, "h": 414, "class": "pos"}, {"x": 32415, "y": 29744, "w": 77, "h": 138, "class": "pos"}, {"x": 31935, "y": 28476, "w": 116, "h": 112, "class": "pos"}, {"x": 26222, "y": 24136, "w": 9080, "h": 8779, "class": "roi"}, {"x": 33855, "y": 24205, "w": 278, "h": 344, "class": "pos"}, {"x": 31884, "y": 31766, "w": 179, "h": 232, "class": "pos"}, {"x": 29893, "y": 30850, "w": 246, "h": 372, "class": "pos"}, {"x": 26782, "y": 30715, "w": 116, "h": 155, "class": "pos"}, {"x": 27490, "y": 31256, "w": 117, "h": 125, "class": "pos"}, {"x": 26265, "y": 31974, "w": 129, "h": 152, "class": "pos"}, {"x": 29871, "y": 26712, "w": 325, "h": 354, "class": "pos"}, {"x": 33819, "y": 24548, "w": 244, "h": 158, "class": "pos"}]