[{"x": 5847, "y": 2723, "w": 5039, "h": 4828, "class": "roi"}, {"x": 7775, "y": 3881, "w": 166, "h": 172, "class": "pos"}, {"x": 8301, "y": 4317, "w": 219, "h": 105, "class": "pos"}, {"x": 5986, "y": 5319, "w": 150, "h": 156, "class": "pos"}, {"x": 12524, "y": 2159, "w": 3303, "h": 3759, "class": "roi"}, {"x": 13164, "y": 2986, "w": 231, "h": 158, "class": "pos"}, {"x": 16409, "y": 5695, "w": 5745, "h": 4757, "class": "roi"}, {"x": 16790, "y": 7935, "w": 196, "h": 188, "class": "pos"}, {"x": 19990, "y": 6554, "w": 120, "h": 88, "class": "pos"}, {"x": 20137, "y": 7328, "w": 136, "h": 115, "class": "pos"}, {"x": 20102, "y": 9957, "w": 30, "h": 90, "class": "pos"}]