[{"x": 19207, "y": 19193, "w": 3559, "h": 4955, "class": "roi"}, {"x": 26252, "y": 14768, "w": 3394, "h": 4420, "class": "roi"}, {"x": 21316, "y": 19406, "w": 187, "h": 202, "class": "pos"}, {"x": 22198, "y": 19594, "w": 128, "h": 128, "class": "pos"}, {"x": 21288, "y": 19892, "w": 62, "h": 58, "class": "pos"}, {"x": 20824, "y": 20431, "w": 41, "h": 56, "class": "pos"}, {"x": 20412, "y": 20193, "w": 180, "h": 198, "class": "pos"}, {"x": 20096, "y": 20288, "w": 40, "h": 27, "class": "pos"}, {"x": 19322, "y": 20340, "w": 103, "h": 136, "class": "pos"}, {"x": 20000, "y": 21097, "w": 162, "h": 152, "class": "pos"}, {"x": 22127, "y": 21987, "w": 519, "h": 224, "class": "pos"}, {"x": 22537, "y": 22356, "w": 33, "h": 52, "class": "pos"}, {"x": 19980, "y": 22388, "w": 279, "h": 267, "class": "pos"}, {"x": 21193, "y": 23775, "w": 77, "h": 43, "class": "pos"}, {"x": 21128, "y": 23489, "w": 132, "h": 113, "class": "pos"}, {"x": 21843, "y": 23409, "w": 52, "h": 41, "class": "pos"}, {"x": 22589, "y": 23225, "w": 67, "h": 67, "class": "pos"}, {"x": 22288, "y": 22909, "w": 40, "h": 59, "class": "pos"}, {"x": 22521, "y": 22757, "w": 61, "h": 42, "class": "pos"}, {"x": 27276, "y": 16764, "w": 150, "h": 287, "class": "pos"}, {"x": 26623, "y": 17090, "w": 87, "h": 174, "class": "pos"}, {"x": 26534, "y": 15769, "w": 51, "h": 55, "class": "pos"}, {"x": 28474, "y": 15657, "w": 98, "h": 180, "class": "pos"}, {"x": 27556, "y": 17156, "w": 48, "h": 41, "class": "pos"}, {"x": 27361, "y": 17276, "w": 194, "h": 133, "class": "pos"}, {"x": 27553, "y": 18083, "w": 45, "h": 69, "class": "pos"}, {"x": 26763, "y": 18297, "w": 46, "h": 34, "class": "pos"}, {"x": 28458, "y": 18408, "w": 76, "h": 99, "class": "pos"}, {"x": 29493, "y": 18685, "w": 105, "h": 137, "class": "pos"}, {"x": 26608, "y": 18943, "w": 45, "h": 61, "class": "pos"}, {"x": 26930, "y": 19064, "w": 72, "h": 79, "class": "pos"}, {"x": 27560, "y": 17191, "w": 70, "h": 41, "class": "pos"}]