[{"x": 3527, "y": 11168, "w": 10665, "h": 6170, "class": "roi"}, {"x": 19135, "y": 16278, "w": 7231, "h": 6114, "class": "roi"}, {"x": 24800, "y": 17936, "w": 101, "h": 101, "class": "pos"}, {"x": 23395, "y": 19666, "w": 123, "h": 119, "class": "pos"}, {"x": 21691, "y": 21520, "w": 65, "h": 96, "class": "pos"}, {"x": 21603, "y": 16918, "w": 73, "h": 162, "class": "pos"}, {"x": 19699, "y": 21605, "w": 307, "h": 239, "class": "pos"}, {"x": 12003, "y": 12592, "w": 150, "h": 308, "class": "pos"}, {"x": 11421, "y": 12731, "w": 105, "h": 207, "class": "pos"}, {"x": 12060, "y": 14028, "w": 125, "h": 92, "class": "pos"}, {"x": 13612, "y": 14309, "w": 71, "h": 87, "class": "pos"}, {"x": 13117, "y": 17020, "w": 138, "h": 113, "class": "pos"}, {"x": 12249, "y": 16568, "w": 67, "h": 62, "class": "pos"}, {"x": 12049, "y": 13196, "w": 60, "h": 90, "class": "pos"}, {"x": 9777, "y": 12126, "w": 170, "h": 137, "class": "pos"}, {"x": 8761, "y": 15437, "w": 106, "h": 155, "class": "pos"}, {"x": 8698, "y": 14030, "w": 136, "h": 114, "class": "pos"}, {"x": 8091, "y": 12737, "w": 107, "h": 85, "class": "pos"}, {"x": 6982, "y": 13479, "w": 160, "h": 168, "class": "pos"}, {"x": 5925, "y": 15371, "w": 58, "h": 67, "class": "pos"}, {"x": 3911, "y": 15124, "w": 215, "h": 141, "class": "pos"}, {"x": 4176, "y": 14313, "w": 163, "h": 146, "class": "pos"}]