[{"x": 18128, "y": 2603, "w": 6787, "h": 6136, "class": "roi"}, {"x": 18878, "y": 2802, "w": 81, "h": 89, "class": "pos"}, {"x": 22398, "y": 4206, "w": 88, "h": 109, "class": "pos"}, {"x": 18547, "y": 6047, "w": 123, "h": 95, "class": "pos"}, {"x": 18996, "y": 6365, "w": 286, "h": 169, "class": "pos"}, {"x": 23337, "y": 6009, "w": 88, "h": 131, "class": "pos"}, {"x": 22769, "y": 5726, "w": 165, "h": 137, "class": "pos"}, {"x": 18745, "y": 6595, "w": 56, "h": 84, "class": "pos"}, {"x": 4878, "y": 27207, "w": 8716, "h": 7438, "class": "roi"}, {"x": 9346, "y": 27630, "w": 345, "h": 132, "class": "pos"}, {"x": 7745, "y": 29271, "w": 35, "h": 102, "class": "pos"}, {"x": 11701, "y": 29715, "w": 51, "h": 95, "class": "pos"}, {"x": 5216, "y": 31072, "w": 78, "h": 63, "class": "pos"}, {"x": 9588, "y": 31617, "w": 122, "h": 176, "class": "pos"}, {"x": 11255, "y": 31844, "w": 66, "h": 50, "class": "pos"}, {"x": 11997, "y": 33193, "w": 111, "h": 103, "class": "pos"}, {"x": 11745, "y": 32704, "w": 87, "h": 85, "class": "pos"}, {"x": 9367, "y": 33606, "w": 70, "h": 66, "class": "pos"}, {"x": 6556, "y": 33232, "w": 136, "h": 102, "class": "pos"}, {"x": 38177, "y": 18356, "w": 7847, "h": 6398, "class": "roi"}, {"x": 40367, "y": 19394, "w": 130, "h": 141, "class": "pos"}, {"x": 39386, "y": 18473, "w": 105, "h": 70, "class": "pos"}, {"x": 43032, "y": 19752, "w": 69, "h": 47, "class": "pos"}, {"x": 41250, "y": 19515, "w": 59, "h": 132, "class": "pos"}, {"x": 38860, "y": 21391, "w": 142, "h": 136, "class": "pos"}, {"x": 43334, "y": 23675, "w": 336, "h": 228, "class": "pos"}, {"x": 39002, "y": 23529, "w": 168, "h": 173, "class": "pos"}, {"x": 39219, "y": 23614, "w": 124, "h": 346, "class": "pos"}, {"x": 45476, "y": 22971, "w": 78, "h": 70, "class": "pos"}, {"x": 45671, "y": 22429, "w": 119, "h": 106, "class": "pos"}, {"x": 45367, "y": 22442, "w": 148, "h": 117, "class": "pos"}, {"x": 45483, "y": 20463, "w": 143, "h": 121, "class": "pos"}]