[{"x": 13752, "y": 2593, "w": 4406, "h": 3339, "class": "roi"}, {"x": 17142, "y": 4845, "w": 148, "h": 114, "class": "pos"}, {"x": 17318, "y": 4717, "w": 200, "h": 160, "class": "pos"}, {"x": 21356, "y": 6976, "w": 4273, "h": 4505, "class": "roi"}, {"x": 22951, "y": 8880, "w": 344, "h": 199, "class": "pos"}, {"x": 27865, "y": 12605, "w": 4419, "h": 4724, "class": "roi"}, {"x": 29839, "y": 13922, "w": 120, "h": 208, "class": "pos"}, {"x": 41272, "y": 14508, "w": 5422, "h": 5092, "class": "roi"}, {"x": 43943, "y": 16451, "w": 211, "h": 228, "class": "pos"}]