[{"x": 26232, "y": 16203, "w": 81, "h": 119, "class": "pos"}, {"x": 26109, "y": 16646, "w": 187, "h": 91, "class": "pos"}, {"x": 25214, "y": 18067, "w": 168, "h": 127, "class": "pos"}, {"x": 22433, "y": 13273, "w": 19998, "h": 6254, "class": "roi"}, {"x": 24538, "y": 14536, "w": 74, "h": 35, "class": "pos"}, {"x": 29264, "y": 14696, "w": 87, "h": 103, "class": "pos"}, {"x": 29304, "y": 14253, "w": 139, "h": 155, "class": "pos"}, {"x": 28171, "y": 16100, "w": 131, "h": 90, "class": "pos"}, {"x": 29833, "y": 18198, "w": 164, "h": 156, "class": "pos"}, {"x": 32302, "y": 16797, "w": 233, "h": 161, "class": "pos"}, {"x": 30820, "y": 14529, "w": 168, "h": 214, "class": "pos"}, {"x": 35570, "y": 15200, "w": 302, "h": 219, "class": "pos"}, {"x": 36019, "y": 14137, "w": 165, "h": 157, "class": "pos"}, {"x": 35923, "y": 13680, "w": 53, "h": 52, "class": "pos"}, {"x": 35838, "y": 17455, "w": 55, "h": 50, "class": "pos"}, {"x": 35895, "y": 18002, "w": 78, "h": 50, "class": "pos"}, {"x": 35729, "y": 18604, "w": 175, "h": 107, "class": "pos"}, {"x": 39777, "y": 13918, "w": 218, "h": 124, "class": "pos"}, {"x": 39758, "y": 14849, "w": 123, "h": 137, "class": "pos"}, {"x": 39322, "y": 14660, "w": 186, "h": 148, "class": "pos"}, {"x": 38715, "y": 14348, "w": 88, "h": 104, "class": "pos"}, {"x": 39691, "y": 16735, "w": 80, "h": 83, "class": "pos"}, {"x": 40055, "y": 16639, "w": 59, "h": 147, "class": "pos"}, {"x": 40965, "y": 16809, "w": 221, "h": 179, "class": "pos"}, {"x": 40653, "y": 17238, "w": 78, "h": 71, "class": "pos"}, {"x": 39583, "y": 19320, "w": 102, "h": 112, "class": "pos"}, {"x": 41789, "y": 19102, "w": 181, "h": 103, "class": "pos"}, {"x": 42054, "y": 18497, "w": 73, "h": 57, "class": "pos"}, {"x": 41858, "y": 13798, "w": 147, "h": 60, "class": "pos"}, {"x": 5183, "y": 30984, "w": 155, "h": 89, "class": "pos"}, {"x": 4349, "y": 30993, "w": 46, "h": 62, "class": "pos"}, {"x": 4297, "y": 31340, "w": 63, "h": 44, "class": "pos"}, {"x": 3901, "y": 30850, "w": 60, "h": 38, "class": "pos"}, {"x": 3291, "y": 27140, "w": 7970, "h": 5931, "class": "roi"}, {"x": 9273, "y": 31872, "w": 143, "h": 135, "class": "pos"}, {"x": 9291, "y": 32774, "w": 157, "h": 146, "class": "pos"}, {"x": 9229, "y": 32517, "w": 46, "h": 66, "class": "pos"}, {"x": 10441, "y": 29512, "w": 63, "h": 58, "class": "pos"}, {"x": 6859, "y": 32903, "w": 156, "h": 148, "class": "pos"}, {"x": 4538, "y": 29742, "w": 155, "h": 191, "class": "pos"}]