[{"x": 9553, "y": 20035, "w": 4733, "h": 4466, "class": "roi"}, {"x": 13910, "y": 22741, "w": 143, "h": 142, "class": "pos"}, {"x": 13613, "y": 23440, "w": 377, "h": 226, "class": "pos"}, {"x": 13540, "y": 23762, "w": 99, "h": 75, "class": "pos"}, {"x": 13297, "y": 22992, "w": 156, "h": 77, "class": "pos"}, {"x": 14029, "y": 23672, "w": 75, "h": 84, "class": "pos"}, {"x": 13968, "y": 23576, "w": 92, "h": 77, "class": "pos"}, {"x": 13123, "y": 23978, "w": 99, "h": 126, "class": "pos"}, {"x": 13599, "y": 23372, "w": 96, "h": 79, "class": "pos"}, {"x": 9613, "y": 24138, "w": 102, "h": 83, "class": "pos"}, {"x": 10476, "y": 23012, "w": 86, "h": 137, "class": "pos"}, {"x": 10061, "y": 22805, "w": 95, "h": 100, "class": "pos"}, {"x": 9633, "y": 22236, "w": 150, "h": 95, "class": "pos"}, {"x": 10553, "y": 22646, "w": 161, "h": 159, "class": "pos"}, {"x": 10172, "y": 21888, "w": 89, "h": 110, "class": "pos"}, {"x": 9703, "y": 21593, "w": 252, "h": 255, "class": "pos"}, {"x": 11775, "y": 21337, "w": 220, "h": 112, "class": "pos"}, {"x": 12227, "y": 21957, "w": 93, "h": 112, "class": "pos"}, {"x": 10304, "y": 20142, "w": 165, "h": 143, "class": "pos"}, {"x": 11058, "y": 20310, "w": 120, "h": 136, "class": "pos"}, {"x": 18271, "y": 15359, "w": 4841, "h": 4555, "class": "roi"}, {"x": 22525, "y": 19741, "w": 140, "h": 144, "class": "pos"}, {"x": 22383, "y": 19288, "w": 38, "h": 46, "class": "pos"}, {"x": 21772, "y": 19610, "w": 173, "h": 132, "class": "pos"}, {"x": 20210, "y": 19236, "w": 123, "h": 57, "class": "pos"}, {"x": 19432, "y": 19072, "w": 108, "h": 150, "class": "pos"}, {"x": 21773, "y": 18087, "w": 100, "h": 68, "class": "pos"}, {"x": 18401, "y": 17421, "w": 92, "h": 120, "class": "pos"}, {"x": 19370, "y": 17308, "w": 148, "h": 117, "class": "pos"}, {"x": 19233, "y": 17158, "w": 121, "h": 93, "class": "pos"}, {"x": 19202, "y": 16950, "w": 63, "h": 67, "class": "pos"}, {"x": 19716, "y": 16913, "w": 88, "h": 130, "class": "pos"}, {"x": 20154, "y": 16884, "w": 152, "h": 63, "class": "pos"}, {"x": 19954, "y": 16507, "w": 90, "h": 84, "class": "pos"}, {"x": 20154, "y": 16589, "w": 172, "h": 108, "class": "pos"}, {"x": 20579, "y": 17002, "w": 45, "h": 36, "class": "pos"}, {"x": 21476, "y": 16966, "w": 80, "h": 75, "class": "pos"}, {"x": 21755, "y": 17112, "w": 64, "h": 73, "class": "pos"}, {"x": 22034, "y": 17117, "w": 38, "h": 67, "class": "pos"}, {"x": 22995, "y": 16865, "w": 110, "h": 152, "class": "pos"}, {"x": 22464, "y": 16599, "w": 76, "h": 88, "class": "pos"}, {"x": 22617, "y": 16638, "w": 32, "h": 44, "class": "pos"}, {"x": 22449, "y": 16041, "w": 74, "h": 105, "class": "pos"}, {"x": 22247, "y": 15393, "w": 183, "h": 128, "class": "pos"}, {"x": 22951, "y": 15953, "w": 158, "h": 194, "class": "pos"}, {"x": 22060, "y": 15624, "w": 19, "h": 44, "class": "pos"}, {"x": 20835, "y": 15918, "w": 82, "h": 84, "class": "pos"}, {"x": 21086, "y": 15755, "w": 62, "h": 72, "class": "pos"}, {"x": 20382, "y": 16008, "w": 99, "h": 63, "class": "pos"}, {"x": 20177, "y": 15845, "w": 44, "h": 47, "class": "pos"}, {"x": 19942, "y": 15913, "w": 93, "h": 75, "class": "pos"}, {"x": 19322, "y": 16008, "w": 53, "h": 37, "class": "pos"}, {"x": 18294, "y": 15751, "w": 150, "h": 144, "class": "pos"}, {"x": 18768, "y": 15383, "w": 141, "h": 155, "class": "pos"}, {"x": 19219, "y": 15363, "w": 86, "h": 83, "class": "pos"}, {"x": 14889, "y": 9702, "w": 95, "h": 75, "class": "pos"}, {"x": 14006, "y": 9337, "w": 3966, "h": 2935, "class": "roi"}, {"x": 15560, "y": 9827, "w": 68, "h": 57, "class": "pos"}, {"x": 15222, "y": 9831, "w": 38, "h": 53, "class": "pos"}, {"x": 16085, "y": 9481, "w": 84, "h": 111, "class": "pos"}, {"x": 15659, "y": 9601, "w": 152, "h": 67, "class": "pos"}, {"x": 16120, "y": 9901, "w": 56, "h": 94, "class": "pos"}, {"x": 16285, "y": 10098, "w": 81, "h": 92, "class": "pos"}, {"x": 16151, "y": 10078, "w": 44, "h": 41, "class": "pos"}, {"x": 16632, "y": 9456, "w": 43, "h": 100, "class": "pos"}, {"x": 16392, "y": 9517, "w": 38, "h": 47, "class": "pos"}, {"x": 16519, "y": 9580, "w": 112, "h": 95, "class": "pos"}, {"x": 16677, "y": 9931, "w": 160, "h": 151, "class": "pos"}, {"x": 17131, "y": 9510, "w": 72, "h": 104, "class": "pos"}, {"x": 17081, "y": 10376, "w": 127, "h": 84, "class": "pos"}, {"x": 17499, "y": 12065, "w": 67, "h": 114, "class": "pos"}, {"x": 16423, "y": 12017, "w": 66, "h": 74, "class": "pos"}, {"x": 14118, "y": 10053, "w": 39, "h": 38, "class": "pos"}, {"x": 14059, "y": 10267, "w": 59, "h": 81, "class": "pos"}, {"x": 14273, "y": 9982, "w": 108, "h": 57, "class": "pos"}, {"x": 14770, "y": 10074, "w": 120, "h": 49, "class": "pos"}, {"x": 14267, "y": 10385, "w": 217, "h": 174, "class": "pos"}, {"x": 15119, "y": 10343, "w": 86, "h": 135, "class": "pos"}, {"x": 14015, "y": 11534, "w": 113, "h": 111, "class": "pos"}, {"x": 16486, "y": 11960, "w": 78, "h": 87, "class": "pos"}, {"x": 17009, "y": 11483, "w": 54, "h": 68, "class": "pos"}, {"x": 17576, "y": 11356, "w": 53, "h": 103, "class": "pos"}, {"x": 17204, "y": 10711, "w": 88, "h": 54, "class": "pos"}, {"x": 16485, "y": 11450, "w": 78, "h": 82, "class": "pos"}, {"x": 16141, "y": 10660, "w": 124, "h": 139, "class": "pos"}, {"x": 15818, "y": 10502, "w": 129, "h": 134, "class": "pos"}, {"x": 15803, "y": 10865, "w": 81, "h": 82, "class": "pos"}, {"x": 15782, "y": 11070, "w": 126, "h": 72, "class": "pos"}, {"x": 14860, "y": 10017, "w": 23, "h": 25, "class": "pos"}, {"x": 15036, "y": 10386, "w": 78, "h": 63, "class": "pos"}]