[{"x": 19676, "y": 28115, "w": 568, "h": 261, "class": "pos"}, {"x": 15315, "y": 25063, "w": 5410, "h": 5410, "class": "roi"}, {"x": 19317, "y": 36328, "w": 302, "h": 342, "class": "pos"}, {"x": 17880, "y": 33185, "w": 4461, "h": 4517, "class": "roi"}, {"x": 31241, "y": 41322, "w": 82, "h": 64, "class": "pos"}, {"x": 30900, "y": 38860, "w": 4050, "h": 3541, "class": "roi"}, {"x": 8003, "y": 7292, "w": 10073, "h": 8578, "class": "roi"}, {"x": 8429, "y": 9779, "w": 159, "h": 219, "class": "pos"}, {"x": 8102, "y": 14311, "w": 246, "h": 139, "class": "pos"}, {"x": 19619, "y": 36481, "w": 214, "h": 185, "class": "pos"}]