[{"x": 25162, "y": 4876, "w": 135, "h": 295, "class": "pos"}, {"x": 22292, "y": 3405, "w": 5342, "h": 4340, "class": "roi"}, {"x": 31672, "y": 13385, "w": 499, "h": 424, "class": "pos"}, {"x": 28002, "y": 11509, "w": 4334, "h": 3151, "class": "roi"}, {"x": 22918, "y": 23543, "w": 168, "h": 204, "class": "pos"}, {"x": 19904, "y": 22259, "w": 3617, "h": 4173, "class": "roi"}, {"x": 20276, "y": 24209, "w": 119, "h": 149, "class": "pos"}, {"x": 24424, "y": 29409, "w": 198, "h": 183, "class": "pos"}, {"x": 22960, "y": 27545, "w": 4785, "h": 2782, "class": "roi"}, {"x": 16015, "y": 32015, "w": 143, "h": 139, "class": "pos"}, {"x": 11330, "y": 29364, "w": 5064, "h": 4117, "class": "roi"}, {"x": 14237, "y": 31253, "w": 105, "h": 112, "class": "pos"}]