[{"x": 10989, "y": 5720, "w": 275, "h": 146, "class": "pos"}, {"x": 9848, "y": 5006, "w": 3728, "h": 3275, "class": "roi"}, {"x": 11155, "y": 5098, "w": 110, "h": 109, "class": "pos"}, {"x": 12607, "y": 5132, "w": 61, "h": 74, "class": "pos"}, {"x": 11971, "y": 5547, "w": 133, "h": 84, "class": "pos"}, {"x": 12058, "y": 5750, "w": 131, "h": 129, "class": "pos"}, {"x": 12419, "y": 6148, "w": 83, "h": 51, "class": "pos"}, {"x": 12252, "y": 6021, "w": 136, "h": 152, "class": "pos"}, {"x": 12854, "y": 7544, "w": 127, "h": 116, "class": "pos"}, {"x": 10748, "y": 7860, "w": 149, "h": 179, "class": "pos"}, {"x": 9915, "y": 8000, "w": 142, "h": 194, "class": "pos"}, {"x": 10107, "y": 7702, "w": 145, "h": 136, "class": "pos"}, {"x": 11098, "y": 7321, "w": 126, "h": 88, "class": "pos"}, {"x": 11663, "y": 7088, "w": 341, "h": 190, "class": "pos"}, {"x": 12464, "y": 6757, "w": 101, "h": 81, "class": "pos"}, {"x": 12008, "y": 6475, "w": 198, "h": 157, "class": "pos"}, {"x": 11878, "y": 6166, "w": 145, "h": 186, "class": "pos"}, {"x": 9853, "y": 5809, "w": 302, "h": 288, "class": "pos"}, {"x": 13081, "y": 5900, "w": 246, "h": 141, "class": "pos"}, {"x": 12077, "y": 11043, "w": 196, "h": 256, "class": "pos"}, {"x": 10560, "y": 9763, "w": 4432, "h": 3399, "class": "roi"}, {"x": 14493, "y": 11249, "w": 183, "h": 231, "class": "pos"}, {"x": 11977, "y": 11832, "w": 157, "h": 132, "class": "pos"}, {"x": 10805, "y": 11728, "w": 70, "h": 118, "class": "pos"}, {"x": 11046, "y": 11868, "w": 205, "h": 287, "class": "pos"}, {"x": 12219, "y": 12894, "w": 151, "h": 155, "class": "pos"}, {"x": 13488, "y": 12773, "w": 304, "h": 141, "class": "pos"}, {"x": 14797, "y": 12788, "w": 158, "h": 158, "class": "pos"}, {"x": 13823, "y": 11974, "w": 175, "h": 107, "class": "pos"}]