[{"x": 26391, "y": 2552, "w": 3596, "h": 3377, "class": "roi"}, {"x": 29253, "y": 3065, "w": 141, "h": 137, "class": "pos"}, {"x": 28918, "y": 3408, "w": 436, "h": 398, "class": "pos"}, {"x": 7645, "y": 7596, "w": 189, "h": 98, "class": "pos"}, {"x": 7539, "y": 7235, "w": 3693, "h": 3384, "class": "roi"}, {"x": 7784, "y": 7438, "w": 98, "h": 68, "class": "pos"}, {"x": 8428, "y": 7261, "w": 122, "h": 98, "class": "pos"}, {"x": 8118, "y": 7323, "w": 110, "h": 123, "class": "pos"}, {"x": 22918, "y": 17868, "w": 95, "h": 95, "class": "pos"}, {"x": 20708, "y": 17084, "w": 3655, "h": 3295, "class": "roi"}]