[{"x": 19569, "y": 31548, "w": 4489, "h": 4297, "class": "roi"}, {"x": 20086, "y": 33485, "w": 279, "h": 344, "class": "pos"}, {"x": 20674, "y": 34021, "w": 329, "h": 322, "class": "pos"}, {"x": 20227, "y": 34738, "w": 217, "h": 200, "class": "pos"}, {"x": 20558, "y": 35176, "w": 83, "h": 125, "class": "pos"}, {"x": 21644, "y": 35606, "w": 211, "h": 220, "class": "pos"}, {"x": 20712, "y": 32653, "w": 49, "h": 67, "class": "pos"}, {"x": 22092, "y": 31599, "w": 455, "h": 559, "class": "pos"}, {"x": 22425, "y": 32421, "w": 92, "h": 83, "class": "pos"}, {"x": 22607, "y": 34631, "w": 103, "h": 126, "class": "pos"}, {"x": 23757, "y": 32607, "w": 275, "h": 299, "class": "pos"}, {"x": 23451, "y": 32222, "w": 115, "h": 108, "class": "pos"}, {"x": 16448, "y": 12782, "w": 6294, "h": 5162, "class": "roi"}, {"x": 16596, "y": 12826, "w": 171, "h": 336, "class": "pos"}, {"x": 16847, "y": 15930, "w": 108, "h": 124, "class": "pos"}, {"x": 16811, "y": 17038, "w": 106, "h": 144, "class": "pos"}, {"x": 16923, "y": 16674, "w": 59, "h": 87, "class": "pos"}, {"x": 18815, "y": 17635, "w": 246, "h": 207, "class": "pos"}, {"x": 19378, "y": 15367, "w": 385, "h": 425, "class": "pos"}, {"x": 19224, "y": 13867, "w": 114, "h": 115, "class": "pos"}, {"x": 20249, "y": 14035, "w": 148, "h": 147, "class": "pos"}, {"x": 20161, "y": 15030, "w": 101, "h": 156, "class": "pos"}, {"x": 20372, "y": 16587, "w": 121, "h": 115, "class": "pos"}, {"x": 22446, "y": 15030, "w": 295, "h": 333, "class": "pos"}, {"x": 21907, "y": 13827, "w": 471, "h": 424, "class": "pos"}, {"x": 21356, "y": 13484, "w": 59, "h": 52, "class": "pos"}]