[{"x": 16438, "y": 5354, "w": 206, "h": 229, "class": "pos"}, {"x": 14635, "y": 4374, "w": 7221, "h": 5467, "class": "roi"}, {"x": 16032, "y": 7628, "w": 145, "h": 77, "class": "pos"}, {"x": 16170, "y": 9537, "w": 100, "h": 174, "class": "pos"}, {"x": 16446, "y": 9242, "w": 89, "h": 78, "class": "pos"}, {"x": 17153, "y": 9408, "w": 58, "h": 61, "class": "pos"}, {"x": 18026, "y": 9542, "w": 205, "h": 181, "class": "pos"}, {"x": 21134, "y": 4528, "w": 61, "h": 68, "class": "pos"}, {"x": 21479, "y": 5931, "w": 140, "h": 171, "class": "pos"}, {"x": 17659, "y": 32167, "w": 9248, "h": 9016, "class": "roi"}, {"x": 20029, "y": 34622, "w": 216, "h": 117, "class": "pos"}, {"x": 18347, "y": 33014, "w": 176, "h": 111, "class": "pos"}, {"x": 25317, "y": 34996, "w": 137, "h": 113, "class": "pos"}, {"x": 23415, "y": 35888, "w": 120, "h": 126, "class": "pos"}, {"x": 18280, "y": 35593, "w": 265, "h": 106, "class": "pos"}, {"x": 22850, "y": 37573, "w": 207, "h": 194, "class": "pos"}, {"x": 26114, "y": 37218, "w": 125, "h": 280, "class": "pos"}, {"x": 18457, "y": 38970, "w": 74, "h": 104, "class": "pos"}, {"x": 19677, "y": 39859, "w": 126, "h": 94, "class": "pos"}, {"x": 21102, "y": 40350, "w": 229, "h": 334, "class": "pos"}, {"x": 38809, "y": 32101, "w": 118, "h": 163, "class": "pos"}, {"x": 32219, "y": 27442, "w": 7503, "h": 5700, "class": "roi"}, {"x": 33077, "y": 32959, "w": 120, "h": 126, "class": "pos"}, {"x": 36925, "y": 32365, "w": 191, "h": 163, "class": "pos"}, {"x": 37740, "y": 32132, "w": 129, "h": 120, "class": "pos"}, {"x": 35151, "y": 30572, "w": 219, "h": 245, "class": "pos"}, {"x": 32511, "y": 30122, "w": 227, "h": 342, "class": "pos"}, {"x": 35329, "y": 29679, "w": 99, "h": 228, "class": "pos"}, {"x": 33277, "y": 28926, "w": 149, "h": 166, "class": "pos"}]