[{"x": 20926, "y": 19008, "w": 325, "h": 398, "class": "pos"}, {"x": 17753, "y": 17697, "w": 4368, "h": 3344, "class": "roi"}, {"x": 14791, "y": 30028, "w": 4243, "h": 4243, "class": "roi"}, {"x": 17021, "y": 31489, "w": 67, "h": 91, "class": "pos"}, {"x": 16914, "y": 32084, "w": 79, "h": 85, "class": "pos"}, {"x": 16734, "y": 32111, "w": 56, "h": 80, "class": "pos"}, {"x": 16816, "y": 31844, "w": 90, "h": 83, "class": "pos"}, {"x": 16866, "y": 31473, "w": 54, "h": 63, "class": "pos"}, {"x": 16898, "y": 31734, "w": 102, "h": 141, "class": "pos"}, {"x": 41016, "y": 14299, "w": 3608, "h": 3423, "class": "roi"}, {"x": 44339, "y": 15303, "w": 93, "h": 75, "class": "pos"}, {"x": 43010, "y": 15641, "w": 110, "h": 115, "class": "pos"}, {"x": 42573, "y": 17431, "w": 118, "h": 136, "class": "pos"}, {"x": 44531, "y": 17443, "w": 76, "h": 64, "class": "pos"}, {"x": 43139, "y": 15779, "w": 55, "h": 62, "class": "pos"}, {"x": 20951, "y": 19407, "w": 230, "h": 245, "class": "pos"}]