[{"x": 12699, "y": 6600, "w": 7173, "h": 8305, "class": "roi"}, {"x": 13853, "y": 7329, "w": 104, "h": 128, "class": "pos"}, {"x": 13687, "y": 7570, "w": 85, "h": 76, "class": "pos"}, {"x": 16069, "y": 8282, "w": 122, "h": 172, "class": "pos"}, {"x": 17351, "y": 7744, "w": 106, "h": 103, "class": "pos"}, {"x": 19195, "y": 8198, "w": 204, "h": 330, "class": "pos"}, {"x": 18695, "y": 8524, "w": 146, "h": 124, "class": "pos"}, {"x": 14943, "y": 9892, "w": 36, "h": 61, "class": "pos"}, {"x": 14340, "y": 9368, "w": 61, "h": 84, "class": "pos"}, {"x": 14114, "y": 10755, "w": 100, "h": 134, "class": "pos"}, {"x": 14932, "y": 11190, "w": 132, "h": 82, "class": "pos"}, {"x": 16493, "y": 11060, "w": 138, "h": 128, "class": "pos"}, {"x": 17810, "y": 10991, "w": 178, "h": 201, "class": "pos"}, {"x": 18720, "y": 12772, "w": 47, "h": 107, "class": "pos"}, {"x": 17917, "y": 11743, "w": 98, "h": 94, "class": "pos"}, {"x": 12720, "y": 14603, "w": 153, "h": 107, "class": "pos"}, {"x": 12838, "y": 14509, "w": 183, "h": 124, "class": "pos"}, {"x": 6105, "y": 29791, "w": 6739, "h": 8475, "class": "roi"}, {"x": 6936, "y": 30551, "w": 178, "h": 180, "class": "pos"}, {"x": 7901, "y": 30227, "w": 247, "h": 221, "class": "pos"}, {"x": 8198, "y": 29907, "w": 306, "h": 185, "class": "pos"}, {"x": 9238, "y": 30553, "w": 321, "h": 239, "class": "pos"}, {"x": 8872, "y": 30597, "w": 98, "h": 84, "class": "pos"}, {"x": 10073, "y": 30627, "w": 151, "h": 83, "class": "pos"}, {"x": 10525, "y": 30402, "w": 127, "h": 99, "class": "pos"}, {"x": 11660, "y": 31445, "w": 133, "h": 143, "class": "pos"}, {"x": 7536, "y": 31190, "w": 86, "h": 103, "class": "pos"}, {"x": 7565, "y": 31721, "w": 97, "h": 77, "class": "pos"}, {"x": 8739, "y": 32291, "w": 118, "h": 104, "class": "pos"}, {"x": 11032, "y": 33390, "w": 214, "h": 231, "class": "pos"}, {"x": 12096, "y": 34052, "w": 94, "h": 144, "class": "pos"}, {"x": 11380, "y": 34199, "w": 188, "h": 208, "class": "pos"}, {"x": 11075, "y": 34723, "w": 184, "h": 270, "class": "pos"}, {"x": 8834, "y": 36049, "w": 221, "h": 394, "class": "pos"}, {"x": 9976, "y": 36741, "w": 257, "h": 243, "class": "pos"}]