[{"x": 15033, "y": 23334, "w": 314, "h": 306, "class": "pos"}, {"x": 13693, "y": 22593, "w": 3513, "h": 3360, "class": "roi"}, {"x": 16924, "y": 22926, "w": 228, "h": 189, "class": "pos"}, {"x": 15419, "y": 25202, "w": 506, "h": 159, "class": "pos"}, {"x": 14140, "y": 25500, "w": 237, "h": 218, "class": "pos"}, {"x": 13928, "y": 25241, "w": 130, "h": 117, "class": "pos"}, {"x": 14015, "y": 24946, "w": 168, "h": 214, "class": "pos"}, {"x": 30694, "y": 5690, "w": 167, "h": 301, "class": "pos"}, {"x": 30368, "y": 5977, "w": 347, "h": 316, "class": "pos"}, {"x": 28121, "y": 4690, "w": 3174, "h": 3199, "class": "roi"}, {"x": 30916, "y": 4903, "w": 150, "h": 169, "class": "pos"}, {"x": 45180, "y": 21746, "w": 124, "h": 112, "class": "pos"}, {"x": 42559, "y": 21613, "w": 3309, "h": 3206, "class": "roi"}, {"x": 38555, "y": 32154, "w": 3292, "h": 3263, "class": "roi"}, {"x": 41348, "y": 32873, "w": 292, "h": 336, "class": "pos"}, {"x": 17188, "y": 36616, "w": 323, "h": 469, "class": "pos"}, {"x": 14559, "y": 36555, "w": 3369, "h": 3611, "class": "roi"}, {"x": 14842, "y": 39293, "w": 136, "h": 213, "class": "pos"}, {"x": 15360, "y": 23435, "w": 152, "h": 169, "class": "pos"}]