[{"x": 33147, "y": 4708, "w": 3386, "h": 3122, "class": "roi"}, {"x": 36103, "y": 6328, "w": 149, "h": 100, "class": "pos"}, {"x": 21011, "y": 6958, "w": 3549, "h": 3885, "class": "roi"}, {"x": 23422, "y": 8475, "w": 203, "h": 202, "class": "pos"}, {"x": 16291, "y": 7203, "w": 4000, "h": 3485, "class": "roi"}, {"x": 19119, "y": 8964, "w": 435, "h": 272, "class": "pos"}, {"x": 30565, "y": 16432, "w": 3255, "h": 3175, "class": "roi"}, {"x": 32383, "y": 18114, "w": 112, "h": 104, "class": "pos"}, {"x": 27229, "y": 16247, "w": 3212, "h": 2774, "class": "roi"}, {"x": 29754, "y": 17595, "w": 108, "h": 183, "class": "pos"}, {"x": 28954, "y": 17318, "w": 119, "h": 87, "class": "pos"}]