[{"x": 9472, "y": 3735, "w": 3401, "h": 3326, "class": "roi"}, {"x": 11371, "y": 5037, "w": 148, "h": 171, "class": "pos"}, {"x": 11704, "y": 4318, "w": 161, "h": 193, "class": "pos"}, {"x": 12113, "y": 5784, "w": 80, "h": 125, "class": "pos"}, {"x": 11737, "y": 6403, "w": 80, "h": 72, "class": "pos"}, {"x": 11815, "y": 6607, "w": 68, "h": 57, "class": "pos"}, {"x": 10770, "y": 5946, "w": 77, "h": 91, "class": "pos"}, {"x": 12707, "y": 5209, "w": 80, "h": 127, "class": "pos"}, {"x": 10859, "y": 6643, "w": 116, "h": 107, "class": "pos"}]