[{"x": 9711, "y": 8988, "w": 3657, "h": 3496, "class": "roi"}, {"x": 22223, "y": 13476, "w": 3891, "h": 3657, "class": "roi"}, {"x": 9818, "y": 16197, "w": 4125, "h": 3891, "class": "roi"}, {"x": 12540, "y": 9782, "w": 83, "h": 102, "class": "pos"}, {"x": 11913, "y": 10138, "w": 125, "h": 127, "class": "pos"}, {"x": 11813, "y": 10199, "w": 87, "h": 84, "class": "pos"}, {"x": 11701, "y": 10154, "w": 93, "h": 114, "class": "pos"}, {"x": 11847, "y": 10288, "w": 71, "h": 66, "class": "pos"}, {"x": 11320, "y": 10234, "w": 109, "h": 119, "class": "pos"}, {"x": 13256, "y": 11384, "w": 54, "h": 75, "class": "pos"}, {"x": 13173, "y": 11460, "w": 81, "h": 62, "class": "pos"}, {"x": 12636, "y": 11651, "w": 78, "h": 73, "class": "pos"}, {"x": 12791, "y": 12059, "w": 98, "h": 93, "class": "pos"}, {"x": 11616, "y": 12292, "w": 104, "h": 86, "class": "pos"}, {"x": 23115, "y": 14441, "w": 105, "h": 105, "class": "pos"}, {"x": 22481, "y": 14963, "w": 54, "h": 63, "class": "pos"}, {"x": 23681, "y": 16456, "w": 72, "h": 70, "class": "pos"}, {"x": 25522, "y": 16017, "w": 82, "h": 72, "class": "pos"}, {"x": 11786, "y": 17525, "w": 145, "h": 234, "class": "pos"}, {"x": 11017, "y": 18310, "w": 85, "h": 155, "class": "pos"}]