[{"x": 15587, "y": 3723, "w": 5777, "h": 5039, "class": "roi"}, {"x": 16955, "y": 4653, "w": 110, "h": 135, "class": "pos"}, {"x": 17239, "y": 4141, "w": 55, "h": 68, "class": "pos"}, {"x": 32802, "y": 28902, "w": 6160, "h": 4367, "class": "roi"}, {"x": 33860, "y": 32181, "w": 105, "h": 89, "class": "pos"}, {"x": 23000, "y": 31583, "w": 6687, "h": 4878, "class": "roi"}, {"x": 28501, "y": 35323, "w": 48, "h": 33, "class": "pos"}, {"x": 28822, "y": 35619, "w": 112, "h": 60, "class": "pos"}, {"x": 26237, "y": 38782, "w": 6190, "h": 4854, "class": "roi"}, {"x": 31535, "y": 42474, "w": 119, "h": 190, "class": "pos"}, {"x": 16430, "y": 7430, "w": 50, "h": 114, "class": "pos"}, {"x": 26188, "y": 35729, "w": 77, "h": 59, "class": "pos"}]