[{"x": 32884, "y": 7824, "w": 4572, "h": 4186, "class": "roi"}, {"x": 35889, "y": 10130, "w": 85, "h": 112, "class": "pos"}, {"x": 35332, "y": 10816, "w": 64, "h": 89, "class": "pos"}, {"x": 8126, "y": 7562, "w": 3447, "h": 3523, "class": "roi"}, {"x": 10434, "y": 9118, "w": 99, "h": 75, "class": "pos"}, {"x": 9676, "y": 9966, "w": 61, "h": 47, "class": "pos"}, {"x": 26552, "y": 29861, "w": 3829, "h": 3452, "class": "roi"}, {"x": 28844, "y": 30644, "w": 104, "h": 69, "class": "pos"}, {"x": 28870, "y": 32529, "w": 118, "h": 89, "class": "pos"}, {"x": 12080, "y": 33632, "w": 4021, "h": 3131, "class": "roi"}, {"x": 13464, "y": 35056, "w": 136, "h": 118, "class": "pos"}]