[{"x": 14278, "y": 9167, "w": 4420, "h": 4048, "class": "roi"}, {"x": 18420, "y": 37787, "w": 4374, "h": 3955, "class": "roi"}, {"x": 16697, "y": 10815, "w": 69, "h": 52, "class": "pos"}, {"x": 15243, "y": 10972, "w": 40, "h": 40, "class": "pos"}, {"x": 36678, "y": 14462, "w": 3577, "h": 3309, "class": "roi"}, {"x": 39011, "y": 16664, "w": 59, "h": 51, "class": "pos"}, {"x": 39196, "y": 16567, "w": 38, "h": 40, "class": "pos"}, {"x": 39252, "y": 15985, "w": 65, "h": 57, "class": "pos"}, {"x": 20384, "y": 39651, "w": 39, "h": 45, "class": "pos"}, {"x": 20310, "y": 39711, "w": 149, "h": 232, "class": "pos"}]