[{"x": 27674, "y": 7742, "w": 3783, "h": 3180, "class": "roi"}, {"x": 24413, "y": 31108, "w": 3534, "h": 3307, "class": "roi"}, {"x": 38914, "y": 9222, "w": 3618, "h": 3454, "class": "roi"}, {"x": 29000, "y": 9393, "w": 64, "h": 65, "class": "pos"}, {"x": 28863, "y": 8382, "w": 57, "h": 55, "class": "pos"}, {"x": 28149, "y": 9767, "w": 90, "h": 121, "class": "pos"}, {"x": 28089, "y": 9783, "w": 47, "h": 62, "class": "pos"}, {"x": 28553, "y": 9191, "w": 91, "h": 52, "class": "pos"}, {"x": 28491, "y": 10762, "w": 126, "h": 111, "class": "pos"}, {"x": 29964, "y": 9767, "w": 315, "h": 211, "class": "pos"}, {"x": 41114, "y": 10553, "w": 101, "h": 141, "class": "pos"}, {"x": 40608, "y": 10555, "w": 62, "h": 215, "class": "pos"}, {"x": 42270, "y": 10609, "w": 89, "h": 176, "class": "pos"}, {"x": 41608, "y": 9790, "w": 126, "h": 141, "class": "pos"}, {"x": 27645, "y": 32293, "w": 66, "h": 74, "class": "pos"}, {"x": 27786, "y": 32733, "w": 60, "h": 93, "class": "pos"}, {"x": 27646, "y": 32938, "w": 140, "h": 110, "class": "pos"}, {"x": 27389, "y": 33288, "w": 56, "h": 76, "class": "pos"}, {"x": 27324, "y": 33182, "w": 132, "h": 99, "class": "pos"}, {"x": 26745, "y": 34260, "w": 143, "h": 110, "class": "pos"}, {"x": 25384, "y": 33462, "w": 117, "h": 176, "class": "pos"}, {"x": 24829, "y": 34066, "w": 76, "h": 93, "class": "pos"}, {"x": 25323, "y": 32725, "w": 91, "h": 103, "class": "pos"}, {"x": 25083, "y": 31914, "w": 70, "h": 112, "class": "pos"}]