[{"x": 34270, "y": 23565, "w": 309, "h": 325, "class": "pos"}, {"x": 29322, "y": 18968, "w": 8550, "h": 8667, "class": "roi"}, {"x": 30720, "y": 26235, "w": 85, "h": 111, "class": "pos"}, {"x": 29329, "y": 27032, "w": 78, "h": 93, "class": "pos"}, {"x": 35898, "y": 24932, "w": 161, "h": 137, "class": "pos"}, {"x": 31719, "y": 24417, "w": 163, "h": 129, "class": "pos"}, {"x": 31909, "y": 24831, "w": 96, "h": 137, "class": "pos"}, {"x": 29888, "y": 22415, "w": 77, "h": 115, "class": "pos"}, {"x": 31878, "y": 18989, "w": 217, "h": 180, "class": "pos"}, {"x": 37563, "y": 19295, "w": 231, "h": 111, "class": "pos"}, {"x": 37191, "y": 21372, "w": 117, "h": 93, "class": "pos"}, {"x": 34864, "y": 20940, "w": 152, "h": 179, "class": "pos"}, {"x": 30924, "y": 25528, "w": 164, "h": 169, "class": "pos"}, {"x": 26773, "y": 30412, "w": 237, "h": 343, "class": "pos"}, {"x": 26367, "y": 30633, "w": 146, "h": 74, "class": "pos"}, {"x": 22970, "y": 28655, "w": 6218, "h": 5049, "class": "roi"}, {"x": 40361, "y": 35889, "w": 137, "h": 99, "class": "pos"}, {"x": 40206, "y": 35900, "w": 108, "h": 130, "class": "pos"}, {"x": 40165, "y": 36071, "w": 68, "h": 101, "class": "pos"}, {"x": 40823, "y": 36252, "w": 100, "h": 123, "class": "pos"}, {"x": 36774, "y": 34645, "w": 4255, "h": 3927, "class": "roi"}, {"x": 36786, "y": 34997, "w": 110, "h": 131, "class": "pos"}, {"x": 37649, "y": 34804, "w": 126, "h": 160, "class": "pos"}, {"x": 37581, "y": 36129, "w": 129, "h": 123, "class": "pos"}, {"x": 38159, "y": 37843, "w": 238, "h": 333, "class": "pos"}, {"x": 26738, "y": 30700, "w": 132, "h": 172, "class": "pos"}]