[{"x": 19069, "y": 6290, "w": 529, "h": 113, "class": "pos"}, {"x": 16710, "y": 5198, "w": 3853, "h": 3907, "class": "roi"}, {"x": 16946, "y": 5799, "w": 218, "h": 219, "class": "pos"}, {"x": 8797, "y": 23116, "w": 423, "h": 130, "class": "pos"}, {"x": 5839, "y": 22268, "w": 3896, "h": 3551, "class": "roi"}, {"x": 15162, "y": 33468, "w": 280, "h": 381, "class": "pos"}, {"x": 11788, "y": 32925, "w": 3889, "h": 3487, "class": "roi"}, {"x": 14027, "y": 41734, "w": 304, "h": 214, "class": "pos"}, {"x": 10962, "y": 40019, "w": 3706, "h": 3112, "class": "roi"}, {"x": 12868, "y": 40534, "w": 177, "h": 136, "class": "pos"}, {"x": 14382, "y": 41504, "w": 196, "h": 239, "class": "pos"}]