[{"x": 15218, "y": 17393, "w": 144, "h": 131, "class": "pos"}, {"x": 12175, "y": 15706, "w": 3731, "h": 3776, "class": "roi"}, {"x": 8394, "y": 26742, "w": 165, "h": 239, "class": "pos"}, {"x": 5209, "y": 24708, "w": 3981, "h": 4720, "class": "roi"}, {"x": 27505, "y": 18211, "w": 12285, "h": 11090, "class": "roi"}, {"x": 39415, "y": 22457, "w": 217, "h": 116, "class": "pos"}, {"x": 37733, "y": 24996, "w": 83, "h": 83, "class": "pos"}, {"x": 27997, "y": 27459, "w": 94, "h": 139, "class": "pos"}, {"x": 29540, "y": 27779, "w": 212, "h": 178, "class": "pos"}, {"x": 30525, "y": 27616, "w": 180, "h": 232, "class": "pos"}, {"x": 34403, "y": 27791, "w": 149, "h": 190, "class": "pos"}]