[{"x": 23038, "y": 8705, "w": 123, "h": 116, "class": "pos"}, {"x": 22648, "y": 8417, "w": 124, "h": 269, "class": "pos"}, {"x": 19877, "y": 7998, "w": 3481, "h": 3185, "class": "roi"}, {"x": 23251, "y": 8276, "w": 52, "h": 71, "class": "pos"}, {"x": 21819, "y": 9379, "w": 79, "h": 86, "class": "pos"}, {"x": 35895, "y": 13434, "w": 184, "h": 166, "class": "pos"}, {"x": 32762, "y": 11754, "w": 3614, "h": 3302, "class": "roi"}, {"x": 36454, "y": 39260, "w": 238, "h": 222, "class": "pos"}, {"x": 33313, "y": 37191, "w": 3525, "h": 3391, "class": "roi"}, {"x": 4541, "y": 33265, "w": 3537, "h": 3248, "class": "roi"}, {"x": 5889, "y": 34009, "w": 176, "h": 230, "class": "pos"}, {"x": 6888, "y": 34570, "w": 70, "h": 85, "class": "pos"}, {"x": 6141, "y": 34740, "w": 116, "h": 71, "class": "pos"}, {"x": 34364, "y": 24560, "w": 148, "h": 163, "class": "pos"}, {"x": 33385, "y": 22506, "w": 4598, "h": 3862, "class": "roi"}, {"x": 37609, "y": 23186, "w": 186, "h": 241, "class": "pos"}, {"x": 33591, "y": 23724, "w": 445, "h": 468, "class": "pos"}, {"x": 36588, "y": 25415, "w": 280, "h": 237, "class": "pos"}]