[{"x": 18556, "y": 4704, "w": 401, "h": 291, "class": "pos"}, {"x": 17194, "y": 2687, "w": 3839, "h": 2501, "class": "roi"}, {"x": 17715, "y": 4409, "w": 71, "h": 51, "class": "pos"}, {"x": 17327, "y": 4161, "w": 39, "h": 57, "class": "pos"}, {"x": 19387, "y": 3696, "w": 118, "h": 99, "class": "pos"}, {"x": 19779, "y": 3735, "w": 190, "h": 234, "class": "pos"}, {"x": 22370, "y": 40019, "w": 5700, "h": 5176, "class": "roi"}, {"x": 24007, "y": 40093, "w": 39, "h": 59, "class": "pos"}, {"x": 24975, "y": 40399, "w": 48, "h": 53, "class": "pos"}, {"x": 25785, "y": 40178, "w": 166, "h": 163, "class": "pos"}, {"x": 26663, "y": 40139, "w": 48, "h": 52, "class": "pos"}, {"x": 26911, "y": 40117, "w": 84, "h": 137, "class": "pos"}, {"x": 24643, "y": 41417, "w": 143, "h": 164, "class": "pos"}, {"x": 23238, "y": 41075, "w": 40, "h": 38, "class": "pos"}, {"x": 24518, "y": 42692, "w": 388, "h": 362, "class": "pos"}, {"x": 26833, "y": 42779, "w": 160, "h": 114, "class": "pos"}, {"x": 23966, "y": 43425, "w": 99, "h": 87, "class": "pos"}, {"x": 30340, "y": 16499, "w": 5209, "h": 5953, "class": "roi"}, {"x": 30658, "y": 17629, "w": 91, "h": 123, "class": "pos"}, {"x": 34433, "y": 16565, "w": 231, "h": 321, "class": "pos"}, {"x": 35372, "y": 16734, "w": 148, "h": 117, "class": "pos"}, {"x": 30817, "y": 18073, "w": 92, "h": 110, "class": "pos"}, {"x": 33834, "y": 21297, "w": 210, "h": 241, "class": "pos"}, {"x": 34695, "y": 22243, "w": 112, "h": 56, "class": "pos"}, {"x": 31571, "y": 20400, "w": 152, "h": 237, "class": "pos"}, {"x": 2456, "y": 22348, "w": 6805, "h": 6122, "class": "roi"}, {"x": 8548, "y": 25085, "w": 90, "h": 115, "class": "pos"}, {"x": 8680, "y": 25113, "w": 75, "h": 82, "class": "pos"}, {"x": 4161, "y": 28012, "w": 84, "h": 144, "class": "pos"}, {"x": 5962, "y": 27664, "w": 138, "h": 199, "class": "pos"}, {"x": 5830, "y": 27960, "w": 106, "h": 131, "class": "pos"}, {"x": 6007, "y": 27063, "w": 192, "h": 226, "class": "pos"}, {"x": 7757, "y": 28304, "w": 82, "h": 81, "class": "pos"}]