[{"x": 5945, "y": 14588, "w": 3787, "h": 3156, "class": "roi"}, {"x": 30063, "y": 17688, "w": 3831, "h": 3730, "class": "roi"}, {"x": 18342, "y": 30256, "w": 4361, "h": 3615, "class": "roi"}, {"x": 6632, "y": 15024, "w": 26, "h": 23, "class": "pos"}, {"x": 6433, "y": 15356, "w": 42, "h": 49, "class": "pos"}, {"x": 6162, "y": 14884, "w": 44, "h": 41, "class": "pos"}, {"x": 8350, "y": 14684, "w": 44, "h": 41, "class": "pos"}, {"x": 6425, "y": 15446, "w": 41, "h": 46, "class": "pos"}, {"x": 9037, "y": 15668, "w": 69, "h": 68, "class": "pos"}, {"x": 9182, "y": 15773, "w": 39, "h": 52, "class": "pos"}, {"x": 9454, "y": 15695, "w": 68, "h": 69, "class": "pos"}, {"x": 7378, "y": 17087, "w": 55, "h": 64, "class": "pos"}, {"x": 32909, "y": 18466, "w": 38, "h": 41, "class": "pos"}, {"x": 32831, "y": 18498, "w": 32, "h": 37, "class": "pos"}, {"x": 32795, "y": 18479, "w": 35, "h": 41, "class": "pos"}, {"x": 30949, "y": 18934, "w": 142, "h": 99, "class": "pos"}, {"x": 30084, "y": 19534, "w": 59, "h": 58, "class": "pos"}, {"x": 30615, "y": 19919, "w": 74, "h": 82, "class": "pos"}, {"x": 30727, "y": 19892, "w": 186, "h": 83, "class": "pos"}, {"x": 31802, "y": 20103, "w": 96, "h": 71, "class": "pos"}, {"x": 18570, "y": 30470, "w": 39, "h": 37, "class": "pos"}, {"x": 18939, "y": 32007, "w": 48, "h": 44, "class": "pos"}]