[{"x": 4739, "y": 18837, "w": 205, "h": 223, "class": "pos"}, {"x": 2195, "y": 17661, "w": 3526, "h": 3867, "class": "roi"}, {"x": 3259, "y": 20276, "w": 85, "h": 134, "class": "pos"}, {"x": 22153, "y": 35159, "w": 8194, "h": 7279, "class": "roi"}, {"x": 29045, "y": 38534, "w": 122, "h": 165, "class": "pos"}, {"x": 25246, "y": 38075, "w": 134, "h": 183, "class": "pos"}, {"x": 23757, "y": 38204, "w": 270, "h": 321, "class": "pos"}, {"x": 22278, "y": 38307, "w": 234, "h": 116, "class": "pos"}, {"x": 24137, "y": 40851, "w": 275, "h": 193, "class": "pos"}]