[{"x": 28961, "y": 3167, "w": 6800, "h": 5215, "class": "roi"}, {"x": 19174, "y": 39569, "w": 8178, "h": 4780, "class": "roi"}, {"x": 21822, "y": 41466, "w": 266, "h": 212, "class": "pos"}, {"x": 19291, "y": 40605, "w": 75, "h": 58, "class": "pos"}, {"x": 19365, "y": 40671, "w": 87, "h": 76, "class": "pos"}, {"x": 19433, "y": 40572, "w": 45, "h": 49, "class": "pos"}, {"x": 19869, "y": 42536, "w": 131, "h": 135, "class": "pos"}, {"x": 22012, "y": 40079, "w": 50, "h": 48, "class": "pos"}, {"x": 22567, "y": 40238, "w": 172, "h": 191, "class": "pos"}, {"x": 24221, "y": 41549, "w": 98, "h": 113, "class": "pos"}, {"x": 26964, "y": 43661, "w": 102, "h": 72, "class": "pos"}, {"x": 26730, "y": 42913, "w": 124, "h": 82, "class": "pos"}, {"x": 30360, "y": 4996, "w": 145, "h": 143, "class": "pos"}, {"x": 30854, "y": 5903, "w": 217, "h": 183, "class": "pos"}, {"x": 30984, "y": 5694, "w": 80, "h": 83, "class": "pos"}, {"x": 30878, "y": 7507, "w": 188, "h": 210, "class": "pos"}, {"x": 28972, "y": 8049, "w": 183, "h": 279, "class": "pos"}, {"x": 32290, "y": 5789, "w": 84, "h": 78, "class": "pos"}, {"x": 32618, "y": 5761, "w": 152, "h": 129, "class": "pos"}, {"x": 33861, "y": 4933, "w": 365, "h": 441, "class": "pos"}, {"x": 34268, "y": 5313, "w": 86, "h": 110, "class": "pos"}, {"x": 34448, "y": 5077, "w": 55, "h": 76, "class": "pos"}, {"x": 35260, "y": 7963, "w": 176, "h": 200, "class": "pos"}, {"x": 35323, "y": 7505, "w": 32, "h": 31, "class": "pos"}]