[{"x": 7706, "y": 9185, "w": 3481, "h": 3188, "class": "roi"}, {"x": 17272, "y": 6787, "w": 3276, "h": 3159, "class": "roi"}, {"x": 11732, "y": 19996, "w": 3276, "h": 3247, "class": "roi"}, {"x": 17628, "y": 7553, "w": 86, "h": 71, "class": "pos"}, {"x": 17746, "y": 7040, "w": 33, "h": 59, "class": "pos"}, {"x": 17633, "y": 6960, "w": 26, "h": 28, "class": "pos"}, {"x": 17661, "y": 6997, "w": 52, "h": 57, "class": "pos"}, {"x": 19424, "y": 6794, "w": 61, "h": 51, "class": "pos"}, {"x": 18955, "y": 6879, "w": 75, "h": 61, "class": "pos"}, {"x": 18964, "y": 8629, "w": 42, "h": 42, "class": "pos"}, {"x": 9482, "y": 10609, "w": 80, "h": 94, "class": "pos"}, {"x": 10716, "y": 11318, "w": 146, "h": 151, "class": "pos"}, {"x": 14927, "y": 20706, "w": 78, "h": 115, "class": "pos"}, {"x": 11797, "y": 23065, "w": 44, "h": 45, "class": "pos"}]