[{"x": 18681, "y": 5596, "w": 3168, "h": 3260, "class": "roi"}, {"x": 7984, "y": 13855, "w": 3672, "h": 3326, "class": "roi"}, {"x": 19001, "y": 17741, "w": 3328, "h": 3271, "class": "roi"}, {"x": 21462, "y": 5655, "w": 57, "h": 58, "class": "pos"}, {"x": 21210, "y": 5696, "w": 40, "h": 37, "class": "pos"}, {"x": 20596, "y": 5673, "w": 60, "h": 53, "class": "pos"}, {"x": 19515, "y": 5863, "w": 78, "h": 81, "class": "pos"}, {"x": 19547, "y": 5785, "w": 47, "h": 56, "class": "pos"}, {"x": 18692, "y": 5643, "w": 43, "h": 49, "class": "pos"}, {"x": 19134, "y": 6043, "w": 85, "h": 69, "class": "pos"}, {"x": 18973, "y": 5991, "w": 63, "h": 101, "class": "pos"}, {"x": 19684, "y": 6183, "w": 71, "h": 77, "class": "pos"}, {"x": 20137, "y": 5855, "w": 52, "h": 72, "class": "pos"}, {"x": 20550, "y": 6179, "w": 148, "h": 135, "class": "pos"}, {"x": 21368, "y": 5974, "w": 57, "h": 59, "class": "pos"}, {"x": 21409, "y": 6347, "w": 98, "h": 105, "class": "pos"}, {"x": 20900, "y": 6698, "w": 89, "h": 102, "class": "pos"}, {"x": 20781, "y": 6832, "w": 60, "h": 60, "class": "pos"}, {"x": 20525, "y": 6956, "w": 58, "h": 53, "class": "pos"}, {"x": 18854, "y": 6475, "w": 116, "h": 86, "class": "pos"}, {"x": 18953, "y": 6591, "w": 42, "h": 59, "class": "pos"}, {"x": 18904, "y": 7077, "w": 85, "h": 85, "class": "pos"}, {"x": 19003, "y": 7003, "w": 93, "h": 54, "class": "pos"}, {"x": 21185, "y": 7961, "w": 54, "h": 69, "class": "pos"}, {"x": 21585, "y": 7995, "w": 70, "h": 81, "class": "pos"}, {"x": 21509, "y": 8077, "w": 47, "h": 34, "class": "pos"}, {"x": 21092, "y": 8435, "w": 111, "h": 55, "class": "pos"}, {"x": 21211, "y": 8454, "w": 58, "h": 62, "class": "pos"}, {"x": 20784, "y": 8046, "w": 57, "h": 58, "class": "pos"}, {"x": 20955, "y": 8198, "w": 44, "h": 74, "class": "pos"}, {"x": 20834, "y": 8156, "w": 52, "h": 60, "class": "pos"}, {"x": 20681, "y": 8246, "w": 46, "h": 72, "class": "pos"}, {"x": 20263, "y": 8239, "w": 69, "h": 128, "class": "pos"}, {"x": 20122, "y": 8058, "w": 53, "h": 29, "class": "pos"}, {"x": 20267, "y": 7792, "w": 47, "h": 64, "class": "pos"}, {"x": 20024, "y": 7699, "w": 36, "h": 26, "class": "pos"}, {"x": 20046, "y": 7979, "w": 42, "h": 52, "class": "pos"}, {"x": 20097, "y": 7924, "w": 24, "h": 40, "class": "pos"}, {"x": 18881, "y": 8485, "w": 90, "h": 57, "class": "pos"}, {"x": 19499, "y": 8304, "w": 103, "h": 78, "class": "pos"}, {"x": 19249, "y": 8277, "w": 85, "h": 90, "class": "pos"}, {"x": 19402, "y": 8160, "w": 32, "h": 34, "class": "pos"}, {"x": 20182, "y": 8744, "w": 57, "h": 75, "class": "pos"}, {"x": 20468, "y": 8640, "w": 83, "h": 78, "class": "pos"}, {"x": 21371, "y": 8637, "w": 28, "h": 71, "class": "pos"}, {"x": 21382, "y": 8200, "w": 36, "h": 117, "class": "pos"}, {"x": 21563, "y": 8536, "w": 79, "h": 71, "class": "pos"}, {"x": 21529, "y": 8344, "w": 30, "h": 29, "class": "pos"}, {"x": 9257, "y": 14091, "w": 39, "h": 73, "class": "pos"}, {"x": 9916, "y": 13972, "w": 74, "h": 59, "class": "pos"}, {"x": 9990, "y": 14036, "w": 72, "h": 52, "class": "pos"}, {"x": 9724, "y": 14082, "w": 46, "h": 25, "class": "pos"}, {"x": 10037, "y": 13892, "w": 39, "h": 52, "class": "pos"}, {"x": 10482, "y": 14114, "w": 66, "h": 54, "class": "pos"}, {"x": 10600, "y": 14135, "w": 48, "h": 44, "class": "pos"}, {"x": 11252, "y": 14100, "w": 114, "h": 76, "class": "pos"}, {"x": 10992, "y": 13955, "w": 90, "h": 87, "class": "pos"}, {"x": 11564, "y": 13889, "w": 48, "h": 36, "class": "pos"}, {"x": 11273, "y": 13862, "w": 52, "h": 39, "class": "pos"}, {"x": 11393, "y": 14163, "w": 63, "h": 65, "class": "pos"}, {"x": 11157, "y": 14244, "w": 40, "h": 62, "class": "pos"}, {"x": 11191, "y": 14228, "w": 33, "h": 43, "class": "pos"}, {"x": 11050, "y": 14187, "w": 32, "h": 51, "class": "pos"}, {"x": 10705, "y": 14406, "w": 51, "h": 50, "class": "pos"}, {"x": 10076, "y": 14380, "w": 91, "h": 46, "class": "pos"}, {"x": 9855, "y": 14200, "w": 22, "h": 50, "class": "pos"}, {"x": 9880, "y": 14300, "w": 27, "h": 43, "class": "pos"}, {"x": 9293, "y": 14122, "w": 27, "h": 29, "class": "pos"}, {"x": 9325, "y": 14361, "w": 37, "h": 71, "class": "pos"}, {"x": 9042, "y": 14330, "w": 68, "h": 55, "class": "pos"}, {"x": 8065, "y": 14313, "w": 50, "h": 47, "class": "pos"}, {"x": 8306, "y": 14500, "w": 68, "h": 100, "class": "pos"}, {"x": 8082, "y": 14560, "w": 47, "h": 80, "class": "pos"}, {"x": 8016, "y": 14465, "w": 70, "h": 74, "class": "pos"}, {"x": 8186, "y": 14931, "w": 21, "h": 27, "class": "pos"}, {"x": 8057, "y": 14969, "w": 19, "h": 22, "class": "pos"}, {"x": 8143, "y": 15375, "w": 53, "h": 49, "class": "pos"}, {"x": 8615, "y": 15201, "w": 86, "h": 81, "class": "pos"}, {"x": 8528, "y": 15172, "w": 80, "h": 51, "class": "pos"}, {"x": 8543, "y": 15240, "w": 39, "h": 49, "class": "pos"}, {"x": 8922, "y": 15079, "w": 44, "h": 71, "class": "pos"}, {"x": 8884, "y": 15167, "w": 60, "h": 54, "class": "pos"}, {"x": 9081, "y": 15020, "w": 55, "h": 30, "class": "pos"}, {"x": 9108, "y": 15152, "w": 46, "h": 36, "class": "pos"}, {"x": 9145, "y": 15063, "w": 47, "h": 39, "class": "pos"}, {"x": 9007, "y": 14652, "w": 43, "h": 30, "class": "pos"}, {"x": 10335, "y": 15104, "w": 48, "h": 58, "class": "pos"}, {"x": 10645, "y": 14951, "w": 45, "h": 54, "class": "pos"}, {"x": 11074, "y": 14912, "w": 29, "h": 30, "class": "pos"}, {"x": 11373, "y": 15436, "w": 80, "h": 55, "class": "pos"}, {"x": 11263, "y": 15352, "w": 64, "h": 46, "class": "pos"}, {"x": 11120, "y": 15308, "w": 94, "h": 71, "class": "pos"}, {"x": 10789, "y": 16176, "w": 63, "h": 63, "class": "pos"}, {"x": 10721, "y": 16117, "w": 45, "h": 35, "class": "pos"}, {"x": 10942, "y": 16021, "w": 38, "h": 58, "class": "pos"}, {"x": 10544, "y": 16031, "w": 25, "h": 27, "class": "pos"}, {"x": 10303, "y": 16021, "w": 26, "h": 27, "class": "pos"}, {"x": 10149, "y": 16059, "w": 72, "h": 82, "class": "pos"}, {"x": 10174, "y": 15876, "w": 88, "h": 77, "class": "pos"}, {"x": 10203, "y": 15770, "w": 76, "h": 98, "class": "pos"}, {"x": 9848, "y": 15905, "w": 110, "h": 53, "class": "pos"}, {"x": 9545, "y": 15891, "w": 26, "h": 27, "class": "pos"}, {"x": 9775, "y": 15768, "w": 17, "h": 33, "class": "pos"}, {"x": 8884, "y": 15917, "w": 53, "h": 22, "class": "pos"}, {"x": 8967, "y": 16023, "w": 77, "h": 106, "class": "pos"}, {"x": 8655, "y": 16126, "w": 102, "h": 95, "class": "pos"}, {"x": 8782, "y": 16355, "w": 91, "h": 67, "class": "pos"}, {"x": 8327, "y": 16183, "w": 157, "h": 65, "class": "pos"}, {"x": 8287, "y": 16425, "w": 98, "h": 87, "class": "pos"}, {"x": 7990, "y": 16843, "w": 101, "h": 106, "class": "pos"}, {"x": 8000, "y": 16969, "w": 23, "h": 42, "class": "pos"}, {"x": 8472, "y": 16920, "w": 64, "h": 134, "class": "pos"}, {"x": 8802, "y": 17045, "w": 26, "h": 24, "class": "pos"}, {"x": 8861, "y": 16650, "w": 49, "h": 50, "class": "pos"}, {"x": 9707, "y": 16813, "w": 55, "h": 63, "class": "pos"}, {"x": 10231, "y": 16858, "w": 54, "h": 42, "class": "pos"}, {"x": 11009, "y": 16815, "w": 33, "h": 24, "class": "pos"}, {"x": 10921, "y": 16805, "w": 58, "h": 35, "class": "pos"}, {"x": 10861, "y": 16743, "w": 59, "h": 37, "class": "pos"}, {"x": 10854, "y": 16962, "w": 50, "h": 51, "class": "pos"}, {"x": 10767, "y": 16723, "w": 24, "h": 45, "class": "pos"}, {"x": 10771, "y": 16790, "w": 60, "h": 71, "class": "pos"}, {"x": 11546, "y": 16941, "w": 98, "h": 106, "class": "pos"}, {"x": 11456, "y": 16980, "w": 76, "h": 63, "class": "pos"}, {"x": 11437, "y": 16891, "w": 35, "h": 42, "class": "pos"}, {"x": 11113, "y": 16401, "w": 61, "h": 88, "class": "pos"}, {"x": 11144, "y": 16600, "w": 20, "h": 25, "class": "pos"}, {"x": 10913, "y": 16465, "w": 39, "h": 66, "class": "pos"}, {"x": 11140, "y": 16168, "w": 29, "h": 53, "class": "pos"}, {"x": 11539, "y": 15837, "w": 64, "h": 69, "class": "pos"}, {"x": 19454, "y": 18243, "w": 52, "h": 66, "class": "pos"}, {"x": 19759, "y": 18110, "w": 181, "h": 175, "class": "pos"}, {"x": 20546, "y": 17747, "w": 86, "h": 96, "class": "pos"}, {"x": 21306, "y": 17772, "w": 40, "h": 62, "class": "pos"}, {"x": 22044, "y": 17767, "w": 27, "h": 32, "class": "pos"}, {"x": 21960, "y": 17749, "w": 35, "h": 59, "class": "pos"}, {"x": 22146, "y": 17764, "w": 53, "h": 44, "class": "pos"}, {"x": 22059, "y": 18052, "w": 22, "h": 26, "class": "pos"}, {"x": 21377, "y": 18163, "w": 73, "h": 43, "class": "pos"}, {"x": 20620, "y": 18329, "w": 53, "h": 45, "class": "pos"}, {"x": 20209, "y": 19092, "w": 65, "h": 66, "class": "pos"}, {"x": 20068, "y": 19144, "w": 119, "h": 68, "class": "pos"}, {"x": 21676, "y": 18978, "w": 52, "h": 55, "class": "pos"}, {"x": 21798, "y": 18808, "w": 131, "h": 62, "class": "pos"}, {"x": 22165, "y": 19450, "w": 162, "h": 89, "class": "pos"}, {"x": 22185, "y": 19670, "w": 68, "h": 56, "class": "pos"}, {"x": 21478, "y": 19755, "w": 48, "h": 38, "class": "pos"}, {"x": 21286, "y": 19580, "w": 73, "h": 101, "class": "pos"}, {"x": 20690, "y": 19566, "w": 169, "h": 178, "class": "pos"}, {"x": 20263, "y": 19693, "w": 40, "h": 51, "class": "pos"}, {"x": 20353, "y": 19842, "w": 37, "h": 26, "class": "pos"}, {"x": 19347, "y": 20077, "w": 29, "h": 68, "class": "pos"}, {"x": 19663, "y": 20883, "w": 103, "h": 115, "class": "pos"}, {"x": 19223, "y": 20852, "w": 29, "h": 29, "class": "pos"}, {"x": 19334, "y": 20397, "w": 24, "h": 33, "class": "pos"}, {"x": 19326, "y": 20163, "w": 50, "h": 37, "class": "pos"}, {"x": 20169, "y": 20937, "w": 111, "h": 73, "class": "pos"}, {"x": 20214, "y": 20495, "w": 60, "h": 54, "class": "pos"}, {"x": 20571, "y": 20690, "w": 66, "h": 61, "class": "pos"}, {"x": 21268, "y": 20902, "w": 94, "h": 100, "class": "pos"}, {"x": 21730, "y": 20753, "w": 38, "h": 49, "class": "pos"}, {"x": 21475, "y": 20529, "w": 103, "h": 67, "class": "pos"}, {"x": 21118, "y": 20512, "w": 68, "h": 117, "class": "pos"}, {"x": 21705, "y": 20821, "w": 30, "h": 44, "class": "pos"}]