[{"x": 19542, "y": 2969, "w": 99, "h": 80, "class": "pos"}, {"x": 20828, "y": 4159, "w": 195, "h": 191, "class": "pos"}, {"x": 21289, "y": 3856, "w": 160, "h": 162, "class": "pos"}, {"x": 19208, "y": 2126, "w": 3779, "h": 3664, "class": "roi"}, {"x": 21105, "y": 2242, "w": 228, "h": 278, "class": "pos"}, {"x": 22051, "y": 3324, "w": 127, "h": 94, "class": "pos"}, {"x": 22596, "y": 4146, "w": 210, "h": 152, "class": "pos"}, {"x": 9412, "y": 6402, "w": 5555, "h": 4738, "class": "roi"}, {"x": 11155, "y": 6795, "w": 91, "h": 101, "class": "pos"}, {"x": 13875, "y": 7370, "w": 163, "h": 141, "class": "pos"}, {"x": 11266, "y": 7454, "w": 155, "h": 184, "class": "pos"}, {"x": 9580, "y": 7317, "w": 296, "h": 192, "class": "pos"}, {"x": 10677, "y": 8491, "w": 275, "h": 312, "class": "pos"}, {"x": 12726, "y": 9394, "w": 51, "h": 68, "class": "pos"}, {"x": 13110, "y": 10657, "w": 457, "h": 242, "class": "pos"}, {"x": 13160, "y": 10936, "w": 50, "h": 55, "class": "pos"}, {"x": 13633, "y": 10930, "w": 207, "h": 134, "class": "pos"}, {"x": 13575, "y": 34259, "w": 4290, "h": 4979, "class": "roi"}, {"x": 14437, "y": 34335, "w": 152, "h": 105, "class": "pos"}, {"x": 16414, "y": 35307, "w": 159, "h": 130, "class": "pos"}, {"x": 16950, "y": 36517, "w": 107, "h": 151, "class": "pos"}, {"x": 15987, "y": 36481, "w": 102, "h": 143, "class": "pos"}, {"x": 14681, "y": 37381, "w": 141, "h": 191, "class": "pos"}, {"x": 15929, "y": 38330, "w": 98, "h": 173, "class": "pos"}, {"x": 16195, "y": 38577, "w": 148, "h": 92, "class": "pos"}, {"x": 16366, "y": 38717, "w": 107, "h": 110, "class": "pos"}, {"x": 16625, "y": 38363, "w": 79, "h": 172, "class": "pos"}, {"x": 16574, "y": 38885, "w": 254, "h": 352, "class": "pos"}]