[{"x": 10809, "y": 10649, "w": 118, "h": 175, "class": "pos"}, {"x": 9564, "y": 9309, "w": 7321, "h": 7205, "class": "roi"}, {"x": 15535, "y": 14093, "w": 113, "h": 105, "class": "pos"}, {"x": 40252, "y": 23748, "w": 277, "h": 274, "class": "pos"}, {"x": 35062, "y": 20797, "w": 5985, "h": 7089, "class": "roi"}, {"x": 5915, "y": 22142, "w": 114, "h": 66, "class": "pos"}, {"x": 3416, "y": 21270, "w": 3167, "h": 3899, "class": "roi"}, {"x": 25079, "y": 16521, "w": 64, "h": 61, "class": "pos"}, {"x": 21744, "y": 15377, "w": 3855, "h": 3215, "class": "roi"}, {"x": 22003, "y": 17308, "w": 101, "h": 96, "class": "pos"}, {"x": 24793, "y": 17518, "w": 96, "h": 111, "class": "pos"}, {"x": 24045, "y": 16419, "w": 112, "h": 103, "class": "pos"}, {"x": 37016, "y": 37231, "w": 92, "h": 106, "class": "pos"}, {"x": 33126, "y": 34459, "w": 6798, "h": 4648, "class": "roi"}]