[{"x": 7952, "y": 16170, "w": 2839, "h": 3632, "class": "roi"}, {"x": 8789, "y": 19185, "w": 83, "h": 107, "class": "pos"}, {"x": 4103, "y": 16308, "w": 3033, "h": 4142, "class": "roi"}, {"x": 6432, "y": 19334, "w": 210, "h": 224, "class": "pos"}, {"x": 7934, "y": 10120, "w": 4659, "h": 3729, "class": "roi"}, {"x": 12027, "y": 13085, "w": 144, "h": 202, "class": "pos"}, {"x": 8470, "y": 16346, "w": 183, "h": 296, "class": "pos"}, {"x": 10603, "y": 12700, "w": 91, "h": 117, "class": "pos"}, {"x": 10077, "y": 11470, "w": 177, "h": 180, "class": "pos"}, {"x": 11758, "y": 10558, "w": 169, "h": 124, "class": "pos"}, {"x": 8194, "y": 11563, "w": 224, "h": 199, "class": "pos"}, {"x": 5266, "y": 17536, "w": 56, "h": 61, "class": "pos"}]