[{"x": 3573, "y": 13612, "w": 5255, "h": 5596, "class": "roi"}, {"x": 3550, "y": 21142, "w": 4663, "h": 6779, "class": "roi"}, {"x": 4429, "y": 14446, "w": 122, "h": 141, "class": "pos"}, {"x": 8412, "y": 14758, "w": 51, "h": 48, "class": "pos"}, {"x": 7086, "y": 15643, "w": 343, "h": 406, "class": "pos"}, {"x": 5129, "y": 15513, "w": 79, "h": 58, "class": "pos"}, {"x": 5230, "y": 15482, "w": 48, "h": 51, "class": "pos"}, {"x": 4375, "y": 14949, "w": 47, "h": 44, "class": "pos"}, {"x": 4806, "y": 16445, "w": 30, "h": 52, "class": "pos"}, {"x": 4272, "y": 16630, "w": 90, "h": 108, "class": "pos"}, {"x": 5270, "y": 17154, "w": 123, "h": 130, "class": "pos"}, {"x": 4904, "y": 21383, "w": 189, "h": 142, "class": "pos"}, {"x": 4755, "y": 21472, "w": 36, "h": 63, "class": "pos"}, {"x": 4493, "y": 22050, "w": 84, "h": 60, "class": "pos"}, {"x": 6513, "y": 21803, "w": 308, "h": 341, "class": "pos"}, {"x": 7000, "y": 21837, "w": 71, "h": 97, "class": "pos"}, {"x": 7290, "y": 22260, "w": 93, "h": 151, "class": "pos"}, {"x": 6220, "y": 22966, "w": 91, "h": 87, "class": "pos"}, {"x": 4202, "y": 23599, "w": 39, "h": 32, "class": "pos"}, {"x": 4560, "y": 23573, "w": 32, "h": 40, "class": "pos"}, {"x": 6382, "y": 23904, "w": 57, "h": 65, "class": "pos"}, {"x": 7480, "y": 25122, "w": 67, "h": 79, "class": "pos"}, {"x": 7229, "y": 25530, "w": 93, "h": 93, "class": "pos"}, {"x": 6255, "y": 25279, "w": 74, "h": 62, "class": "pos"}, {"x": 6077, "y": 25935, "w": 131, "h": 116, "class": "pos"}, {"x": 6380, "y": 25958, "w": 153, "h": 149, "class": "pos"}, {"x": 6583, "y": 26263, "w": 123, "h": 157, "class": "pos"}, {"x": 5277, "y": 26552, "w": 90, "h": 75, "class": "pos"}, {"x": 3727, "y": 27203, "w": 117, "h": 80, "class": "pos"}, {"x": 3875, "y": 27014, "w": 212, "h": 131, "class": "pos"}, {"x": 7062, "y": 16052, "w": 292, "h": 226, "class": "pos"}, {"x": 4231, "y": 23639, "w": 31, "h": 31, "class": "pos"}]