[{"x": 6230, "y": 18544, "w": 4213, "h": 4793, "class": "roi"}, {"x": 7491, "y": 22900, "w": 151, "h": 229, "class": "pos"}, {"x": 6927, "y": 23091, "w": 40, "h": 45, "class": "pos"}, {"x": 7533, "y": 23182, "w": 51, "h": 68, "class": "pos"}, {"x": 6235, "y": 22901, "w": 68, "h": 83, "class": "pos"}, {"x": 9737, "y": 22798, "w": 94, "h": 210, "class": "pos"}, {"x": 9830, "y": 22196, "w": 55, "h": 51, "class": "pos"}, {"x": 9127, "y": 22019, "w": 91, "h": 84, "class": "pos"}, {"x": 8359, "y": 21871, "w": 60, "h": 49, "class": "pos"}, {"x": 6548, "y": 21567, "w": 77, "h": 78, "class": "pos"}, {"x": 6947, "y": 21015, "w": 82, "h": 56, "class": "pos"}, {"x": 8167, "y": 21758, "w": 52, "h": 39, "class": "pos"}, {"x": 8543, "y": 21098, "w": 99, "h": 102, "class": "pos"}, {"x": 8726, "y": 21267, "w": 80, "h": 81, "class": "pos"}, {"x": 10065, "y": 20287, "w": 214, "h": 319, "class": "pos"}, {"x": 8174, "y": 20662, "w": 209, "h": 172, "class": "pos"}, {"x": 8302, "y": 20311, "w": 63, "h": 74, "class": "pos"}, {"x": 6714, "y": 19981, "w": 161, "h": 131, "class": "pos"}, {"x": 8220, "y": 19477, "w": 51, "h": 57, "class": "pos"}, {"x": 9169, "y": 18582, "w": 189, "h": 291, "class": "pos"}, {"x": 7758, "y": 18736, "w": 117, "h": 144, "class": "pos"}]