[{"x": 5880, "y": 28860, "w": 26643, "h": 15431, "class": "roi"}, {"x": 31057, "y": 43131, "w": 315, "h": 243, "class": "pos"}, {"x": 31810, "y": 36385, "w": 187, "h": 165, "class": "pos"}, {"x": 29866, "y": 38975, "w": 296, "h": 318, "class": "pos"}, {"x": 25247, "y": 33333, "w": 196, "h": 221, "class": "pos"}, {"x": 6701, "y": 30510, "w": 95, "h": 86, "class": "pos"}, {"x": 6825, "y": 30442, "w": 119, "h": 84, "class": "pos"}, {"x": 13958, "y": 29480, "w": 102, "h": 104, "class": "pos"}, {"x": 14777, "y": 29519, "w": 98, "h": 103, "class": "pos"}, {"x": 14635, "y": 29673, "w": 133, "h": 131, "class": "pos"}, {"x": 14646, "y": 29408, "w": 127, "h": 119, "class": "pos"}, {"x": 15549, "y": 29833, "w": 94, "h": 111, "class": "pos"}, {"x": 15498, "y": 30024, "w": 72, "h": 79, "class": "pos"}, {"x": 15298, "y": 30394, "w": 126, "h": 108, "class": "pos"}, {"x": 17233, "y": 29757, "w": 111, "h": 70, "class": "pos"}, {"x": 18002, "y": 29917, "w": 74, "h": 83, "class": "pos"}, {"x": 17318, "y": 29948, "w": 72, "h": 100, "class": "pos"}, {"x": 19084, "y": 29232, "w": 46, "h": 50, "class": "pos"}, {"x": 19664, "y": 29259, "w": 60, "h": 54, "class": "pos"}, {"x": 24423, "y": 29528, "w": 118, "h": 112, "class": "pos"}, {"x": 24764, "y": 29783, "w": 128, "h": 128, "class": "pos"}, {"x": 10921, "y": 31760, "w": 60, "h": 85, "class": "pos"}, {"x": 6340, "y": 31984, "w": 110, "h": 120, "class": "pos"}, {"x": 10927, "y": 32901, "w": 116, "h": 112, "class": "pos"}, {"x": 29196, "y": 34154, "w": 60, "h": 89, "class": "pos"}, {"x": 29738, "y": 35202, "w": 161, "h": 118, "class": "pos"}, {"x": 29636, "y": 35621, "w": 93, "h": 106, "class": "pos"}, {"x": 14495, "y": 37793, "w": 101, "h": 75, "class": "pos"}, {"x": 9776, "y": 38578, "w": 63, "h": 178, "class": "pos"}, {"x": 9334, "y": 38034, "w": 135, "h": 107, "class": "pos"}, {"x": 10829, "y": 40189, "w": 147, "h": 86, "class": "pos"}, {"x": 11361, "y": 40196, "w": 130, "h": 114, "class": "pos"}, {"x": 11079, "y": 40111, "w": 97, "h": 87, "class": "pos"}, {"x": 10806, "y": 40904, "w": 139, "h": 122, "class": "pos"}, {"x": 11654, "y": 40665, "w": 65, "h": 101, "class": "pos"}, {"x": 12094, "y": 40764, "w": 78, "h": 74, "class": "pos"}, {"x": 13654, "y": 41526, "w": 100, "h": 98, "class": "pos"}, {"x": 15618, "y": 41668, "w": 73, "h": 82, "class": "pos"}, {"x": 22446, "y": 41892, "w": 143, "h": 101, "class": "pos"}, {"x": 23870, "y": 43134, "w": 127, "h": 106, "class": "pos"}, {"x": 24924, "y": 42823, "w": 79, "h": 77, "class": "pos"}, {"x": 27290, "y": 42896, "w": 83, "h": 100, "class": "pos"}, {"x": 28345, "y": 43022, "w": 124, "h": 107, "class": "pos"}, {"x": 29171, "y": 42463, "w": 244, "h": 257, "class": "pos"}, {"x": 20840, "y": 44155, "w": 48, "h": 65, "class": "pos"}, {"x": 19628, "y": 43647, "w": 50, "h": 72, "class": "pos"}, {"x": 17418, "y": 43110, "w": 92, "h": 100, "class": "pos"}, {"x": 17129, "y": 29914, "w": 98, "h": 90, "class": "pos"}]