[{"x": 28549, "y": 9396, "w": 253, "h": 558, "class": "pos"}, {"x": 23163, "y": 7567, "w": 6363, "h": 5567, "class": "roi"}, {"x": 23610, "y": 11590, "w": 224, "h": 194, "class": "pos"}, {"x": 23634, "y": 8873, "w": 367, "h": 212, "class": "pos"}, {"x": 24621, "y": 8594, "w": 260, "h": 173, "class": "pos"}, {"x": 28693, "y": 19516, "w": 254, "h": 203, "class": "pos"}, {"x": 25152, "y": 17683, "w": 4063, "h": 4047, "class": "roi"}, {"x": 25269, "y": 20880, "w": 191, "h": 432, "class": "pos"}, {"x": 25482, "y": 20336, "w": 225, "h": 226, "class": "pos"}, {"x": 28866, "y": 18349, "w": 212, "h": 167, "class": "pos"}, {"x": 26080, "y": 17933, "w": 281, "h": 361, "class": "pos"}, {"x": 26121, "y": 18917, "w": 279, "h": 322, "class": "pos"}, {"x": 22079, "y": 40108, "w": 299, "h": 304, "class": "pos"}, {"x": 20591, "y": 38638, "w": 4999, "h": 4757, "class": "roi"}, {"x": 24305, "y": 42977, "w": 170, "h": 189, "class": "pos"}, {"x": 24147, "y": 42142, "w": 165, "h": 184, "class": "pos"}, {"x": 22259, "y": 41564, "w": 103, "h": 130, "class": "pos"}, {"x": 22576, "y": 39087, "w": 273, "h": 216, "class": "pos"}, {"x": 21016, "y": 39520, "w": 201, "h": 125, "class": "pos"}, {"x": 28401, "y": 9938, "w": 280, "h": 489, "class": "pos"}, {"x": 22848, "y": 43027, "w": 428, "h": 188, "class": "pos"}, {"x": 22958, "y": 42655, "w": 479, "h": 370, "class": "pos"}]