[{"x": 32163, "y": 7736, "w": 6017, "h": 3638, "class": "roi"}, {"x": 34178, "y": 8144, "w": 311, "h": 219, "class": "pos"}, {"x": 21527, "y": 9592, "w": 3879, "h": 4287, "class": "roi"}, {"x": 23374, "y": 11486, "w": 64, "h": 67, "class": "pos"}, {"x": 27676, "y": 10115, "w": 3840, "h": 4828, "class": "roi"}, {"x": 29759, "y": 11599, "w": 122, "h": 118, "class": "pos"}, {"x": 37762, "y": 15164, "w": 4767, "h": 3623, "class": "roi"}, {"x": 39820, "y": 16386, "w": 185, "h": 184, "class": "pos"}, {"x": 13545, "y": 16690, "w": 5968, "h": 5625, "class": "roi"}, {"x": 16388, "y": 18453, "w": 337, "h": 290, "class": "pos"}, {"x": 38300, "y": 26385, "w": 3822, "h": 4012, "class": "roi"}, {"x": 39373, "y": 26976, "w": 89, "h": 76, "class": "pos"}, {"x": 39149, "y": 27622, "w": 154, "h": 126, "class": "pos"}]