[{"x": 28584, "y": 35915, "w": 10578, "h": 8975, "class": "roi"}, {"x": 37211, "y": 38602, "w": 231, "h": 273, "class": "pos"}, {"x": 37398, "y": 38524, "w": 71, "h": 64, "class": "pos"}, {"x": 34038, "y": 39430, "w": 134, "h": 171, "class": "pos"}, {"x": 33275, "y": 39792, "w": 111, "h": 158, "class": "pos"}, {"x": 33350, "y": 39635, "w": 411, "h": 380, "class": "pos"}, {"x": 31382, "y": 41202, "w": 131, "h": 122, "class": "pos"}, {"x": 31442, "y": 41523, "w": 111, "h": 114, "class": "pos"}, {"x": 29909, "y": 41110, "w": 100, "h": 124, "class": "pos"}, {"x": 29303, "y": 40540, "w": 235, "h": 184, "class": "pos"}, {"x": 30322, "y": 40585, "w": 186, "h": 173, "class": "pos"}, {"x": 30603, "y": 39970, "w": 176, "h": 220, "class": "pos"}, {"x": 31228, "y": 40456, "w": 51, "h": 64, "class": "pos"}, {"x": 32015, "y": 40374, "w": 97, "h": 68, "class": "pos"}, {"x": 29268, "y": 43912, "w": 117, "h": 281, "class": "pos"}, {"x": 30282, "y": 43992, "w": 135, "h": 195, "class": "pos"}, {"x": 30489, "y": 37052, "w": 144, "h": 254, "class": "pos"}, {"x": 30538, "y": 36543, "w": 98, "h": 168, "class": "pos"}, {"x": 28990, "y": 35995, "w": 267, "h": 406, "class": "pos"}, {"x": 33522, "y": 38736, "w": 95, "h": 176, "class": "pos"}, {"x": 35012, "y": 40310, "w": 352, "h": 275, "class": "pos"}, {"x": 35987, "y": 38442, "w": 56, "h": 59, "class": "pos"}, {"x": 36999, "y": 36867, "w": 412, "h": 255, "class": "pos"}, {"x": 9697, "y": 15192, "w": 4154, "h": 3796, "class": "roi"}, {"x": 10806, "y": 18142, "w": 178, "h": 214, "class": "pos"}, {"x": 11091, "y": 17048, "w": 144, "h": 191, "class": "pos"}, {"x": 10780, "y": 17215, "w": 257, "h": 346, "class": "pos"}, {"x": 11086, "y": 16881, "w": 81, "h": 73, "class": "pos"}, {"x": 10803, "y": 15538, "w": 208, "h": 285, "class": "pos"}, {"x": 9939, "y": 15248, "w": 349, "h": 217, "class": "pos"}, {"x": 10424, "y": 15203, "w": 362, "h": 403, "class": "pos"}, {"x": 10381, "y": 15890, "w": 403, "h": 257, "class": "pos"}, {"x": 9836, "y": 16456, "w": 386, "h": 291, "class": "pos"}, {"x": 11503, "y": 16786, "w": 117, "h": 151, "class": "pos"}, {"x": 12108, "y": 16248, "w": 327, "h": 366, "class": "pos"}, {"x": 13120, "y": 16125, "w": 137, "h": 179, "class": "pos"}, {"x": 13351, "y": 16687, "w": 180, "h": 166, "class": "pos"}, {"x": 12489, "y": 17760, "w": 315, "h": 223, "class": "pos"}, {"x": 12871, "y": 17751, "w": 107, "h": 76, "class": "pos"}, {"x": 12688, "y": 17987, "w": 273, "h": 233, "class": "pos"}, {"x": 12892, "y": 18661, "w": 128, "h": 84, "class": "pos"}, {"x": 28671, "y": 36062, "w": 254, "h": 413, "class": "pos"}, {"x": 36999, "y": 37124, "w": 296, "h": 376, "class": "pos"}, {"x": 37008, "y": 37502, "w": 371, "h": 352, "class": "pos"}, {"x": 10803, "y": 15305, "w": 207, "h": 225, "class": "pos"}, {"x": 10217, "y": 15714, "w": 159, "h": 271, "class": "pos"}, {"x": 10222, "y": 16446, "w": 333, "h": 391, "class": "pos"}, {"x": 12940, "y": 18153, "w": 238, "h": 267, "class": "pos"}, {"x": 33303, "y": 40017, "w": 371, "h": 231, "class": "pos"}, {"x": 10222, "y": 16838, "w": 325, "h": 172, "class": "pos"}, {"x": 9840, "y": 16748, "w": 379, "h": 209, "class": "pos"}, {"x": 10447, "y": 15609, "w": 328, "h": 278, "class": "pos"}, {"x": 12095, "y": 16615, "w": 226, "h": 183, "class": "pos"}]