[{"x": 41598, "y": 16262, "w": 4136, "h": 4089, "class": "roi"}, {"x": 32809, "y": 30409, "w": 4136, "h": 3525, "class": "roi"}, {"x": 3386, "y": 24816, "w": 4042, "h": 3854, "class": "roi"}, {"x": 44559, "y": 18142, "w": 102, "h": 116, "class": "pos"}, {"x": 44623, "y": 17990, "w": 72, "h": 96, "class": "pos"}, {"x": 42465, "y": 19218, "w": 38, "h": 45, "class": "pos"}, {"x": 45434, "y": 18754, "w": 68, "h": 81, "class": "pos"}, {"x": 35169, "y": 31308, "w": 83, "h": 95, "class": "pos"}, {"x": 33938, "y": 31392, "w": 65, "h": 80, "class": "pos"}, {"x": 33234, "y": 31739, "w": 68, "h": 49, "class": "pos"}, {"x": 33220, "y": 31527, "w": 53, "h": 63, "class": "pos"}, {"x": 36081, "y": 32514, "w": 76, "h": 72, "class": "pos"}, {"x": 5830, "y": 24911, "w": 48, "h": 83, "class": "pos"}, {"x": 7148, "y": 25145, "w": 73, "h": 61, "class": "pos"}, {"x": 4609, "y": 25393, "w": 70, "h": 72, "class": "pos"}, {"x": 6042, "y": 28471, "w": 62, "h": 95, "class": "pos"}]