[{"x": 37653, "y": 8591, "w": 4601, "h": 4530, "class": "roi"}, {"x": 25446, "y": 36574, "w": 5399, "h": 5164, "class": "roi"}, {"x": 26667, "y": 3145, "w": 4694, "h": 4835, "class": "roi"}, {"x": 28832, "y": 4994, "w": 86, "h": 111, "class": "pos"}, {"x": 28594, "y": 5227, "w": 208, "h": 156, "class": "pos"}, {"x": 40378, "y": 11074, "w": 37, "h": 38, "class": "pos"}, {"x": 40488, "y": 10946, "w": 70, "h": 56, "class": "pos"}, {"x": 39729, "y": 10819, "w": 51, "h": 60, "class": "pos"}, {"x": 40764, "y": 11163, "w": 101, "h": 80, "class": "pos"}, {"x": 40652, "y": 11144, "w": 46, "h": 72, "class": "pos"}, {"x": 40625, "y": 10985, "w": 53, "h": 43, "class": "pos"}, {"x": 38796, "y": 12709, "w": 115, "h": 110, "class": "pos"}, {"x": 38078, "y": 12918, "w": 53, "h": 75, "class": "pos"}, {"x": 39278, "y": 13018, "w": 116, "h": 84, "class": "pos"}, {"x": 30360, "y": 39563, "w": 62, "h": 75, "class": "pos"}, {"x": 30031, "y": 39446, "w": 144, "h": 80, "class": "pos"}, {"x": 28911, "y": 38111, "w": 78, "h": 73, "class": "pos"}]