[{"x": 8791, "y": 28436, "w": 5474, "h": 4599, "class": "roi"}, {"x": 13541, "y": 32170, "w": 116, "h": 89, "class": "pos"}, {"x": 13718, "y": 32117, "w": 78, "h": 116, "class": "pos"}, {"x": 13732, "y": 18603, "w": 4269, "h": 3541, "class": "roi"}, {"x": 14366, "y": 21307, "w": 94, "h": 100, "class": "pos"}, {"x": 40539, "y": 17888, "w": 5187, "h": 5756, "class": "roi"}, {"x": 45155, "y": 18392, "w": 111, "h": 121, "class": "pos"}, {"x": 43157, "y": 21155, "w": 368, "h": 197, "class": "pos"}, {"x": 13679, "y": 32000, "w": 172, "h": 136, "class": "pos"}]