[{"x": 25368, "y": 2547, "w": 7678, "h": 5459, "class": "roi"}, {"x": 27226, "y": 3060, "w": 55, "h": 86, "class": "pos"}, {"x": 27341, "y": 4041, "w": 196, "h": 167, "class": "pos"}, {"x": 30948, "y": 5523, "w": 72, "h": 93, "class": "pos"}, {"x": 32466, "y": 6724, "w": 201, "h": 269, "class": "pos"}, {"x": 29655, "y": 7308, "w": 90, "h": 83, "class": "pos"}, {"x": 21248, "y": 38276, "w": 7052, "h": 6085, "class": "roi"}, {"x": 23291, "y": 39507, "w": 300, "h": 220, "class": "pos"}, {"x": 27224, "y": 40563, "w": 216, "h": 385, "class": "pos"}, {"x": 25907, "y": 41731, "w": 173, "h": 282, "class": "pos"}, {"x": 2786, "y": 23843, "w": 347, "h": 220, "class": "pos"}, {"x": 2497, "y": 19231, "w": 5100, "h": 5175, "class": "roi"}, {"x": 2570, "y": 22466, "w": 204, "h": 120, "class": "pos"}, {"x": 6178, "y": 20684, "w": 172, "h": 160, "class": "pos"}]