[{"x": 8781, "y": 22643, "w": 3458, "h": 2865, "class": "roi"}, {"x": 11543, "y": 24042, "w": 73, "h": 111, "class": "pos"}, {"x": 26056, "y": 29163, "w": 6775, "h": 3959, "class": "roi"}, {"x": 28572, "y": 30279, "w": 228, "h": 187, "class": "pos"}, {"x": 27807, "y": 32522, "w": 114, "h": 90, "class": "pos"}, {"x": 28742, "y": 13958, "w": 148, "h": 131, "class": "pos"}, {"x": 26832, "y": 13113, "w": 3483, "h": 2043, "class": "roi"}, {"x": 29865, "y": 13458, "w": 66, "h": 57, "class": "pos"}, {"x": 29507, "y": 14803, "w": 61, "h": 65, "class": "pos"}, {"x": 28969, "y": 3867, "w": 10099, "h": 7761, "class": "roi"}, {"x": 38466, "y": 9257, "w": 309, "h": 115, "class": "pos"}, {"x": 33239, "y": 4925, "w": 123, "h": 128, "class": "pos"}]