[{"x": 14608, "y": 4273, "w": 373, "h": 429, "class": "pos"}, {"x": 14066, "y": 4033, "w": 3414, "h": 3281, "class": "roi"}, {"x": 15531, "y": 4045, "w": 224, "h": 251, "class": "pos"}, {"x": 15113, "y": 5176, "w": 258, "h": 287, "class": "pos"}, {"x": 14792, "y": 4855, "w": 98, "h": 77, "class": "pos"}, {"x": 16386, "y": 5418, "w": 41, "h": 38, "class": "pos"}, {"x": 17015, "y": 5345, "w": 76, "h": 64, "class": "pos"}, {"x": 14847, "y": 6012, "w": 229, "h": 189, "class": "pos"}, {"x": 15049, "y": 6333, "w": 89, "h": 87, "class": "pos"}, {"x": 14429, "y": 6110, "w": 82, "h": 72, "class": "pos"}, {"x": 14158, "y": 6794, "w": 144, "h": 124, "class": "pos"}, {"x": 14439, "y": 6750, "w": 99, "h": 80, "class": "pos"}, {"x": 14574, "y": 6825, "w": 202, "h": 215, "class": "pos"}, {"x": 15493, "y": 6767, "w": 111, "h": 176, "class": "pos"}, {"x": 16836, "y": 6583, "w": 131, "h": 73, "class": "pos"}, {"x": 18991, "y": 7731, "w": 371, "h": 427, "class": "pos"}, {"x": 18384, "y": 5080, "w": 3272, "h": 3249, "class": "roi"}, {"x": 19832, "y": 5246, "w": 88, "h": 105, "class": "pos"}, {"x": 19764, "y": 5361, "w": 102, "h": 89, "class": "pos"}, {"x": 19499, "y": 5870, "w": 116, "h": 221, "class": "pos"}, {"x": 20758, "y": 5436, "w": 73, "h": 158, "class": "pos"}, {"x": 21448, "y": 5728, "w": 109, "h": 148, "class": "pos"}, {"x": 20571, "y": 6146, "w": 121, "h": 124, "class": "pos"}, {"x": 18468, "y": 6724, "w": 66, "h": 61, "class": "pos"}, {"x": 20883, "y": 6501, "w": 40, "h": 41, "class": "pos"}, {"x": 21415, "y": 7717, "w": 134, "h": 238, "class": "pos"}, {"x": 20770, "y": 7302, "w": 81, "h": 68, "class": "pos"}, {"x": 20090, "y": 7830, "w": 86, "h": 74, "class": "pos"}, {"x": 20455, "y": 8089, "w": 114, "h": 65, "class": "pos"}, {"x": 35745, "y": 33207, "w": 223, "h": 185, "class": "pos"}, {"x": 35727, "y": 33525, "w": 50, "h": 53, "class": "pos"}, {"x": 34514, "y": 31349, "w": 3541, "h": 3328, "class": "roi"}, {"x": 34925, "y": 31864, "w": 42, "h": 59, "class": "pos"}, {"x": 36001, "y": 31371, "w": 328, "h": 271, "class": "pos"}, {"x": 36756, "y": 31504, "w": 305, "h": 315, "class": "pos"}, {"x": 35599, "y": 32153, "w": 107, "h": 86, "class": "pos"}, {"x": 34568, "y": 32138, "w": 68, "h": 88, "class": "pos"}, {"x": 37774, "y": 32641, "w": 100, "h": 78, "class": "pos"}, {"x": 37770, "y": 33226, "w": 45, "h": 45, "class": "pos"}, {"x": 35057, "y": 33514, "w": 181, "h": 279, "class": "pos"}, {"x": 34528, "y": 33846, "w": 148, "h": 181, "class": "pos"}, {"x": 35389, "y": 33694, "w": 187, "h": 143, "class": "pos"}, {"x": 35101, "y": 34075, "w": 93, "h": 78, "class": "pos"}, {"x": 36630, "y": 33749, "w": 108, "h": 119, "class": "pos"}, {"x": 37330, "y": 33866, "w": 35, "h": 72, "class": "pos"}, {"x": 37187, "y": 34231, "w": 55, "h": 84, "class": "pos"}, {"x": 37545, "y": 34182, "w": 77, "h": 62, "class": "pos"}, {"x": 37897, "y": 34061, "w": 97, "h": 145, "class": "pos"}, {"x": 37474, "y": 34368, "w": 65, "h": 101, "class": "pos"}, {"x": 35763, "y": 34486, "w": 109, "h": 89, "class": "pos"}, {"x": 21460, "y": 7328, "w": 148, "h": 395, "class": "pos"}]