[{"x": 14340, "y": 8826, "w": 9097, "h": 9698, "class": "roi"}, {"x": 17611, "y": 14603, "w": 346, "h": 300, "class": "pos"}, {"x": 16670, "y": 13413, "w": 235, "h": 228, "class": "pos"}, {"x": 19359, "y": 12433, "w": 186, "h": 365, "class": "pos"}, {"x": 16552, "y": 11959, "w": 356, "h": 263, "class": "pos"}, {"x": 16309, "y": 12720, "w": 133, "h": 166, "class": "pos"}, {"x": 21873, "y": 14089, "w": 252, "h": 314, "class": "pos"}, {"x": 21739, "y": 12829, "w": 305, "h": 142, "class": "pos"}, {"x": 22038, "y": 13272, "w": 184, "h": 284, "class": "pos"}, {"x": 22374, "y": 10616, "w": 178, "h": 191, "class": "pos"}, {"x": 22548, "y": 11426, "w": 225, "h": 298, "class": "pos"}, {"x": 22856, "y": 11426, "w": 269, "h": 316, "class": "pos"}, {"x": 21691, "y": 8837, "w": 291, "h": 374, "class": "pos"}, {"x": 21254, "y": 10489, "w": 261, "h": 137, "class": "pos"}, {"x": 21591, "y": 9768, "w": 233, "h": 165, "class": "pos"}, {"x": 20434, "y": 10183, "w": 235, "h": 217, "class": "pos"}, {"x": 18233, "y": 9276, "w": 210, "h": 139, "class": "pos"}, {"x": 18609, "y": 9426, "w": 116, "h": 128, "class": "pos"}, {"x": 16840, "y": 8882, "w": 145, "h": 104, "class": "pos"}, {"x": 15126, "y": 9195, "w": 173, "h": 184, "class": "pos"}, {"x": 14522, "y": 13219, "w": 185, "h": 232, "class": "pos"}, {"x": 15315, "y": 14482, "w": 128, "h": 147, "class": "pos"}, {"x": 15823, "y": 15088, "w": 226, "h": 117, "class": "pos"}, {"x": 15094, "y": 15493, "w": 142, "h": 152, "class": "pos"}, {"x": 14742, "y": 16555, "w": 249, "h": 214, "class": "pos"}, {"x": 17047, "y": 16390, "w": 224, "h": 264, "class": "pos"}, {"x": 16057, "y": 16030, "w": 117, "h": 82, "class": "pos"}, {"x": 17321, "y": 16216, "w": 193, "h": 181, "class": "pos"}, {"x": 16107, "y": 17564, "w": 187, "h": 218, "class": "pos"}, {"x": 15969, "y": 17053, "w": 115, "h": 137, "class": "pos"}, {"x": 17502, "y": 18080, "w": 174, "h": 347, "class": "pos"}, {"x": 18214, "y": 18019, "w": 123, "h": 121, "class": "pos"}, {"x": 19031, "y": 17984, "w": 150, "h": 154, "class": "pos"}, {"x": 18908, "y": 17362, "w": 119, "h": 166, "class": "pos"}, {"x": 19163, "y": 18226, "w": 84, "h": 102, "class": "pos"}, {"x": 20902, "y": 17101, "w": 251, "h": 220, "class": "pos"}, {"x": 22349, "y": 16965, "w": 259, "h": 292, "class": "pos"}, {"x": 22913, "y": 17819, "w": 290, "h": 319, "class": "pos"}, {"x": 21551, "y": 17232, "w": 94, "h": 90, "class": "pos"}, {"x": 20851, "y": 15246, "w": 255, "h": 207, "class": "pos"}, {"x": 19953, "y": 13132, "w": 174, "h": 125, "class": "pos"}, {"x": 17831, "y": 13410, "w": 174, "h": 162, "class": "pos"}, {"x": 17788, "y": 13663, "w": 117, "h": 148, "class": "pos"}, {"x": 18809, "y": 13869, "w": 185, "h": 212, "class": "pos"}, {"x": 19618, "y": 13840, "w": 314, "h": 166, "class": "pos"}, {"x": 16494, "y": 10677, "w": 207, "h": 123, "class": "pos"}, {"x": 14406, "y": 10401, "w": 98, "h": 142, "class": "pos"}, {"x": 14683, "y": 9855, "w": 138, "h": 88, "class": "pos"}, {"x": 14479, "y": 10249, "w": 60, "h": 81, "class": "pos"}, {"x": 16232, "y": 8934, "w": 167, "h": 169, "class": "pos"}, {"x": 14974, "y": 9710, "w": 111, "h": 122, "class": "pos"}, {"x": 15236, "y": 11196, "w": 145, "h": 122, "class": "pos"}, {"x": 16907, "y": 11981, "w": 305, "h": 217, "class": "pos"}, {"x": 22127, "y": 14115, "w": 212, "h": 357, "class": "pos"}, {"x": 17037, "y": 16655, "w": 233, "h": 186, "class": "pos"}, {"x": 21984, "y": 9075, "w": 163, "h": 281, "class": "pos"}]