[{"x": 8430, "y": 16213, "w": 394, "h": 238, "class": "pos"}, {"x": 3007, "y": 14537, "w": 7137, "h": 5113, "class": "roi"}, {"x": 3161, "y": 16144, "w": 155, "h": 116, "class": "pos"}, {"x": 30227, "y": 7403, "w": 181, "h": 181, "class": "pos"}, {"x": 24826, "y": 5328, "w": 6039, "h": 6295, "class": "roi"}, {"x": 26349, "y": 11499, "w": 123, "h": 90, "class": "pos"}, {"x": 33479, "y": 24470, "w": 282, "h": 167, "class": "pos"}, {"x": 29599, "y": 22688, "w": 4706, "h": 3195, "class": "roi"}, {"x": 28814, "y": 37767, "w": 4596, "h": 3769, "class": "roi"}, {"x": 30121, "y": 40524, "w": 96, "h": 104, "class": "pos"}, {"x": 30297, "y": 40807, "w": 99, "h": 117, "class": "pos"}, {"x": 32932, "y": 40828, "w": 58, "h": 93, "class": "pos"}, {"x": 33073, "y": 40147, "w": 139, "h": 221, "class": "pos"}, {"x": 5274, "y": 22216, "w": 164, "h": 182, "class": "pos"}, {"x": 2067, "y": 19984, "w": 3871, "h": 4127, "class": "roi"}, {"x": 2536, "y": 21879, "w": 76, "h": 68, "class": "pos"}, {"x": 2505, "y": 21635, "w": 46, "h": 38, "class": "pos"}]