[{"x": 32556, "y": 13728, "w": 285, "h": 288, "class": "pos"}, {"x": 32376, "y": 13515, "w": 445, "h": 298, "class": "pos"}, {"x": 29502, "y": 12227, "w": 5410, "h": 4711, "class": "roi"}, {"x": 32982, "y": 12422, "w": 84, "h": 137, "class": "pos"}, {"x": 34036, "y": 12490, "w": 80, "h": 185, "class": "pos"}, {"x": 29701, "y": 16373, "w": 119, "h": 185, "class": "pos"}, {"x": 39039, "y": 32334, "w": 295, "h": 308, "class": "pos"}, {"x": 37949, "y": 35432, "w": 109, "h": 109, "class": "pos"}, {"x": 38705, "y": 35267, "w": 152, "h": 196, "class": "pos"}, {"x": 38680, "y": 35704, "w": 182, "h": 141, "class": "pos"}, {"x": 37920, "y": 33768, "w": 272, "h": 246, "class": "pos"}, {"x": 39827, "y": 32707, "w": 134, "h": 101, "class": "pos"}, {"x": 36657, "y": 31529, "w": 5119, "h": 5759, "class": "roi"}, {"x": 39537, "y": 37072, "w": 123, "h": 134, "class": "pos"}, {"x": 19951, "y": 28365, "w": 348, "h": 332, "class": "pos"}, {"x": 18068, "y": 26694, "w": 5468, "h": 5235, "class": "roi"}, {"x": 18992, "y": 27757, "w": 143, "h": 213, "class": "pos"}, {"x": 22276, "y": 30166, "w": 129, "h": 206, "class": "pos"}, {"x": 21815, "y": 30393, "w": 230, "h": 314, "class": "pos"}, {"x": 18802, "y": 30705, "w": 127, "h": 89, "class": "pos"}, {"x": 18970, "y": 27732, "w": 89, "h": 52, "class": "pos"}, {"x": 19043, "y": 27669, "w": 67, "h": 102, "class": "pos"}]