[{"x": 13325, "y": 3626, "w": 4135, "h": 3188, "class": "roi"}, {"x": 4024, "y": 11553, "w": 3841, "h": 3276, "class": "roi"}, {"x": 22247, "y": 13776, "w": 3276, "h": 4065, "class": "roi"}, {"x": 13468, "y": 4486, "w": 140, "h": 83, "class": "pos"}, {"x": 14145, "y": 5351, "w": 106, "h": 131, "class": "pos"}, {"x": 13972, "y": 5513, "w": 80, "h": 135, "class": "pos"}, {"x": 14112, "y": 6254, "w": 128, "h": 122, "class": "pos"}, {"x": 16639, "y": 3699, "w": 78, "h": 58, "class": "pos"}, {"x": 17302, "y": 4060, "w": 117, "h": 78, "class": "pos"}, {"x": 17141, "y": 4048, "w": 69, "h": 98, "class": "pos"}, {"x": 16623, "y": 5046, "w": 101, "h": 113, "class": "pos"}, {"x": 16762, "y": 5049, "w": 132, "h": 154, "class": "pos"}, {"x": 4704, "y": 11777, "w": 86, "h": 72, "class": "pos"}, {"x": 7695, "y": 12452, "w": 138, "h": 100, "class": "pos"}, {"x": 4361, "y": 13185, "w": 69, "h": 56, "class": "pos"}, {"x": 5983, "y": 13921, "w": 79, "h": 81, "class": "pos"}, {"x": 22881, "y": 13822, "w": 100, "h": 108, "class": "pos"}, {"x": 23407, "y": 13934, "w": 103, "h": 90, "class": "pos"}, {"x": 23338, "y": 15470, "w": 95, "h": 91, "class": "pos"}, {"x": 24752, "y": 16402, "w": 88, "h": 142, "class": "pos"}, {"x": 23833, "y": 16252, "w": 75, "h": 75, "class": "pos"}, {"x": 22316, "y": 16458, "w": 135, "h": 132, "class": "pos"}, {"x": 22580, "y": 17462, "w": 51, "h": 86, "class": "pos"}, {"x": 22814, "y": 17288, "w": 140, "h": 103, "class": "pos"}, {"x": 24178, "y": 17260, "w": 249, "h": 210, "class": "pos"}, {"x": 24057, "y": 17449, "w": 49, "h": 75, "class": "pos"}, {"x": 23861, "y": 17130, "w": 66, "h": 74, "class": "pos"}, {"x": 24440, "y": 17589, "w": 81, "h": 73, "class": "pos"}, {"x": 24654, "y": 15349, "w": 97, "h": 93, "class": "pos"}]