[{"x": 18578, "y": 4560, "w": 3855, "h": 3449, "class": "roi"}, {"x": 19835, "y": 5443, "w": 160, "h": 132, "class": "pos"}, {"x": 19673, "y": 18762, "w": 3825, "h": 3200, "class": "roi"}, {"x": 22872, "y": 19868, "w": 125, "h": 143, "class": "pos"}, {"x": 21734, "y": 31651, "w": 3540, "h": 3256, "class": "roi"}, {"x": 23939, "y": 33768, "w": 81, "h": 120, "class": "pos"}, {"x": 37785, "y": 35053, "w": 3388, "h": 3192, "class": "roi"}, {"x": 39642, "y": 35964, "w": 134, "h": 116, "class": "pos"}]