[{"x": 3888, "y": 21798, "w": 5006, "h": 4313, "class": "roi"}, {"x": 7436, "y": 22655, "w": 80, "h": 129, "class": "pos"}, {"x": 7079, "y": 22946, "w": 81, "h": 70, "class": "pos"}, {"x": 5676, "y": 23203, "w": 75, "h": 78, "class": "pos"}, {"x": 7158, "y": 23926, "w": 86, "h": 117, "class": "pos"}, {"x": 8697, "y": 23800, "w": 78, "h": 49, "class": "pos"}, {"x": 8426, "y": 23825, "w": 84, "h": 61, "class": "pos"}, {"x": 8211, "y": 25898, "w": 56, "h": 112, "class": "pos"}, {"x": 6978, "y": 25947, "w": 64, "h": 65, "class": "pos"}, {"x": 12422, "y": 8661, "w": 4138, "h": 3925, "class": "roi"}, {"x": 12679, "y": 8776, "w": 107, "h": 68, "class": "pos"}, {"x": 12825, "y": 8748, "w": 120, "h": 87, "class": "pos"}, {"x": 15469, "y": 9549, "w": 83, "h": 52, "class": "pos"}, {"x": 15761, "y": 9380, "w": 113, "h": 172, "class": "pos"}, {"x": 14202, "y": 9446, "w": 61, "h": 59, "class": "pos"}, {"x": 12761, "y": 9266, "w": 34, "h": 53, "class": "pos"}, {"x": 12772, "y": 9903, "w": 53, "h": 83, "class": "pos"}, {"x": 13491, "y": 10094, "w": 100, "h": 88, "class": "pos"}, {"x": 14203, "y": 10110, "w": 54, "h": 49, "class": "pos"}, {"x": 15570, "y": 9845, "w": 112, "h": 107, "class": "pos"}, {"x": 15963, "y": 9975, "w": 145, "h": 104, "class": "pos"}, {"x": 16179, "y": 11011, "w": 51, "h": 82, "class": "pos"}, {"x": 16272, "y": 10967, "w": 53, "h": 88, "class": "pos"}, {"x": 16126, "y": 11184, "w": 161, "h": 133, "class": "pos"}, {"x": 16321, "y": 11528, "w": 163, "h": 248, "class": "pos"}, {"x": 15696, "y": 11727, "w": 108, "h": 102, "class": "pos"}, {"x": 15465, "y": 11816, "w": 53, "h": 64, "class": "pos"}, {"x": 15384, "y": 11657, "w": 72, "h": 82, "class": "pos"}, {"x": 15425, "y": 12132, "w": 143, "h": 123, "class": "pos"}, {"x": 15184, "y": 12034, "w": 54, "h": 57, "class": "pos"}, {"x": 14667, "y": 12027, "w": 52, "h": 83, "class": "pos"}, {"x": 14218, "y": 12224, "w": 43, "h": 59, "class": "pos"}, {"x": 12493, "y": 10182, "w": 112, "h": 92, "class": "pos"}, {"x": 20401, "y": 23064, "w": 4010, "h": 2986, "class": "roi"}, {"x": 23324, "y": 25663, "w": 85, "h": 161, "class": "pos"}, {"x": 23004, "y": 25416, "w": 130, "h": 68, "class": "pos"}, {"x": 24256, "y": 24741, "w": 107, "h": 76, "class": "pos"}, {"x": 24043, "y": 24438, "w": 51, "h": 67, "class": "pos"}]