[{"x": 3170, "y": 11717, "w": 182, "h": 182, "class": "pos"}, {"x": 1763, "y": 11333, "w": 3450, "h": 3310, "class": "roi"}, {"x": 4761, "y": 11804, "w": 203, "h": 184, "class": "pos"}, {"x": 16065, "y": 3658, "w": 3589, "h": 3520, "class": "roi"}, {"x": 7540, "y": 4231, "w": 3485, "h": 3318, "class": "roi"}, {"x": 17908, "y": 20125, "w": 4182, "h": 3798, "class": "roi"}, {"x": 20987, "y": 21388, "w": 251, "h": 242, "class": "pos"}, {"x": 18020, "y": 22802, "w": 281, "h": 157, "class": "pos"}, {"x": 18936, "y": 21988, "w": 308, "h": 265, "class": "pos"}, {"x": 8400, "y": 4389, "w": 168, "h": 234, "class": "pos"}, {"x": 7845, "y": 6562, "w": 164, "h": 143, "class": "pos"}, {"x": 18543, "y": 6265, "w": 221, "h": 135, "class": "pos"}, {"x": 17566, "y": 6049, "w": 172, "h": 206, "class": "pos"}, {"x": 16989, "y": 6631, "w": 132, "h": 121, "class": "pos"}, {"x": 18924, "y": 22247, "w": 190, "h": 280, "class": "pos"}]