[{"x": 6947, "y": 6669, "w": 3334, "h": 3130, "class": "roi"}, {"x": 16279, "y": 7287, "w": 3422, "h": 3302, "class": "roi"}, {"x": 12798, "y": 23929, "w": 3276, "h": 3159, "class": "roi"}, {"x": 7543, "y": 7799, "w": 108, "h": 85, "class": "pos"}, {"x": 7979, "y": 6839, "w": 65, "h": 63, "class": "pos"}, {"x": 9396, "y": 6792, "w": 96, "h": 106, "class": "pos"}, {"x": 7252, "y": 8583, "w": 91, "h": 72, "class": "pos"}, {"x": 8190, "y": 9490, "w": 154, "h": 73, "class": "pos"}, {"x": 8270, "y": 9579, "w": 92, "h": 85, "class": "pos"}, {"x": 8603, "y": 9608, "w": 38, "h": 27, "class": "pos"}, {"x": 8904, "y": 9188, "w": 105, "h": 108, "class": "pos"}, {"x": 9301, "y": 9340, "w": 59, "h": 37, "class": "pos"}, {"x": 17517, "y": 7364, "w": 91, "h": 85, "class": "pos"}, {"x": 18380, "y": 7605, "w": 64, "h": 78, "class": "pos"}, {"x": 18422, "y": 7309, "w": 45, "h": 41, "class": "pos"}, {"x": 16416, "y": 7806, "w": 65, "h": 50, "class": "pos"}]