[{"x": 9194, "y": 17275, "w": 335, "h": 368, "class": "pos"}, {"x": 10540, "y": 17677, "w": 156, "h": 204, "class": "pos"}, {"x": 10125, "y": 17533, "w": 99, "h": 101, "class": "pos"}, {"x": 10463, "y": 15539, "w": 333, "h": 258, "class": "pos"}, {"x": 10591, "y": 14996, "w": 221, "h": 339, "class": "pos"}, {"x": 6914, "y": 12981, "w": 6483, "h": 7053, "class": "roi"}, {"x": 8116, "y": 18653, "w": 219, "h": 292, "class": "pos"}, {"x": 8389, "y": 18279, "w": 162, "h": 125, "class": "pos"}, {"x": 7916, "y": 16986, "w": 401, "h": 256, "class": "pos"}, {"x": 7179, "y": 17609, "w": 96, "h": 93, "class": "pos"}, {"x": 8298, "y": 15473, "w": 99, "h": 117, "class": "pos"}, {"x": 7878, "y": 14452, "w": 129, "h": 120, "class": "pos"}, {"x": 7035, "y": 14052, "w": 66, "h": 89, "class": "pos"}, {"x": 8305, "y": 13580, "w": 162, "h": 157, "class": "pos"}, {"x": 8584, "y": 13259, "w": 326, "h": 245, "class": "pos"}, {"x": 8229, "y": 14116, "w": 92, "h": 76, "class": "pos"}, {"x": 8311, "y": 14203, "w": 58, "h": 67, "class": "pos"}, {"x": 7926, "y": 13742, "w": 42, "h": 65, "class": "pos"}, {"x": 8535, "y": 13011, "w": 99, "h": 169, "class": "pos"}, {"x": 10116, "y": 14125, "w": 121, "h": 135, "class": "pos"}, {"x": 9948, "y": 13975, "w": 107, "h": 119, "class": "pos"}, {"x": 10529, "y": 13603, "w": 229, "h": 183, "class": "pos"}, {"x": 12169, "y": 13327, "w": 102, "h": 108, "class": "pos"}, {"x": 12461, "y": 13521, "w": 99, "h": 146, "class": "pos"}, {"x": 11673, "y": 14297, "w": 285, "h": 214, "class": "pos"}, {"x": 12719, "y": 14396, "w": 171, "h": 148, "class": "pos"}, {"x": 13259, "y": 14830, "w": 53, "h": 108, "class": "pos"}, {"x": 12996, "y": 14689, "w": 54, "h": 42, "class": "pos"}, {"x": 12560, "y": 15416, "w": 244, "h": 323, "class": "pos"}, {"x": 12581, "y": 14934, "w": 57, "h": 80, "class": "pos"}, {"x": 10468, "y": 14519, "w": 82, "h": 130, "class": "pos"}, {"x": 8999, "y": 14519, "w": 198, "h": 133, "class": "pos"}, {"x": 8544, "y": 15653, "w": 216, "h": 134, "class": "pos"}, {"x": 11809, "y": 16713, "w": 240, "h": 158, "class": "pos"}, {"x": 12448, "y": 15906, "w": 288, "h": 317, "class": "pos"}, {"x": 13130, "y": 16999, "w": 66, "h": 109, "class": "pos"}, {"x": 8057, "y": 18125, "w": 240, "h": 256, "class": "pos"}, {"x": 9334, "y": 19598, "w": 177, "h": 261, "class": "pos"}, {"x": 10437, "y": 18890, "w": 71, "h": 73, "class": "pos"}, {"x": 13134, "y": 18266, "w": 188, "h": 231, "class": "pos"}]