[{"x": 11881, "y": 34126, "w": 192, "h": 155, "class": "pos"}, {"x": 10420, "y": 32716, "w": 3568, "h": 3346, "class": "roi"}, {"x": 10624, "y": 32807, "w": 214, "h": 216, "class": "pos"}, {"x": 24902, "y": 12292, "w": 181, "h": 247, "class": "pos"}, {"x": 23697, "y": 10963, "w": 5351, "h": 4839, "class": "roi"}, {"x": 23855, "y": 12811, "w": 239, "h": 185, "class": "pos"}, {"x": 26772, "y": 19797, "w": 180, "h": 169, "class": "pos"}, {"x": 26407, "y": 19447, "w": 3352, "h": 3606, "class": "roi"}]