[{"x": 13859, "y": 12772, "w": 288, "h": 284, "class": "pos"}, {"x": 13534, "y": 12470, "w": 5753, "h": 4528, "class": "roi"}, {"x": 18977, "y": 16577, "w": 184, "h": 179, "class": "pos"}, {"x": 7744, "y": 35960, "w": 170, "h": 131, "class": "pos"}, {"x": 7309, "y": 35662, "w": 5643, "h": 3199, "class": "roi"}, {"x": 10836, "y": 37465, "w": 93, "h": 123, "class": "pos"}, {"x": 28408, "y": 29703, "w": 443, "h": 364, "class": "pos"}, {"x": 23541, "y": 26354, "w": 5701, "h": 4596, "class": "roi"}, {"x": 37062, "y": 19236, "w": 216, "h": 164, "class": "pos"}, {"x": 32210, "y": 14905, "w": 5817, "h": 4770, "class": "roi"}, {"x": 36993, "y": 15175, "w": 64, "h": 95, "class": "pos"}, {"x": 36815, "y": 16204, "w": 106, "h": 115, "class": "pos"}]