[{"x": 22438, "y": 17808, "w": 9474, "h": 10866, "class": "roi"}, {"x": 28312, "y": 20178, "w": 144, "h": 179, "class": "pos"}, {"x": 26254, "y": 22233, "w": 381, "h": 295, "class": "pos"}, {"x": 28458, "y": 25355, "w": 194, "h": 174, "class": "pos"}, {"x": 9405, "y": 36650, "w": 5071, "h": 4463, "class": "roi"}, {"x": 12112, "y": 40481, "w": 426, "h": 421, "class": "pos"}, {"x": 12575, "y": 38197, "w": 86, "h": 55, "class": "pos"}, {"x": 32109, "y": 39311, "w": 183, "h": 124, "class": "pos"}, {"x": 28077, "y": 37229, "w": 4722, "h": 4228, "class": "roi"}]