[{"x": 9076, "y": 17425, "w": 6699, "h": 7483, "class": "roi"}, {"x": 14641, "y": 23813, "w": 222, "h": 249, "class": "pos"}, {"x": 14649, "y": 23355, "w": 217, "h": 194, "class": "pos"}, {"x": 9237, "y": 23825, "w": 79, "h": 63, "class": "pos"}, {"x": 14372, "y": 22574, "w": 110, "h": 161, "class": "pos"}, {"x": 10189, "y": 22761, "w": 59, "h": 85, "class": "pos"}, {"x": 12005, "y": 21827, "w": 139, "h": 119, "class": "pos"}, {"x": 14570, "y": 21738, "w": 192, "h": 224, "class": "pos"}, {"x": 12941, "y": 20673, "w": 67, "h": 95, "class": "pos"}, {"x": 12454, "y": 20296, "w": 106, "h": 89, "class": "pos"}, {"x": 12281, "y": 18995, "w": 126, "h": 190, "class": "pos"}, {"x": 10185, "y": 19021, "w": 52, "h": 59, "class": "pos"}, {"x": 9206, "y": 17771, "w": 95, "h": 147, "class": "pos"}]