[{"x": 39422, "y": 27529, "w": 3217, "h": 3309, "class": "roi"}, {"x": 29127, "y": 35539, "w": 4376, "h": 3434, "class": "roi"}, {"x": 33355, "y": 7261, "w": 3538, "h": 3355, "class": "roi"}, {"x": 33820, "y": 9113, "w": 64, "h": 83, "class": "pos"}, {"x": 34007, "y": 9321, "w": 62, "h": 129, "class": "pos"}, {"x": 34904, "y": 8980, "w": 55, "h": 77, "class": "pos"}, {"x": 42007, "y": 28429, "w": 67, "h": 72, "class": "pos"}, {"x": 40374, "y": 27751, "w": 67, "h": 82, "class": "pos"}, {"x": 42402, "y": 27545, "w": 97, "h": 75, "class": "pos"}, {"x": 40016, "y": 29856, "w": 59, "h": 83, "class": "pos"}, {"x": 33110, "y": 35632, "w": 150, "h": 183, "class": "pos"}, {"x": 33013, "y": 35700, "w": 74, "h": 83, "class": "pos"}, {"x": 32323, "y": 35868, "w": 45, "h": 45, "class": "pos"}, {"x": 31652, "y": 37906, "w": 68, "h": 46, "class": "pos"}, {"x": 32328, "y": 38346, "w": 54, "h": 41, "class": "pos"}, {"x": 32141, "y": 38274, "w": 58, "h": 54, "class": "pos"}, {"x": 30249, "y": 38862, "w": 59, "h": 62, "class": "pos"}]