[{"x": 20718, "y": 29142, "w": 317, "h": 405, "class": "pos"}, {"x": 19241, "y": 27380, "w": 3451, "h": 3194, "class": "roi"}, {"x": 21028, "y": 30144, "w": 95, "h": 123, "class": "pos"}, {"x": 21443, "y": 30457, "w": 103, "h": 73, "class": "pos"}, {"x": 20048, "y": 29593, "w": 51, "h": 51, "class": "pos"}, {"x": 22116, "y": 28764, "w": 239, "h": 297, "class": "pos"}, {"x": 22155, "y": 28711, "w": 42, "h": 41, "class": "pos"}, {"x": 21540, "y": 28694, "w": 164, "h": 266, "class": "pos"}, {"x": 21887, "y": 27813, "w": 67, "h": 65, "class": "pos"}, {"x": 22148, "y": 28087, "w": 50, "h": 58, "class": "pos"}, {"x": 22086, "y": 28174, "w": 57, "h": 64, "class": "pos"}, {"x": 22015, "y": 28094, "w": 75, "h": 63, "class": "pos"}, {"x": 21713, "y": 28158, "w": 35, "h": 51, "class": "pos"}, {"x": 21389, "y": 27683, "w": 61, "h": 70, "class": "pos"}, {"x": 21650, "y": 28086, "w": 52, "h": 54, "class": "pos"}, {"x": 21171, "y": 28205, "w": 46, "h": 62, "class": "pos"}, {"x": 21109, "y": 28574, "w": 63, "h": 56, "class": "pos"}, {"x": 20945, "y": 28963, "w": 71, "h": 68, "class": "pos"}, {"x": 20071, "y": 28431, "w": 48, "h": 66, "class": "pos"}, {"x": 19588, "y": 28354, "w": 48, "h": 67, "class": "pos"}, {"x": 19421, "y": 27765, "w": 136, "h": 119, "class": "pos"}, {"x": 20558, "y": 27820, "w": 62, "h": 59, "class": "pos"}, {"x": 20221, "y": 27655, "w": 64, "h": 66, "class": "pos"}, {"x": 31630, "y": 14060, "w": 3354, "h": 3261, "class": "roi"}, {"x": 32400, "y": 15555, "w": 221, "h": 241, "class": "pos"}, {"x": 31969, "y": 14461, "w": 79, "h": 72, "class": "pos"}, {"x": 32839, "y": 14347, "w": 130, "h": 68, "class": "pos"}, {"x": 34460, "y": 14147, "w": 49, "h": 43, "class": "pos"}, {"x": 34207, "y": 15019, "w": 220, "h": 201, "class": "pos"}, {"x": 33803, "y": 15244, "w": 62, "h": 61, "class": "pos"}, {"x": 33172, "y": 15284, "w": 45, "h": 38, "class": "pos"}, {"x": 33053, "y": 14884, "w": 38, "h": 78, "class": "pos"}, {"x": 31805, "y": 14764, "w": 71, "h": 92, "class": "pos"}, {"x": 34456, "y": 15922, "w": 84, "h": 41, "class": "pos"}, {"x": 34397, "y": 16868, "w": 73, "h": 39, "class": "pos"}, {"x": 33308, "y": 17073, "w": 124, "h": 152, "class": "pos"}, {"x": 31852, "y": 17208, "w": 61, "h": 111, "class": "pos"}, {"x": 32053, "y": 16962, "w": 59, "h": 53, "class": "pos"}, {"x": 32121, "y": 16590, "w": 45, "h": 61, "class": "pos"}, {"x": 32511, "y": 16961, "w": 45, "h": 46, "class": "pos"}, {"x": 31683, "y": 16928, "w": 40, "h": 38, "class": "pos"}, {"x": 20874, "y": 29549, "w": 121, "h": 253, "class": "pos"}, {"x": 32081, "y": 16577, "w": 38, "h": 31, "class": "pos"}]