[{"x": 35625, "y": 8246, "w": 6460, "h": 6847, "class": "roi"}, {"x": 40744, "y": 11084, "w": 340, "h": 359, "class": "pos"}, {"x": 39939, "y": 30489, "w": 4170, "h": 3761, "class": "roi"}, {"x": 43252, "y": 32395, "w": 218, "h": 360, "class": "pos"}, {"x": 40446, "y": 31037, "w": 137, "h": 184, "class": "pos"}, {"x": 25637, "y": 31740, "w": 4379, "h": 3947, "class": "roi"}, {"x": 28278, "y": 34434, "w": 378, "h": 322, "class": "pos"}, {"x": 28866, "y": 34972, "w": 201, "h": 234, "class": "pos"}, {"x": 27143, "y": 32159, "w": 152, "h": 132, "class": "pos"}, {"x": 27063, "y": 32950, "w": 122, "h": 175, "class": "pos"}, {"x": 27879, "y": 35559, "w": 52, "h": 68, "class": "pos"}, {"x": 29903, "y": 24406, "w": 4485, "h": 3546, "class": "roi"}, {"x": 33490, "y": 26071, "w": 141, "h": 192, "class": "pos"}, {"x": 32163, "y": 25481, "w": 238, "h": 235, "class": "pos"}, {"x": 41078, "y": 11125, "w": 255, "h": 213, "class": "pos"}]