[{"x": 5795, "y": 7953, "w": 3940, "h": 3758, "class": "roi"}, {"x": 21677, "y": 10378, "w": 3879, "h": 3879, "class": "roi"}, {"x": 7068, "y": 20380, "w": 4607, "h": 3637, "class": "roi"}, {"x": 9051, "y": 8406, "w": 130, "h": 47, "class": "pos"}, {"x": 8158, "y": 10706, "w": 104, "h": 90, "class": "pos"}, {"x": 24891, "y": 10503, "w": 66, "h": 61, "class": "pos"}, {"x": 22498, "y": 11065, "w": 49, "h": 37, "class": "pos"}, {"x": 22528, "y": 11024, "w": 57, "h": 42, "class": "pos"}, {"x": 22805, "y": 10976, "w": 34, "h": 31, "class": "pos"}, {"x": 22668, "y": 11085, "w": 91, "h": 66, "class": "pos"}, {"x": 22508, "y": 11336, "w": 59, "h": 48, "class": "pos"}, {"x": 24251, "y": 11809, "w": 97, "h": 72, "class": "pos"}, {"x": 24110, "y": 11888, "w": 302, "h": 273, "class": "pos"}, {"x": 21850, "y": 13225, "w": 115, "h": 141, "class": "pos"}, {"x": 21973, "y": 13715, "w": 304, "h": 288, "class": "pos"}, {"x": 22352, "y": 13720, "w": 119, "h": 132, "class": "pos"}, {"x": 22376, "y": 13603, "w": 87, "h": 120, "class": "pos"}, {"x": 22764, "y": 12979, "w": 76, "h": 64, "class": "pos"}, {"x": 24810, "y": 14001, "w": 125, "h": 127, "class": "pos"}, {"x": 11221, "y": 20573, "w": 89, "h": 73, "class": "pos"}, {"x": 11237, "y": 20673, "w": 52, "h": 34, "class": "pos"}, {"x": 10395, "y": 20918, "w": 102, "h": 66, "class": "pos"}, {"x": 9872, "y": 20853, "w": 86, "h": 90, "class": "pos"}, {"x": 9062, "y": 20943, "w": 35, "h": 54, "class": "pos"}, {"x": 8591, "y": 20916, "w": 84, "h": 96, "class": "pos"}, {"x": 9911, "y": 21713, "w": 34, "h": 38, "class": "pos"}, {"x": 10742, "y": 21638, "w": 79, "h": 91, "class": "pos"}, {"x": 11096, "y": 21115, "w": 102, "h": 122, "class": "pos"}, {"x": 8472, "y": 22910, "w": 79, "h": 116, "class": "pos"}, {"x": 8354, "y": 23255, "w": 73, "h": 62, "class": "pos"}, {"x": 8909, "y": 23672, "w": 100, "h": 158, "class": "pos"}, {"x": 9386, "y": 23869, "w": 70, "h": 59, "class": "pos"}, {"x": 8202, "y": 23631, "w": 67, "h": 83, "class": "pos"}, {"x": 7512, "y": 23543, "w": 132, "h": 69, "class": "pos"}]