[{"x": 21445, "y": 25814, "w": 180, "h": 171, "class": "pos"}, {"x": 17329, "y": 22575, "w": 5182, "h": 4775, "class": "roi"}, {"x": 20983, "y": 22980, "w": 210, "h": 177, "class": "pos"}, {"x": 21974, "y": 41656, "w": 113, "h": 140, "class": "pos"}, {"x": 21964, "y": 42079, "w": 118, "h": 96, "class": "pos"}, {"x": 22859, "y": 41923, "w": 134, "h": 147, "class": "pos"}, {"x": 20858, "y": 40629, "w": 3679, "h": 3312, "class": "roi"}, {"x": 23793, "y": 42671, "w": 124, "h": 179, "class": "pos"}, {"x": 24084, "y": 41342, "w": 122, "h": 63, "class": "pos"}, {"x": 23557, "y": 41148, "w": 160, "h": 188, "class": "pos"}, {"x": 27413, "y": 2920, "w": 171, "h": 125, "class": "pos"}, {"x": 22644, "y": 1395, "w": 5682, "h": 5361, "class": "roi"}, {"x": 26489, "y": 6569, "w": 51, "h": 66, "class": "pos"}, {"x": 26985, "y": 6227, "w": 66, "h": 59, "class": "pos"}, {"x": 25966, "y": 4782, "w": 414, "h": 171, "class": "pos"}, {"x": 27007, "y": 3987, "w": 118, "h": 157, "class": "pos"}, {"x": 28022, "y": 4749, "w": 244, "h": 292, "class": "pos"}, {"x": 26076, "y": 1851, "w": 182, "h": 135, "class": "pos"}, {"x": 24923, "y": 1805, "w": 168, "h": 189, "class": "pos"}, {"x": 24833, "y": 2368, "w": 185, "h": 240, "class": "pos"}, {"x": 22031, "y": 41993, "w": 40, "h": 99, "class": "pos"}]