time	dv1	dv2	mv1	cv1	cv2
23:59:30	1.2	345	299	321.84	1.08
00:00:00	1.2	344.58	298.22		
00:00:30	1.18	345.13	299.03		
00:01:00	1.18	344.77	298.94		
00:01:30	1.19	344.54	298.26		
00:02:00	1.19	344.92	299.08		
00:02:30	1.2	344.84	299.5		
00:03:00	1.21	345.05	298.33		
00:03:30	1.2	344.71	298.76		
00:04:00	1.19	344.6	299.11		
00:04:30	1.22	344.35	298.8		
00:05:00	1.18	344.98	297.68		
00:05:30	1.22	344.4	297.85		
00:06:00	1.19	344.99	297.72		
00:06:30	1.18	345.52	297.58		
00:07:00	1.19	345.72	298.47		
00:07:30	1.2	346.78	297.74		
00:08:00	1.23	346.58	297.77		
00:08:30	1.2	346.48	297.08		
00:09:00	1.17	346.13	297.39		
00:09:30	1.22	346.81	297.35		
00:10:00	1.13	346.94	298.02		
00:10:30	1.21	346.96	297.1		
00:11:00	1.21	348.41	296.38		
00:11:30	1.18	346.73	297.56		
00:12:00	1.25	347.12	298.32		
00:12:30	1.22	347.33	296.23		
00:13:00	1.22	346.72	296.5		
00:13:30	1.22	347.53	297.39		
00:14:00	1.18	346.73	297.18		
00:14:30	1.24	347.33	297.35		
00:15:00	1.22	347.15	296.65		
00:15:30	1.19	347.44	296.4		
00:16:00	1.19	347.77	296.78		
00:16:30	1.22	347.45	296.96		
00:17:00	1.2	347.43	296.75		
00:17:30	1.17	346.7	296.32		
00:18:00	1.21	348.32	295.98		
00:18:30	1.2	348.22	295.72		
00:19:00	1.19	347.49	296.12		
00:19:30	1.2	347.91	295.63		
00:20:00	1.18	347.7	296.12		
00:20:30	1.18	346.73	296.02		
00:21:00	1.23	347.45	296.3		
00:21:30	1.2	348.28	296.23		
00:22:00	1.22	347.14	296.36		
00:22:30	1.19	349.19	295.57		
00:23:00	1.2	348.78	295.98		
00:23:30	1.21	348.56	296.35		
00:24:00	1.18	348.71	294.83		
00:24:30	1.21	348.76	295.71		
00:25:00	1.2	347.9	296.01		
00:25:30	1.19	348.52	294.98		
00:26:00	1.17	349.49	296.07		
00:26:30	1.2	348.28	295.62		
00:27:00	1.19	348.64	295.63		
00:27:30	1.23	349.22	295.6		
00:28:00	1.25	348.78	295.71		
00:28:30	1.23	348.28	295.71		
00:29:00	1.16	348.82	295.39		
00:29:30	1.16	349.42	294.97		
00:30:00	1.23	348.59	295.13		
00:30:30	1.16	348.41	294.54		
00:31:00	1.2	348.24	295.31		
00:31:30	1.19	348.21	294.79		
00:32:00	1.19	349.02	295.49		
00:32:30	1.18	348.02	294.68		
00:33:00	1.19	348.9	295.96		
00:33:30	1.19	348.59	294.87		
00:34:00	1.22	350.07	294.18		
00:34:30	1.2	348.98	294.44		
00:35:00	1.21	349.22	295.16		
00:35:30	1.19	349.95	294.63		
00:36:00	1.22	349.3	295.15		
00:36:30	1.22	350.01	294.45		
00:37:00	1.19	349.55	294.8		
00:37:30	1.18	348.5	294.6		
00:38:00	1.22	349.24	294.27		
00:38:30	1.19	348.71	294.23		
00:39:00	1.21	349.61	294.6		
00:39:30	1.17	349.05	295.51		
00:40:00	1.23	350.06	293.68		
00:40:30	1.21	349.97	294.37		
00:41:00	1.17	349.83	294.56		
00:41:30	1.18	350.54	293.38		
00:42:00	1.21	349.55	293.22		
00:42:30	1.17	348.86	293.75		
00:43:00	1.21	350.6	294.05		
00:43:30	1.16	349.04	294.32		
00:44:00	1.21	350.62	293.65		
00:44:30	1.22	349.35	293.48		
00:45:00	1.24	349.53	294.18		
00:45:30	1.17	350.86	293.54		
00:46:00	1.19	349.91	293.06		
00:46:30	1.2	350.12	293.46		
00:47:00	1.19	350.18	293.95		
00:47:30	1.21	349.25	294.06		
00:48:00	1.2	350.35	293.63		
00:48:30	1.18	349	293.75		
00:49:00	1.18	349.21	292.96		
00:49:30	1.18	350.18	293.56		
00:50:00	1.21	349.69	293.11		
00:50:30	1.19	349.49	293.81		
00:51:00	1.24	349.81	293.57		
00:51:30	1.22	350.09	292.77		
00:52:00	1.16	349.57	293.44		
00:52:30	1.19	348.82	292.88		
00:53:00	1.19	350.1	293.69		
00:53:30	1.21	349.34	293.9		
00:54:00	1.2	349.49	292.69		
00:54:30	1.2	349.24	293.99		
00:55:00	1.18	349.76	293.45		
00:55:30	1.22	349.79	293.3		
00:56:00	1.2	349.96	292.62		
00:56:30	1.16	349.29	294.38		
00:57:00	1.19	348.81	292.77		
00:57:30	1.21	349.09	293.62		
00:58:00	1.21	348.75	293.73		
00:58:30	1.2	348.91	293.23		
00:59:00	1.21	348.74	292.31		
00:59:30	1.23	348.25	293.8		
01:00:00	1.2	350.21	293.53		
01:00:30	1.25	349.41	292.94		
01:01:00	1.21	349.12	293.56		
01:01:30	1.22	349.47	292.7		
01:02:00	1.17	349.28	293.13		
01:02:30	1.19	348.73	293.19		
01:03:00	1.22	349.15	293.23		
01:03:30	1.19	349.48	293.56		
01:04:00	1.21	348.71	293.05		
01:04:30	1.18	349.62	293.61		
01:05:00	1.18	349.45	292.83		
01:05:30	1.23	349.04	293.2		
01:06:00	1.22	348.88	293.1		
01:06:30	1.23	348.07	293.89		
01:07:00	1.14	347.96	293.66		
01:07:30	1.23	348.81	293.62		
01:08:00	1.21	348.95	292.87		
01:08:30	1.25	348.43	293.23		
01:09:00	1.17	348.89	293.22		
01:09:30	1.2	348.27	294.32		
01:10:00	1.23	349.15	294.05		
01:10:30	1.19	348.38	293.58		
01:11:00	1.18	348.81	293.91		
01:11:30	1.18	348.66	293.96		
01:12:00	1.21	347.64	294.48		
01:12:30	1.18	347.58	293.27		
01:13:00	1.2	347.05	293.42		
01:13:30	1.19	348.24	293.4		
01:14:00	1.19	347.24	293.42		
01:14:30	1.18	348.11	293.47		
01:15:00	1.23	347.16	293.84		
01:15:30	1.19	348.46	293.84		
01:16:00	1.22	346.52	293.6		
01:16:30	1.16	346.97	294.72		
01:17:00	1.22	346.86	293.8		
01:17:30	1.19	347.57	294.97		
01:18:00	1.25	347	293.82		
01:18:30	1.19	346.85	294.18		
01:19:00	1.2	347.05	294.79		
01:19:30	1.19	347.47	295.01		
01:20:00	1.15	346.75	293.52		
01:20:30	1.24	346.66	293.98		
01:21:00	1.22	347.65	294.37		
01:21:30	1.19	347.62	295.02		
01:22:00	1.21	347.21	294.55		
01:22:30	1.18	346.54	294.75		
01:23:00	1.19	345.65	294.17		
01:23:30	1.22	345.97	293.69		
01:24:00	1.19	346.22	294.57		
01:24:30	1.2	346.2	294.91		
01:25:00	1.18	346.19	294.74		
01:25:30	1.2	346.12	294.96		
01:26:00	1.22	345.71	295.2		
01:26:30	1.2	345.9	294.92		
01:27:00	1.18	346.87	294.23		
01:27:30	1.21	346.03	294.91		
01:28:00	1.18	346.05	294.12		
01:28:30	1.17	345.14	294.55		
01:29:00	1.22	345.38	294.74		
01:29:30	1.21	346.63	294.74		
01:30:00	1.21	345.42	294.66		
01:30:30	1.18	344.85	295.47		
01:31:00	1.2	345.51	295.28		
01:31:30	1.2	345.33	295.06		
01:32:00	1.19	344.98	295.66		
01:32:30	1.18	345.42	294.37		
01:33:00	1.19	344.57	295.54		
01:33:30	1.21	344.31	294.96		
01:34:00	1.2	345.34	295.46		
01:34:30	1.15	344.08	296.05		
01:35:00	1.19	345.2	296.78		
01:35:30	1.19	344.46	295.42		
01:36:00	1.23	344.33	295.05		
01:36:30	1.15	344.27	295.35		
01:37:00	1.17	344.25	296.14		
01:37:30	1.21	343.59	295.32		
01:38:00	1.17	344.55	295.45		
01:38:30	1.18	343.49	295.67		
01:39:00	1.19	343.28	295.7		
01:39:30	1.24	344.71	296.04		
01:40:00	1.12	343.66	295.49		
01:40:30	1.16	344.3	295.92		
01:41:00	1.15	343.44	296.12		
01:41:30	1.11	344.53	296.04		
01:42:00	1.11	343.77	296.59		
01:42:30	1.12	343.99	296.42		
01:43:00	1.19	342.74	296.13		
01:43:30	1.15	343.47	296.48		
01:44:00	1.16	343.25	297.09		
01:44:30	1.12	343.92	296.47		
01:45:00	1	343.05	296.95		
01:45:30	1.03	344.04	297.04		
01:46:00	1.04	343.64	297.16		
01:46:30	1.02	342.75	297.43		
01:47:00	1	343.11	297.62		
01:47:30	1	343	297.96		
01:48:00	1.02	342.79	296.99		
01:48:30	1.04	343.01	297.19		
01:49:00	1.06	343.3	296.78		
01:49:30	1.03	342.4	297.63		
01:50:00	1.04	342.03	297		
01:50:30	1.07	341.52	298.39		
01:51:00	1.05	342.21	297.58		
01:51:30	1.07	342.13	297.78		
01:52:00	1.01	342.42	298.29		
01:52:30	1.08	342.46	298.09		
01:53:00	1.05	342.66	298.95		
01:53:30	1.06	341.96	297.71		
01:54:00	1.03	341.34	297.75		
01:54:30	1.05	341.67	298		
01:55:00	1.08	341.54	297.95		
01:55:30	1.03	340.64	297.84		
01:56:00	1.02	341.1	298.11		
01:56:30	1.06	341.55	298.16		
01:57:00	1	341.32	298.65		
01:57:30	1.06	340.36	299.03		
01:58:00	1.05	340.93	298.68		
01:58:30	1.05	341.28	297.99		
01:59:00	1.05	341.11	298.45		
01:59:30	1.04	340.84	299.11		
02:00:00	1.06	341.54	298.71		
02:00:30	1.02	341.1	298.92		
02:01:00	1.06	341.01	298.48		
02:01:30	1.04	340.81	299.48		
02:02:00	1.08	340.76	299.7		
02:02:30	1.09	341.45	298.94		
02:03:00	1.06	340.25	299.14		
02:03:30	1.08	341.09	299.07		
02:04:00	1.05	341.55	298.76		
02:04:30	1.08	340.76	299.42		
02:05:00	1.06	341.77	299.94		
02:05:30	1.04	340.48	299.35		
02:06:00	1.05	340.52	299.49		
02:06:30	1.08	340.71	299.49		
02:07:00	1.08	340.17	299.56		
02:07:30	1.12	340.57	299.46		
02:08:00	1.07	341.81	299.22		
02:08:30	1.09	340.6	299.95		
02:09:00	1.05	340.65	300.18		
02:09:30	1.1	340.33	300.16		
02:10:00	1.11	341.01	300.37		
02:10:30	1.13	340.39	300.15		
02:11:00	1.07	340.53	300.86		
02:11:30	1.25	341.01	299.64		
02:12:00	1.3	341.1	300.81		
02:12:30	1.29	340.15	301.14		
02:13:00	1.31	340.88	300.59		
02:13:30	1.27	340.66	301.46		
02:14:00	1.3	340.28	301.92		
02:14:30	1.32	340.01	301.3		
02:15:00	1.29	340.34	300.58		
02:15:30	1.29	340.2	300.75		
02:16:00	1.26	339.93	301.65		
02:16:30	1.29	340.38	301.1		
02:17:00	1.27	341.17	301.3		
02:17:30	1.26	340.2	301.77		
02:18:00	1.28	340.37	301.72		
02:18:30	1.27	340.37	301.14		
02:19:00	1.21	339.38	301.94		
02:19:30	1.29	340.63	301.49		
02:20:00	1.29	340.02	301.01		
02:20:30	1.28	339.61	301.72		
02:21:00	1.28	340.69	300.78		
02:21:30	1.24	340.24	302.39		
02:22:00	1.26	341.05	302.1		
02:22:30	1.25	340.23	301.53		
02:23:00	1.26	340.78	301.96		
02:23:30	1.24	340.45	302.32		
02:24:00	1.27	340.09	302.54		
02:24:30	1.22	340.39	302.76		
02:25:00	1.27	341.1	302.06		
02:25:30	1.27	340.57	302.61		
02:26:00	1.31	340.61	302.56		
02:26:30	1.21	341.36	302.3		
02:27:00	1.23	340.33	302.24		
02:27:30	1.25	339.98	302.01		
02:28:00	1.21	339.98	302.31		
02:28:30	1.29	340.78	303.02		
02:29:00	1.27	340.8	302.82		
02:29:30	1.27	341.01	302.84		
02:30:00	1.22	340.16	302.74		
02:30:30	1.24	340.53	303.52		
02:31:00	1.26	340.54	301.88		
02:31:30	1.23	341.64	303.17		
02:32:00	1.24	339.77	302.67		
02:32:30	1.25	341.47	303.51		
02:33:00	1.2	340.09	302.84		
02:33:30	1.29	340.93	303.46		
02:34:00	1.25	340.91	302.67		
02:34:30	1.25	340.86	303.44		
02:35:00	1.26	340.89	302.97		
02:35:30	1.26	339.9	303		
02:36:00	1.25	340.72	303.78		
02:36:30	1.26	341.29	303.49		
02:37:00	1.26	340.54	304.76		
02:37:30	1.3	341.5	303.71		
02:38:00	1.24	342.23	304		
02:38:30	1.28	340.74	303.42		
02:39:00	1.21	341.96	303.39		
02:39:30	1.23	341.78	302.83		
02:40:00	1.3	341.94	303.86		
02:40:30	1.27	341.71	303.95		
02:41:00	1.26	342.15	303.24		
02:41:30	1.25	341.74	303.02		
02:42:00	1.29	342.51	303.73		
02:42:30	1.22	341.18	305.07		
02:43:00	1.21	341.85	303.78		
02:43:30	1.25	342.72	304.04		
02:44:00	1.25	342.51	304.2		
02:44:30	1.19	342.2	304.16		
02:45:00	1.24	342.65	303.69		
02:45:30	1.25	342.78	303.03		
02:46:00	1.2	341.76	304.12		
02:46:30	1.21	341.76	304.17		
02:47:00	1.25	342.49	304.31		
02:47:30	1.23	341.61	304.6		
02:48:00	1.19	342.26	303.89		
02:48:30	1.23	343.22	304.26		
02:49:00	1.22	341.64	304.01		
02:49:30	1.26	342.62	304.89		
02:50:00	1.21	342.74	303.71		
02:50:30	1.18	342.58	304.87		
02:51:00	1.19	343.22	304.56		
02:51:30	1.19	343.42	303.66		
02:52:00	1.22	343.32	305.36		
02:52:30	1.16	342.8	304.65		
02:53:00	1.23	342.67	304.31		
02:53:30	1.21	343.39	304.63		
02:54:00	1.18	343.13	304.25		
02:54:30	1.2	343.69	304.42		
02:55:00	1.18	342.91	303.99		
02:55:30	1.21	342.95	303.53		
02:56:00	1.19	344.13	305.01		
02:56:30	1.16	343.95	304.29		
02:57:00	1.2	344.07	304.45		
02:57:30	1.15	343.37	305.54		
02:58:00	1.21	343.9	303.8		
02:58:30	1.19	343.84	304.06		
02:59:00	1.19	344.2	304.74		
02:59:30	1.21	344.94	305.57		
03:00:00	1.2	344.18	304.78		
03:00:30	1.2	343.39	305.09		
03:01:00	1.18	343.63	305.02		
03:01:30	1.16	343.62	303.57		
03:02:00	1.14	344.33	304.8		
03:02:30	1.15	344.03	304.52		
03:03:00	1.17	343.84	305.34		
03:03:30	1.15	344.34	304.34		
03:04:00	1.22	344.36	303.88		
03:04:30	1.17	345	304.16		
03:05:00	1.16	344.59	305.31		
03:05:30	1.18	345.68	303.57		
03:06:00	1.18	345.93	304.24		
03:06:30	1.16	345.09	304.54		
03:07:00	1.2	345.8	305.36		
03:07:30	1.2	345.84	304.2		
03:08:00	1.18	345.25	304.41		
03:08:30	1.18	346.22	304.5		
03:09:00	1.18	345.78	303.85		
03:09:30	1.16	345.52	303.6		
03:10:00	1.17	345.54	304.96		
03:10:30	1.16	345.62	304.15		
03:11:00	1.21	346.4	303.26		
03:11:30	1.17	345.07	303.95		
03:12:00	1.16	346.61	305.09		
03:12:30	1.16	346	304.84		
03:13:00	1.16	346.19	303.43		
03:13:30	1.18	346.42	303.96		
03:14:00	1.15	345.99	304.48		
03:14:30	1.19	346.47	304.51		
03:15:00	1.15	346.94	305.19		
03:15:30	1.16	346.83	303.66		
03:16:00	1.13	346.24	304.37		
03:16:30	1.18	346.4	303.97		
03:17:00	1.17	347.34	304.43		
03:17:30	1.19	346.9	303.53		
03:18:00	1.17	346.43	304.45		
03:18:30	1.18	345.9	303.5		
03:19:00	1.14	347.35	304.19		
03:19:30	1.15	347.33	303.39		
03:20:00	1.14	344.29	304.32		
03:20:30	1.16	344.35	303.76		
03:21:00	1.21	343.97	303.77		
03:21:30	1.16	344.23	303.31		
03:22:00	1.15	344.82	303.98		
03:22:30	1.18	344	303.29		
03:23:00	1.15	345.49	303.02		
03:23:30	1.14	345.07	303.51		
03:24:00	1.16	344.93	303.69		
03:24:30	1.18	345	304.17		
03:25:00	1.1	344.23	303.93		
03:25:30	1.19	344.52	303.73		
03:26:00	1.13	344.11	303.67		
03:26:30	1.14	344.72	304.75		
03:27:00	1.19	344.98	302.93		
03:27:30	1.13	344.71	303.24		
03:28:00	1.16	345.88	303.22		
03:28:30	1.12	346.04	303.39		
03:29:00	1.2	344.69	303.07		
03:29:30	1.16	345.37	302.63		
03:30:00	1.1	343.74	302.89		
03:30:30	1.07	342.71	303.35		
03:31:00	1.04	343.31	303.1		
03:31:30	1.06	343.79	303.5		
03:32:00	1.05	342.82	303.17		
03:32:30	1.06	342.3	302.84		
03:33:00	1.05	341.74	302.63		
03:33:30	1.04	342.53	302.52		
03:34:00	1.07	341.9	303.01		
03:34:30	1.05	342.87	302.29		
03:35:00	1.05	342.55	302.1		
03:35:30	1.06	341.01	302.55		
03:36:00	1.02	341.41	301.79		
03:36:30	1.02	341.29	302.89		
03:37:00	1.05	340.71	302.98		
03:37:30	1.04	341.6	302.71		
03:38:00	0.99	341.19	301.88		
03:38:30	1.02	340.44	301.47		
03:39:00	1	340.13	301.89		
03:39:30	1.02	340.79	301.03		
03:40:00	1.04	339.65	302.24		
03:40:30	1.07	339.64	302.13		
03:41:00	1.03	339.89	301.17		
03:41:30	1.01	339.78	301.14		
03:42:00	1.07	338.79	301.82		
03:42:30	0.97	339.31	301.36		
03:43:00	1.02	338.56	301.94		
03:43:30	1.05	338.58	301.46		
03:44:00	1.02	339.03	301.39		
03:44:30	1.05	339.3	300.82		
03:45:00	1	337.87	301.24		
03:45:30	1	338.52	301.37		
03:46:00	1	338.67	301.2		
03:46:30	1.02	338.6	301.56		
03:47:00	1.02	338.22	300.49		
03:47:30	1.03	337.82	300.71		
03:48:00	1	337.51	301.21		
03:48:30	1	338.9	301.05		
03:49:00	1	338.17	300.88		
03:49:30	1.03	338.13	300.53		
03:50:00	1.01	338.02	300.39		
03:50:30	1.07	338.56	299.58		
03:51:00	1.02	338.77	300.89		
03:51:30	1.01	337.61	300.09		
03:52:00	0.99	337.42	300.09		
03:52:30	1.05	337.87	299.7		
03:53:00	0.98	338.12	301.15		
03:53:30	0.95	338.37	299.9		
03:54:00	1.04	337.82	300.32		
03:54:30	1.02	338.02	300.58		
03:55:00	0.98	337.57	301.05		
03:55:30	0.98	338.2	300.2		
03:56:00	0.98	338.32	299.32		
03:56:30	1.02	337.66	299.5		
03:57:00	1.02	337.95	298.88		
03:57:30	1.02	337.88	299.51		
03:58:00	1.05	338.96	299.02		
03:58:30	1.05	337.54	299.57		
03:59:00	1.08	338.09	298.91		
03:59:30	1.09	338.43	299.68		
04:00:00	1.03	338.92	299.27		
04:00:30	1.05	339.25	299.52		
04:01:00	1.01	338.68	299.79		
04:01:30	1.05	338.61	299.41		
04:02:00	1.05	338.72	298.59		
04:02:30	1	338.36	298.81		
04:03:00	1.03	339.44	298.9		
04:03:30	1.02	340.4	298.82		
04:04:00	1.08	339.18	299.35		
04:04:30	1.01	340.46	298.74		
04:05:00	1.01	350.17	298.25		
04:05:30	1	349.51	298.24		
04:06:00	1.06	349.27	298.3		
04:06:30	1.03	349.21	297.61		
04:07:00	1.07	349.47	298.41		
04:07:30	1.03	349.01	297.99		
04:08:00	1.01	348.87	297.79		
04:08:30	1.01	348.48	298.12		
04:09:00	1.02	348.93	298.12		
04:09:30	1.02	348.87	298.09		
04:10:00	1.06	348.23	304.78		
04:10:30	1.03	347.99	305.15		
04:11:00	1.01	347.87	304.53		
04:11:30	1.06	347.83	304.73		
04:12:00	1.06	347.69	305.22		
04:12:30	1.02	347.14	304.17		
04:13:00	1.07	347.91	304.56		
04:13:30	1.05	347.14	304.53		
04:14:00	1	346.12	304.77		
04:14:30	1.01	346.5	304.19		
04:15:00	1.01	346.83	304.19		
04:15:30	1.03	345.6	303.74		
04:16:00	0.99	345.43	304.28		
04:16:30	1.01	345.59	303.39		
04:17:00	1.09	346.88	303.38		
04:17:30	1.02	345.05	305.11		
04:18:00	1.07	345.72	304.44		
04:18:30	1.02	344.75	304.31		
04:19:00	1.03	344.34	303.21		
04:19:30	1.05	345.07	303.58		
04:20:00	1.01	344.73	303.46		
04:20:30	1.03	343.9	303.48		
04:21:00	1.01	343.65	303.12		
04:21:30	1.01	342.97	302.77		
04:22:00	1.02	342.88	303.57		
04:22:30	1.32	342.23	303.36		
04:23:00	1.33	343.05	303.64		
04:23:30	1.33	342.71	303.3		
04:24:00	1.29	342.82	302.76		
04:24:30	1.35	341.84	302.68		
04:25:00	1.31	341.87	302.97		
04:25:30	1.31	341.73	302.17		
04:26:00	1.3	342.89	302.44		
04:26:30	1.31	342.95	302.84		
04:27:00	1.35	342.03	301.92		
04:27:30	1.33	341.42	302.83		
04:28:00	1.35	341.53	301.79		
04:28:30	1.32	342.24	302.39		
04:29:00	1.31	341.62	302.14		
04:29:30	1.34	340.43	301.9		
04:30:00	1.34	340.81	302.13		
04:30:30	1.28	339.66	301.33		
04:31:00	1.31	340.47	301.66		
04:31:30	1.29	339.33	302.14		
04:32:00	1.35	339.34	300.86		
04:32:30	1.32	339.45	301.13		
04:33:00	1.28	339.56	302.15		
04:33:30	1.34	339.23	300.84		
04:34:00	1.3	339.08	301.41		
04:34:30	1.32	339.48	301.2		
04:35:00	1.31	338.69	300.15		
04:35:30	1.33	340.13	300.34		
04:36:00	1.27	339.38	300.21		
04:36:30	1.3	339.42	299.45		
04:37:00	1.32	339.74	300.07		
04:37:30	1.29	339.02	300.25		
04:38:00	1.33	338.78	299.04		
04:38:30	1.35	339.3	299.76		
04:39:00	1.31	338.44	299.4		
04:39:30	1.3	339.68	299.39		
04:40:00	1.33	339.61	299.29		
04:40:30	1.33	338.83	299.64		
04:41:00	1.28	339.49	299.85		
04:41:30	1.31	340.56	299.4		
04:42:00	1.28	340.3	299.43		
04:42:30	1.28	339.98	299.32		
04:43:00	1.31	339.73	299.32		
04:43:30	1.28	339.46	299.25		
04:44:00	1.32	339.13	298.26		
04:44:30	1.37	339.04	298.96		
04:45:00	1.33	338.81	299.63		
04:45:30	1.32	339.56	299.44		
04:46:00	1.31	338.34	299.16		
04:46:30	1.3	339.09	298.61		
04:47:00	1.35	339.95	298.2		
04:47:30	1.31	339.5	298.3		
04:48:00	1.32	338.92	299.25		
04:48:30	1.29	339.11	298.91		
04:49:00	1.02	339.89	298.11		
04:49:30	0.97	340.37	299.38		
04:50:00	1.02	339.7	298.68		
04:50:30	0.99	340.45	299.36		
04:51:00	1.03	339.86	298.62		
04:51:30	0.99	339.88	298.23		
04:52:00	1.01	339.49	298.74		
04:52:30	1.03	339.99	298.66		
04:53:00	0.98	339.64	297.49		
04:53:30	1.01	339.61	298.68		
04:54:00	1.04	339.99	298.5		
04:54:30	1.04	339.91	297.72		
04:55:00	1.05	342.03	298.01		
04:55:30	0.98	340.54	298.29		
04:56:00	1.03	339.55	298.7		
04:56:30	1.04	341.72	297.7		
04:57:00	1.05	341.31	298.47		
04:57:30	0.99	340.48	296.93		
04:58:00	1.02	341.36	297.38		
04:58:30	1.02	342.23	297.95		
04:59:00	1.01	341.49	297.76		
04:59:30	1	341.29	297.93		
05:00:00	1.07	342.97	295.29		
05:00:30	1.02	341.69	295.09		
05:01:00	1.04	342.2	294.43		
05:01:30	1.04	341.76	295.29		
05:02:00	1.03	342.62	295.04		
05:02:30	1.06	342.34	294.97		
05:03:00	1	343.02	295.24		
05:03:30	1.01	342.65	294.72		
05:04:00	1.05	344.11	295.14		
05:04:30	1.03	342.72	295.47		
05:05:00	1.05	342.52	294.94		
05:05:30	1.06	343.88	293.9		
05:06:00	1.02	343.96	293.59		
05:06:30	1.06	343.99	293.93		
05:07:00	1.08	344.82	293.98		
05:07:30	1.04	344.16	293.94		
05:08:00	1.09	343.51	293.41		
05:08:30	1.04	343.92	293.61		
05:09:00	1.07	343.94	293.67		
05:09:30	1.01	344.8	293.33		
05:10:00	1.03	344.53	292.72		
05:10:30	1.07	344.99	292.81		
05:11:00	1.05	345.34	293.09		
05:11:30	1.1	345.88	293.63		
05:12:00	1.05	346.03	292.32		
05:12:30	1.06	345.92	292.4		
05:13:00	1.06	345.95	292.9		
05:13:30	1.1	345.91	292.02		
05:14:00	1.07	345.92	292.55		
05:14:30	1.11	346.58	292.94		
05:15:00	1.23	346.83	292.51		
05:15:30	1.3	346.56	293.11		
05:16:00	1.24	347.6	292.1		
05:16:30	1.28	347.08	292.07		
05:17:00	1.27	347.23	291.58		
05:17:30	1.25	346.35	291.28		
05:18:00	1.3	347.92	291.15		
05:18:30	1.26	347.64	291.42		
05:19:00	1.25	347.61	291.39		
05:19:30	1.25	346.94	291.56		
05:20:00	1.26	348.39	291.83		
05:20:30	1.28	348.64	291.51		
05:21:00	1.25	348.25	290.86		
05:21:30	1.24	348.47	290.56		
05:22:00	1.23	349.91	291.85		
05:22:30	1.27	348.48	290.84		
05:23:00	1.28	348.91	290.54		
05:23:30	1.25	349.26	290.35		
05:24:00	1.23	349.3	290.96		
05:24:30	1.22	348.75	290.63		
05:25:00	1.26	349.38	296.33		
05:25:30	1.19	349	296.51		
05:26:00	1.2	349.55	296.14		
05:26:30	1.24	349.91	295.75		
05:27:00	1.28	349.6	296.03		
05:27:30	1.24	349.79	296.36		
05:28:00	1.26	350.53	296.62		
05:28:30	1.26	350.61	296.22		
05:29:00	1.26	350.31	296.32		
05:29:30	1.27	350.84	295.77		
05:30:00	1.22	350.19	296.07		
05:30:30	1.25	350.45	295.79		
05:31:00	1.23	350.16	296.18		
05:31:30	1.24	351.09	296.03		
05:32:00	1.25	350.57	295.46		
05:32:30	1.22	350.26	295.27		
05:33:00	1.26	350.22	295.35		
05:33:30	1.23	349.38	295.71		
05:34:00	1.2	350.24	296.67		
05:34:30	1.21	349.8	296.63		
05:35:00	1.26	350.11	295.73		
05:35:30	1.26	350.18	296.15		
05:36:00	1.23	351.08	295.47		
05:36:30	1.23	351.03	296.52		
05:37:00	1.22	349.66	295.81		
05:37:30	1.24	350.54	295.52		
05:38:00	1.21	350.24	295.45		
05:38:30	1.2	350.73	295.99		
05:39:00	1.23	350.95	295.96		
05:39:30	1.24	350.58	296.28		
05:40:00	1.21	351.04	296.09		
05:40:30	1.21	351.02	295.62		
05:41:00	1.19	350.77	295.93		
05:41:30	1.18	351.55	295.55		
05:42:00	1.18	349.97	295.47		
05:42:30	1.2	350.45	296.14		
05:43:00	1.21	349.97	295.82		
05:43:30	1.2	350.05	295.56		
05:44:00	1.21	350.56	295.82		
05:44:30	1.23	349.1	295.42		
05:45:00	1.2	348.82	295.68		
05:45:30	1.17	348.68	295.31		
05:46:00	1.19	348.99	294.99		
05:46:30	1.21	349.52	294.83		
05:47:00	1.24	349.24	296.02		
05:47:30	1.17	348.68	296.33		
05:48:00	1.2	348.75	295.22		
05:48:30	1.21	349.39	295.21		
05:49:00	1.2	349.58	295.76		
05:49:30	1.22	348.61	296.09		
05:50:00	1.18	347.29	289.92		
05:50:30	1.23	347.67	290.27		
05:51:00	1.18	347.88	289.62		
05:51:30	1.2	346.84	290		
05:52:00	1.24	347.33	290.14		
05:52:30	1.21	346.42	289.67		
05:53:00	1.2	347.14	290.08		
05:53:30	1.22	346.67	289.9		
05:54:00	1.19	346.35	289.75		
05:54:30	1.24	346.59	289.58		
05:55:00	1.23	346.53	289.82		
05:55:30	1.19	345.93	289.9		
05:56:00	1.19	345.98	290.57		
05:56:30	1.2	345.83	289.9		
05:57:00	1.2	346.82	289.89		
05:57:30	1.24	345.54	289.32		
05:58:00	1.2	344.74	289.38		
05:58:30	1.26	345.97	289.71		
05:59:00	1.28	345.48	290.46		
05:59:30	1.24	346.6	289.73		
06:00:00	1.19	345.2	290.05		
06:00:30	1.25	345.95	290.19		
06:01:00	1.21	344.29	289.94		
06:01:30	1.25	344.7	290		
06:02:00	1.22	344.75	290.6		
06:02:30	1.23	344.71	289.63		
06:03:00	1.24	345.37	289.66		
06:03:30	1.23	344.61	290.46		
06:04:00	1.24	344.6	290.2		
06:04:30	1.28	344.23	289.7		
06:05:00	1.25	345	291.4		
06:05:30	1.21	344.73	289.96		
06:06:00	1.25	344.73	290.58		
06:06:30	1.24	343.38	290.73		
06:07:00	1.3	343.68	290.56		
06:07:30	1.3	344.4	289.62		
06:08:00	1.31	342.59	290.31		
06:08:30	1.31	344.02	289.37		
06:09:00	1.29	343.08	289.57		
06:09:30	1.28	342.81	290.23		
06:10:00	1.34	343.77	289.91		
06:10:30	1.29	342.48	289.96		
06:11:00	1.31	343.02	290.21		
06:11:30	1.31	342.89	290.13		
06:12:00	1.31	343.25	289.13		
06:12:30	1.3	341.88	291.07		
06:13:00	1.32	342.32	290.78		
06:13:30	1.31	342.72	291.1		
06:14:00	1.32	342.81	290.45		
06:14:30	1.3	341.35	290.21		
06:15:00	1.3	342.58	300.49		
06:15:30	1.34	342.37	300.13		
06:16:00	1.29	341.37	299.68		
06:16:30	1.36	342.45	301.07		
06:17:00	1.38	342.2	301.14		
06:17:30	1.37	342.32	300.91		
06:18:00	1.36	342.08	300.8		
06:18:30	1.33	342.59	299.83		
06:19:00	1.36	341.34	300.48		
06:19:30	1.32	341.48	300.23		
06:20:00	1.37	341.83	300.16		
06:20:30	1.36	341.42	300.56		
06:21:00	1.33	341.88	300.31		
06:21:30	1.38	342.19	301.26		
06:22:00	1.39	341.24	300.17		
06:22:30	1.36	341.21	300.8		
06:23:00	1.4	340.54	300.59		
06:23:30	1.39	342.03	300.36		
06:24:00	1.4	340.98	300.67		
06:24:30	1.37	341.48	300.26		
06:25:00	1.35	342.31	299.81		
06:25:30	1.4	341.35	299.76		
06:26:00	1.39	341.57	300.43		
06:26:30	1.34	342.94	300.37		
06:27:00	1.39	342.21	300.94		
06:27:30	1.36	342.78	299.89		
06:28:00	1.38	342.11	300.8		
06:28:30	1.34	342.15	299.08		
06:29:00	1.36	342.38	300.07		
06:29:30	1.41	341.97	300.1		
06:30:00	1.41	341.17	300.4		
06:30:30	1.39	341.38	300.41		
06:31:00	1.39	341.77	300.18		
06:31:30	1.4	341.63	299.14		
06:32:00	1.43	341.64	299.61		
06:32:30	1.41	343.07	299.82		
06:33:00	1.4	342.14	300.38		
06:33:30	1.38	341.53	299.82		
06:34:00	1.1	342.37	300.08		
06:34:30	1.05	341.94	300.44		
06:35:00	1.07	342.34	300.43		
06:35:30	1.07	341.65	299.65		
06:36:00	1.07	342.22	299.85		
06:36:30	1.04	343.14	299.78		
06:37:00	1.08	342.13	299.71		
06:37:30	1.06	341.03	300.28		
06:38:00	1.06	342.86	300.11		
06:38:30	1.09	341.49	299.67		
06:39:00	1.07	343.04	299.65		
06:39:30	1.04	342.57	299.95		
06:40:00	1.04	342.61	298.07		
06:40:30	1.08	342.35	298.77		
06:41:00	1.04	342.69	299.15		
06:41:30	1.07	342.32	298.75		
06:42:00	1.07	342.71	298.73		
06:42:30	1.01	342.85	298.81		
06:43:00	1.05	344.12	299.05		
06:43:30	1.09	343.15	299.23		
06:44:00	1.06	342.77	299.27		
06:44:30	1.05	343.48	299.25		
06:45:00	1.08	343.7	298.85		
06:45:30	1.05	343.01	298.52		
06:46:00	1.05	343.89	298.49		
06:46:30	1.03	343.76	299.17		
06:47:00	1.04	342.62	298.74		
06:47:30	1.04	343.03	298.86		
06:48:00	1.06	343.89	299.6		
06:48:30	1	344.14	299.1		
06:49:00	1.03	342.95	298.27		
06:49:30	1.06	344.86	298.31		
06:50:00	1.05	344.12	299.98		
06:50:30	1.06	345.07	299.48		
06:51:00	1.05	343.62	298.47		
06:51:30	1.04	344.64	299.13		
06:52:00	1.02	344.57	299.35		
06:52:30	1.02	344.14	299.36		
06:53:00	1.04	344.83	298.59		
06:53:30	1.03	345.6	299.06		
06:54:00	1.04	345.64	298.64		
06:54:30	1.02	345.43	298.79		
06:55:00	1.05	344.95	299.24		
06:55:30	1.04	345.15	298.67		
06:56:00	1.06	345.15	298.92		
06:56:30	1.05	346.53	300.23		
06:57:00	1.01	345.24	298.75		
06:57:30	1.04	346.34	298.76		
06:58:00	1.02	346.71	299.65		
06:58:30	1.04	346.27	298.45		
06:59:00	1.04	346.12	299.31		
06:59:30	1.03	346.48	298.85		
07:00:00	1.28	345.34	299.06		
07:00:30	1.29	345.68	298.8		
07:01:00	1.23	345.34	298.65		
07:01:30	1.26	345.62	299.51		
07:02:00	1.3	345.93	299.39		
07:02:30	1.26	345.69	299.52		
07:03:00	1.25	345.71	299.44		
07:03:30	1.27	346.43	298.98		
07:04:00	1.27	345.73	298.72		
07:04:30	1.28	346	299.39		
07:05:00	1.23	346.06	298.7		
07:05:30	1.23	345.66	299.5		
07:06:00	1.29	346.41	298.24		
07:06:30	1.25	346.15	298.96		
07:07:00	1.26	346.7	298.71		
07:07:30	1.29	346.05	299.38		
07:08:00	1.24	346.2	299.21		
07:08:30	1.26	346.61	299.1		
07:09:00	1.26	346.07	298.99		
07:09:30	1.26	345.91	299.08		
07:10:00	1.27	346.89	298.98		
07:10:30	1.32	347.35	298.8		
07:11:00	1.26	346.29	298.96		
07:11:30	1.28	346.37	299.22		
07:12:00	1.29	347.1	299.81		
07:12:30	1.25	346.07	299.5		
07:13:00	1.27	347.08	299.37		
07:13:30	1.27	346.27	299.3		
07:14:00	1.28	346.42	298.96		
07:14:30	1.25	346.25	299.28		
07:15:00	1.24	346.2	299.17		
07:15:30	1.22	346.3	299.14		
07:16:00	1.28	346.1	299.41		
07:16:30	1.26	346.66	299.43		
07:17:00	1.29	346.39	299.57		
07:17:30	1.28	347.1	299.53		
07:18:00	1.28	346.53	299.65		
07:18:30	1.27	346.34	298.94		
07:19:00	1.28	345.6	299.89		
07:19:30	1.31	346.79	299.68		
07:20:00	1.22	346.41	299.21		
07:20:30	1.25	346.68	299.06		
07:21:00	1.25	346.53	299.08		
07:21:30	1.24	347.53	299.04		
07:22:00	1.26	347.21	299.3		
07:22:30	1.24	346.74	298.76		
07:23:00	1.29	345.98	299.69		
07:23:30	1.31	346.4	299.9		
07:24:00	1.26	346.09	299.41		
07:24:30	1.27	346.62	299.98		
07:25:00	1.25	347.23	299.56		
07:25:30	1.29	346.82	299.25		
07:26:00	1.29	346.71	299.52		
07:26:30	1	346.36	299.71		
07:27:00	1.05	346.35	298.77		
07:27:30	1.03	346.14	300.12		
07:28:00	1.02	346.84	300.6		
07:28:30	1	346.52	299.69		
07:29:00	1.02	346.27	300.23		
07:29:30	0.96	345.32	300.23		
07:30:00	1.02	346.03	312.54		
07:30:30	1	346.73	312.36		
07:31:00	1	346.95	314		
07:31:30	1.02	346.13	313.91		
07:32:00	1.05	345.65	315.31		
07:32:30	1.03	345.95	314		
07:33:00	0.98	345.88	313.96		
07:33:30	1.01	346.44	314.08		
07:34:00	1.01	346.62	314.17		
07:34:30	0.99	346.34	313.75		
07:35:00	1.02	346.05	314.86		
07:35:30	1.06	345.77	315.85		
07:36:00	0.99	346.01	315.72		
07:36:30	1.05	346.36	315.19		
07:37:00	1.04	346.11	315.41		
07:37:30	1	345.82	315.09		
07:38:00	1.03	345.73	314.65		
07:38:30	0.99	345.8	314.9		
07:39:00	1.01	345.46	314.7		
07:39:30	0.99	345.92	314.56		
07:40:00	1.01	342.77	314.73		
07:40:30	1.03	343.25	314.91		
07:41:00	1.02	343.69	314.31		
07:41:30	1.04	342.96	314.11		
07:42:00	1.05	343.13	314.06		
07:42:30	1.04	342.9	313.8		
07:43:00	1.02	343.66	313.74		
07:43:30	1.01	343.37	312.6		
07:44:00	1	342.57	313.27		
07:44:30	1.02	343.09	312.72		
07:45:00	1.06	344.05	311.88		
07:45:30	1.03	344.77	312.43		
07:46:00	1.01	343.5	311.67		
07:46:30	1.04	343.48	311.87		
07:47:00	1.06	342.33	311.1		
07:47:30	1.03	343.6	310.26		
07:48:00	1	343.83	310.11		
07:48:30	1.04	342.61	310.06		
07:49:00	1.07	343.81	309.93		
07:49:30	1.05	343.24	309.34		
07:50:00	1.06	344.42	308.88		
07:50:30	1.05	343.73	308.28		
07:51:00	1.04	342.96	307.37		
07:51:30	1.06	343.02	307.32		
07:52:00	1.02	344.38	306.67		
07:52:30	1.38	343.68	306.96		
07:53:00	1.39	344.11	306.07		
07:53:30	1.4	344.45	305.35		
07:54:00	1.43	343.23	304.96		
07:54:30	1.4	343.37	305.11		
07:55:00	1.41	344.64	234.34		
07:55:30	1.41	343.66	234.58		
07:56:00	1.4	344.55	234.52		
07:56:30	1.38	344.61	234.54		
07:57:00	1.35	342.83	233.97		
07:57:30	1.41	344.15	233.43		
07:58:00	1.42	345.13	233.14		
07:58:30	1.41	344.59	232.15		
07:59:00	1.41	344.6	232.39		
07:59:30	1.38	344.75	231.03		
08:00:00	1.35	344.34	231.33		
08:00:30	1.38	344.47	231.04		
08:01:00	1.4	345.43	230.6		
08:01:30	1.37	344.48	230.32		
08:02:00	1.37	345.52	230.26		
08:02:30	1.38	345.46	229.87	310.93	0.46
08:03:00	1.42	344.79	230.3		
08:03:30	1.36	345.16	230.03		
08:04:00	1.34	345.51	229.54		
08:04:30	1.39	344.91	229.26		
08:05:00	1.37	345.13	228.19		
08:05:30	1.38	344.8	229.35		
08:06:00	1.37	344.86	229.03		
08:06:30	1.4	345.16	228.92		
08:07:00	1.39	344.58	229.37		
08:07:30	1.32	346.74	229.23		
08:08:00	1.4	345.25	229.1		
08:08:30	1.36	344.56	229.13		
08:09:00	1.32	344.89	229.28		
08:09:30	1.33	345.31	229.06		
08:10:00	1.35	346.48	230.03		
08:10:30	1.39	345.26	229.61		
08:11:00	1.35	346.76	230.85		
08:11:30	1.38	345	230.16		
08:12:00	1.34	346.19	230.38		
08:12:30	1.34	345.87	230.15		
08:13:00	1.34	345.27	230.39		
08:13:30	1.33	345.42	230.74		
08:14:00	1.35	345.94	231.73		
08:14:30	1.33	346.59	231.69		
08:15:00	1.33	346.84	232.05		
08:15:30	1.32	345.97	232.37		
08:16:00	1.31	346.82	232.76		
08:16:30	1.3	346.73	232.87		
08:17:00	1.34	346.67	232.99		
08:17:30	1.3	345.8	234.18		
08:18:00	1.33	345.88	234.72		
08:18:30	1.35	346.11	235.23		
08:19:00	1.19	346.68	235.9		
08:19:30	1.25	347.26	235.69		
08:20:00	1.24	347.08	236.34		
08:20:30	1.24	346.41	237.45		
08:21:00	1.21	346.43	237.52		
08:21:30	1.19	346.38	237.59		
08:22:00	1.21	346.03	238.39		
08:22:30	1.22	346.87	239.45		
08:23:00	1.19	347.49	238.78		
08:23:30	1.23	347.11	239.96		
08:24:00	1.21	346.33	240.53		
08:24:30	1.2	346.71	241.17		
08:25:00	1.17	346.66	240.87		
08:25:30	1.21	347.75	241.2		
08:26:00	1.19	347.28	242.93		
08:26:30	1.22	347.76	242.69		
08:27:00	1.2	347.79	242.56		
08:27:30	1.23	346.77	244.44		
08:28:00	1.21	347.22	244.19		
08:28:30	1.2	348.37	244.67		
08:29:00	1.26	346.92	245.79		
08:29:30	1.17	347.25	245.01		
08:30:00	1.21	346.91	245.53		
08:30:30	1.18	347.29	246.28		
08:31:00	1.19	348.27	246.9		
08:31:30	1.21	346.16	246.59		
08:32:00	1.22	347.56	247.02		
08:32:30	1.15	347.27	247.68		
08:33:00	1.18	347.22	248.04		
08:33:30	1.23	347.39	247.37		
08:34:00	1.18	347.22	247.88		
08:34:30	1.18	347.88	248.35		
08:35:00	1.19	346.89	248.89		
08:35:30	1.23	347.88	249.28		
08:36:00	1.27	346.69	249.78		
08:36:30	1.22	347.84	248.88		
08:37:00	1.2	346.63	248.49		
08:37:30	1.2	340.94	249.15		
08:38:00	1.21	341.04	248.67		
08:38:30	1.23	341.01	249.6		
08:39:00	1.19	340.33	249.48		
08:39:30	1.2	340.99	249.86		
08:40:00	1.21	340.51	248.44		
08:40:30	1.22	341.62	248.28		
08:41:00	1.24	341.1	249.25		
08:41:30	1.18	340.34	248.12		
08:42:00	1.2	340.92	247.33		
08:42:30	1.19	340.95	249.16		
08:43:00	1.2	341.38	248.4		
08:43:30	1.19	341	248.3		
08:44:00	1.18	341.01	247.4		
08:44:30	1.25	340.57	247.18		
08:45:00	1.19	341.1	238.48		
08:45:30	1.19	341.22	239.37		
08:46:00	1.23	340.43	239.19		
08:46:30	1.23	339.66	239.56		
08:47:00	1.19	340.78	238.87		
08:47:30	1.2	340.91	238.91		
08:48:00	1.2	340.63	238.79		
08:48:30	1.21	341.12	238.41		
08:49:00	1.23	340.3	238.96		
08:49:30	1.22	340.62	239.11		
08:50:00	1.19	340.51	238.06		
08:50:30	1.23	339.17	239.37		
08:51:00	1.23	340.7	239.13	274.97	1.23
08:51:30	1.21	341.12	238.83		
08:52:00	1.24	340.08	239.4		
08:52:30	1.22	341.54	239.82		
08:53:00	1.16	340.75	239.25		
08:53:30	1.22	339.91	238.62		
08:54:00	1.26	340.25	239.26		
08:54:30	1.22	340.81	239.03		
08:55:00	1.21	340.7	239.27		
08:55:30	1.25	340.9	239.38		
08:56:00	1.23	340.05	238.37		
08:56:30	1.21	340.04	238.82		
08:57:00	1.21	340.68	238.65		
08:57:30	1.22	340.55	238.44		
08:58:00	1.26	339.58	238.68		
08:58:30	1.29	340.42	238.3		
08:59:00	1.23	340.05	238.67		
08:59:30	1.23	340.1	240.05		
09:00:00	1.27	339.24	238.95		
09:00:30	1.24	340.77	239.19		
09:01:00	1.25	340.21	238.97		
09:01:30	1.24	340.2	239.12		
09:02:00	1.22	339.1	239.76		
09:02:30	1.24	339.97	239.33		
09:03:00	1.27	339.94	239.63		
09:03:30	1.25	340.67	238.89		
09:04:00	1.24	340.17	239.03		
09:04:30	1.28	339.94	238.18		
09:05:00	1.23	340.35	239.56		
09:05:30	1.26	339.48	239.57		
09:06:00	1.25	339.73	239.21		
09:06:30	1.25	349.56	239.18		
09:07:00	1.28	349.17	238.86		
09:07:30	1.23	348.98	239.3		
09:08:00	1.27	349.2	239.61		
09:08:30	1.24	349.36	238.52		
09:09:00	1.3	349.74	238.52		
09:09:30	1.28	349.25	239.34		
09:10:00	1.26	349.7	238.58		
09:10:30	1.26	349.09	238.67		
09:11:00	1.28	349.6	239.38		
09:11:30	1.09	348.12	239.31		
09:12:00	1.05	350.14	238.11		
09:12:30	1.04	349.5	238.88		
09:13:00	1.05	349.68	238.16		
09:13:30	1.01	348.88	239.49		
09:14:00	1.07	348.97	239.24		
09:14:30	1.06	350.74	238.22		
09:15:00	1.05	350.09	238.58		
09:15:30	1.05	349.39	239.01		
09:16:00	1.08	348.95	238.88		
09:16:30	1.05	348.53	238.89		
09:17:00	1	349.88	239.42		
09:17:30	1.01	349.64	240.05		
09:18:00	1.06	348.65	239.12		
09:18:30	1	349.06	239.65		
09:19:00	1.07	349.27	238.94		
09:19:30	1.05	348.49	239.38		
09:20:00	1.01	347.7	238.96		
09:20:30	1.04	348.68	239		
09:21:00	1.02	348.38	238.93		
09:21:30	1.01	348.5	238.58		
09:22:00	0.98	348.99	238.88		
09:22:30	1.01	348.16	238.83		
09:23:00	1	348.06	238.25		
09:23:30	1.01	349.11	239.21		
09:24:00	1.02	349.94	239.03		
09:24:30	0.99	349.42	238.67		
09:25:00	0.98	349.16	238.73		
09:25:30	1	348.35	239.25		
09:26:00	1	348.78	237.51		
09:26:30	0.99	348.68	238.79		
09:27:00	1	348.94	239.21		
09:27:30	0.97	348.31	239.07		
09:28:00	1.01	349.87	239.24		
09:28:30	0.99	348.89	238.62		
09:29:00	0.97	348.44	238.64		
09:29:30	1.01	347.79	238.87		
09:30:00	0.95	348.61	239.18		
09:30:30	0.99	347.91	238.78		
09:31:00	1.03	347.87	238.84		
09:31:30	0.98	348.27	238.57		
09:32:00	0.97	348.72	239.12		
09:32:30	0.99	347.83	239.39		
09:33:00	1	347.51	239.97		
09:33:30	0.93	347.93	240.18		
09:34:00	0.98	347.25	238.87		
09:34:30	1	347.89	239.53		
09:35:00	0.91	342.36	298.9		
09:35:30	1	341.6	298.27		
09:36:00	0.99	341.16	299.46	281.31	1.06
09:36:30	0.96	341.79	298.44		
09:37:00	0.94	341.49	298.49		
09:37:30	1.31	341.93	299.11		
09:38:00	1.31	341.21	297.69		
09:38:30	1.31	341.48	298.3		
09:39:00	1.33	341.8	298.23		
09:39:30	1.3	341.27	298.66		
09:40:00	1.32	342.16	297.93		
09:40:30	1.27	342.16	298.33		
09:41:00	1.28	342.64	298.65		
09:41:30	1.31	342.01	298.75		
09:42:00	1.29	342.61	298.19		
09:42:30	1.3	342	298.44		
09:43:00	1.29	341.95	297.98		
09:43:30	1.29	341.55	298.21		
09:44:00	1.29	342.7	298.57		
09:44:30	1.3	342.84	298.46		
09:45:00	1.27	342.14	298.3		
09:45:30	1.27	342.48	298.73		
09:46:00	1.3	342	298.27		
09:46:30	1.32	343.87	298.46		
09:47:00	1.33	342.91	298.41		
09:47:30	1.28	342.86	298.23		
09:48:00	1.29	342.67	298.18		
09:48:30	1.29	342.59	298.66		
09:49:00	1.26	342.85	298.36		
09:49:30	1.33	343.47	298.48		
09:50:00	1.3	342.37	298.65		
09:50:30	1.35	342.98	298.89		
09:51:00	1.28	343.66	298.93		
09:51:30	1.29	342.99	298.06		
09:52:00	1.31	344.68	299		
09:52:30	1.3	343.05	298.79		
09:53:00	1.3	343.89	298.47		
09:53:30	1.32	344.35	297.74		
09:54:00	1.34	342.63	286.25		
09:54:30	1.28	343.84	286.76		
09:55:00	1.32	344.68	285.79		
09:55:30	1.33	343.81	285.52		
09:56:00	1.29	343.22	286.64		
09:56:30	1.33	343.89	286.11		
09:57:00	1.32	344	285.92		
09:57:30	1.32	344.22	285.22		
09:58:00	1.28	344.29	286.26		
09:58:30	1.31	343.84	284.74		
09:59:00	1.3	344.12	285.47		
09:59:30	1.33	343.58	284.77		
10:00:00	1.28	345.33	284.66		
10:00:30	1.32	344.16	285.36		
10:01:00	1.31	344.34	285.82		
10:01:30	1.31	345.12	286.32		
10:02:00	1.33	344.68	285.58		
10:02:30	1.3	344.93	285.89		
10:03:00	1.32	345.41	286.35		
10:03:30	1.32	344.74	284.62		
10:04:00	1.17	344.43	285.86		
10:04:30	1.19	345.07	285.85		
10:05:00	1.2	346.32	286.12		
10:05:30	1.18	345.31	285.63		
10:06:00	1.15	345.51	285.74		
10:06:30	1.2	345.26	285.48		
10:07:00	1.23	344.75	285.72		
10:07:30	1.2	344.67	284.99		
10:08:00	1.2	344.3	285.29		
10:08:30	1.19	345.02	284.56		
10:09:00	1.18	345.65	285.16		
10:09:30	1.15	345.91	285.25		
10:10:00	1.16	344.44	286.28		
10:10:30	1.15	344.78	286.09		
10:11:00	1.14	344.79	286.05		
10:11:30	1.19	344.73	285.84		
10:12:00	1.22	344.69	285.36		
10:12:30	1.21	345.21	284.82		
10:13:00	1.19	345.5	285.32		
10:13:30	1.21	345.13	285.53		
10:14:00	1.22	345.57	285.76		
10:14:30	1.17	343.77	286.06		
10:15:00	1.18	345.7	285.53		
10:15:30	1.19	345.63	285.53		
10:16:00	1.17	344.69	285.4		
10:16:30	1.16	345.08	285.46		
10:17:00	1.15	345.11	285.76		
10:17:30	1.16	345.48	284.99		
10:18:00	1.18	345.21	284.88		
10:18:30	1.21	345.2	284.64		
10:19:00	1.19	345.24	285.55		
10:19:30	1.15	346.45	286.01		
10:20:00	1.19	344.43	285.67		
10:20:30	1.2	345.14	285.25		
10:21:00	1.18	344.69	284.98		
10:21:30	1.15	345.62	285.76		
10:22:00	1.2	345.47	286.57		
10:22:30	1.2	345.42	285.72		
10:23:00	1.17	345.24	286		
10:23:30	1.15	345.42	285.81		
10:24:00	1.12	344.42	286.71		
10:24:30	1.2	345.76	285.24		
10:25:00	1.21	344.82	291.44		
10:25:30	1.2	344.73	290.21		
10:26:00	1.19	346.02	290.38		
10:26:30	1.18	344.12	290.34		
10:27:00	1.17	345.51	290.65		
10:27:30	1.2	345.59	289.87		
10:28:00	1.19	344.78	289.63		
10:28:30	1.16	344.62	289.42		
10:29:00	1.18	345.16	290.46		
10:29:30	1.22	344.97	289.81		
10:30:00	1.2	345.56	290.89		
10:30:30	1.21	344.63	290.06		
10:31:00	1.19	345.54	290.82		
10:31:30	1.23	344.72	290.8		
10:32:00	1.18	344.65	290.63		
10:32:30	1.21	348.93	290.5		
10:33:00	1.19	348.03	290.97		
10:33:30	1.22	348.66	289.04		
10:34:00	1.22	348.95	290.62		
10:34:30	1.17	348.38	290.24		
10:35:00	1.21	349.43	290.71		
10:35:30	1.2	348.99	290.52		
10:36:00	1.2	348.98	290.61		
10:36:30	1.21	349.14	290.7		
10:37:00	1.21	348.36	289.45		
10:37:30	1.2	349.96	291.01		
10:38:00	1.16	348.77	291.38		
10:38:30	1.2	349.16	291.03		
10:39:00	1.18	349.39	290.92		
10:39:30	1.23	348.64	291.08		
10:40:00	1.21	349.89	290.36		
10:40:30	1.24	349.6	291.88		
10:41:00	1.24	348.6	291.19		
10:41:30	1.18	348.76	291.52		
10:42:00	1.21	349.5	292.22		
10:42:30	1.17	348.78	290.78		
10:43:00	1.23	348.36	291.02		
10:43:30	1.18	349.42	291.3		
10:44:00	1.19	349.81	291.4		
10:44:30	1.21	348.43	292.04		
10:45:00	1.19	349.64	290.86		
10:45:30	1.21	350	291.06		
10:46:00	1.22	349.69	292.12		
10:46:30	1.21	349.75	291.67		
10:47:00	1.19	349.9	291.75		
10:47:30	1.19	349.21	290.94		
10:48:00	1.21	349.72	292.87		
10:48:30	1.22	349.51	290.81		
10:49:00	1.2	349.08	291.15		
10:49:30	1.18	348.84	292.22		
10:50:00	1.22	349.4	292.77		
10:50:30	1.22	350.09	292.97		
10:51:00	1.25	348.79	293.24		
10:51:30	1.18	349.84	291.83		
10:52:00	1.2	350.35	292.1		
10:52:30	1.21	349.81	291.63		
10:53:00	1.17	349.82	292.57		
10:53:30	1.21	350.66	292.26		
10:54:00	1.21	350.3	292.39		
10:54:30	1.19	348.97	292.64		
10:55:00	1.23	350.16	293.29		
10:55:30	1.22	349.75	293.09		
10:56:00	1.18	350.45	292.12		
10:56:30	1.29	350.98	301.83		
10:57:00	1.29	350.01	302.46		
10:57:30	1.33	350.63	301.81		
10:58:00	1.31	350.69	301.49		
10:58:30	1.31	350.83	302.02		
10:59:00	1.28	349.58	302.1		
10:59:30	1.28	349.62	301.68		
11:00:00	1.29	350.31	301.34		
11:00:30	1.3	350.97	301		
11:01:00	1.31	349.85	302.36		
11:01:30	1.26	345.51	302.03		
11:02:00	1.31	346.75	301.7		
11:02:30	1.24	346.48	301.12		
11:03:00	1.3	345.76	301.4		
11:03:30	1.27	346.51	300.96		
11:04:00	1.3	345.92	300.66		
11:04:30	1.28	347.6	301.31		
11:05:00	1.25	346.48	301.37		
11:05:30	1.34	346.24	301.35		
11:06:00	1.26	346.64	301.79		
11:06:30	1.24	345.84	301.13		
11:07:00	1.29	345.58	301.33		
11:07:30	1.3	345.83	301.52		
11:08:00	1.27	346.28	301.14		
11:08:30	1.25	345.99	301.59		
11:09:00	1.25	347.28	301.92		
11:09:30	1.25	346.37	300.77		
11:10:00	1.24	346.02	301.06		
11:10:30	1.24	345.94	300.27		
11:11:00	1.3	345.87	300.73		
11:11:30	1.29	345.24	300.8		
11:12:00	1.31	345.82	300.08		
11:12:30	1.29	347.25	300.45		
11:13:00	1.26	346.49	300.41		
11:13:30	1.26	347.23	300.7		
11:14:00	1.29	346.82	301.18		
11:14:30	1.26	346.29	300.75		
11:15:00	1.24	345.29	300.43		
11:15:30	1.25	346.51	300.76		
11:16:00	1.24	345.78	300.55		
11:16:30	1.25	346.53	299.54		
11:17:00	1.27	346.96	301.21		
11:17:30	1.25	345.3	300.65		
11:18:00	1.22	345.45	300.2		
11:18:30	1.24	346.04	300.63		
11:19:00	1.22	345.93	300.24		
11:19:30	1.25	346.83	300.19		
11:20:00	1.23	345.62	299.47		
11:20:30	1.28	345.75	300.54		
11:21:00	1.25	345.47	300.38		
11:21:30	1.24	346.23	300.17		
11:22:00	1.24	346.15	299.75		
11:22:30	1.18	345.95	299.55		
11:23:00	1.13	347.26	299.9		
11:23:30	1.2	346.02	299.77		
11:24:00	1.13	345.79	300.97		
11:24:30	1.17	346.03	300.15		
11:25:00	1.2	345.42	300.52		
11:25:30	1.16	346.02	299.12		
11:26:00	1.17	346.02	299.16		
11:26:30	1.21	346.43	299.33		
11:27:00	1.2	345.75	299.82		
11:27:30	1.19	345.83	296.9		
11:28:00	1.19	346.55	297.49		
11:28:30	1.21	346.9	297.43		
11:29:00	1.18	346.42	298.01		
11:29:30	1.15	346.22	297.02		
11:30:00	1.2	350.18	297.17		
11:30:30	1.21	350.32	297.64		
11:31:00	1.18	351.15	297.5		
11:31:30	1.18	350.96	297.1		
11:32:00	1.2	350.54	297.03		
11:32:30	1.18	351.09	298.14		
11:33:00	1.18	350.44	298.17		
11:33:30	1.17	349.53	298.17		
11:34:00	1.18	350.8	298.15		
11:34:30	1.21	350.06	297.96		
11:35:00	1.16	349.4	298.49		
11:35:30	1.19	349.83	298.35		
11:36:00	1.21	350.11	298.41		
11:36:30	1.21	349.35	298.7		
11:37:00	1.21	349.3	298.92		
11:37:30	1.19	349.34	299.35		
11:38:00	1.19	349.52	298.74		
11:38:30	1.14	349.67	299.03		
11:39:00	1.22	349.65	298.66		
11:39:30	1.22	349.18	299.24		
11:40:00	1.21	349.29	299.07		
11:40:30	1.19	349.33	299.87		
11:41:00	1.19	349.4	300.05		
11:41:30	1.22	349.2	299.06		
11:42:00	1.18	348.15	300.41		
11:42:30	1.21	348.25	299.79		
11:43:00	1.21	348.74	299.91		
11:43:30	1.21	348.93	299.43		
11:44:00	1.25	348.55	300.14		
11:44:30	1.22	348.22	300.47		
11:45:00	1.24	348.23	300.28		
11:45:30	1.24	348.55	300.48		
11:46:00	1.26	347.52	300.64		
11:46:30	1.19	348.41	300.94		
11:47:00	1.21	347.94	300.23		
11:47:30	1.23	348.22	300.36		
11:48:00	1.19	347.73	301.16		
11:48:30	1.21	347.3	301.07		
11:49:00	1.17	347.68	301.28		
11:49:30	1.15	347.71	301.1		
11:50:00	1.23	347.63	301.03		
11:50:30	1.19	347.42	301.7		
11:51:00	1.15	347.45	300.92		
11:51:30	1.18	346.77	300.95		
11:52:00	1.16	347.18	301.59		
11:52:30	1.17	347.27	302.49		
11:53:00	1.18	348.13	301.5		
11:53:30	1.18	346.13	302.38		
11:54:00	1.17	347	301.63		
11:54:30	1.19	346.44	301.73		
11:55:00	1.15	346.16	301.93		
11:55:30	1.18	346.76	302.77		
11:56:00	1.18	346.62	301.85		
11:56:30	1.16	347.13	302.59		
11:57:00	1.18	346.37	302.66		
11:57:30	1.15	345.38	302.72		
11:58:00	1.14	346.77	303.41		
11:58:30	1.17	346.35	302.78		
11:59:00	1.16	342.89	302.3		
11:59:30	1.14	342.47	302.85		
12:00:00	1.14	344.51	302.46		
12:00:30	1.15	343.97	302.92		
12:01:00	1.17	343.93	302.72		
12:01:30	1.14	344.26	302.31		
12:02:00	1.18	345.15	303.5		
12:02:30	1.16	343.2	303.5		
12:03:00	1.13	344.45	302.21		
12:03:30	1.14	345.43	302.66		
12:04:00	1.15	344.21	303.06		
12:04:30	1.19	345.45	302.78		
12:05:00	1.18	344.15	302.59		
12:05:30	1.17	345.27	303.59		
12:06:00	1.16	345.39	303.61		
12:06:30	1.06	345.52	303.37		
12:07:00	1.12	345.94	304.41		
12:07:30	1.15	345.35	304.15		
12:08:00	1.14	345.33	302.67		
12:08:30	1.14	345.71	303.24		
12:09:00	1.16	346.22	304.04		
12:09:30	1.18	345.71	304.54		
12:10:00	1.2	345.87	303.99		
12:10:30	1.11	346.05	302.97		
12:11:00	1.16	346.7	304.35		
12:11:30	1.13	347.68	303.92		
12:12:00	1.11	346.75	303.13		
12:12:30	1.14	346.55	303.81		
12:13:00	1.13	347.31	304.31		
12:13:30	1.15	346.6	304.01		
12:14:00	1.18	347.06	302.97		
12:14:30	1.12	346.4	304.67		
12:15:00	1.42	347.68	304.48		
12:15:30	1.37	347.2	304.37		
12:16:00	1.38	346.47	304.66		
12:16:30	1.4	346.7	304.22		
12:17:00	1.38	347.32	304.7		
12:17:30	1.37	347.56	304.84		
12:18:00	1.37	347.66	304.92		
12:18:30	1.39	347.03	304.2		
12:19:00	1.36	347.79	304.89		
12:19:30	1.37	347.71	304.39		
12:20:00	1.43	348.05	305.33		
12:20:30	1.37	348.05	305.21		
12:21:00	1.36	348.77	304.79		
12:21:30	1.45	348.1	305.28		
12:22:00	1.38	348.78	305.08		
12:22:30	1.4	349.2	305.86		
12:23:00	1.38	348.86	305.17		
12:23:30	1.4	348.89	305.03		
12:24:00	1.43	349.79	306.1		
12:24:30	1.4	349.3	305.28		
12:25:00	1.38	349.32	305.86		
12:25:30	1.42	349.29	305.7		
12:26:00	1.4	349.19	304.99		
12:26:30	1.4	349.37	305.1		
12:27:00	1.44	348.77	306.2		
12:27:30	1.41	343.07	306.37		
12:28:00	1.43	342.99	306.11		
12:28:30	1.41	342.88	305.88		
12:29:00	1.42	342.68	305.92		
12:29:30	1.42	342.21	306.06		
12:30:00	1.44	343.3	300.84		
12:30:30	1.39	341.86	300.96		
12:31:00	1.42	342.09	301.03		
12:31:30	1.44	342.53	301.13		
12:32:00	1.43	342.61	301.26		
12:32:30	1.41	341.91	300.79		
12:33:00	1.42	342.15	301.78		
12:33:30	1.42	341.71	301.64		
12:34:00	1.45	342.37	301.15		
12:34:30	1.42	341.88	301.09		
12:35:00	1.45	342.52	300.23		
12:35:30	1.4	342.18	301.19		
12:36:00	1.42	342.06	301.17		
12:36:30	1.45	341.77	301.41		
12:37:00	1.44	341.66	301.86		
12:37:30	1.43	342.3	300.75		
12:38:00	1.44	342.66	301.09		
12:38:30	1.47	341.04	300.9		
12:39:00	1.47	341.07	301.48		
12:39:30	1.43	341.61	301.36		
12:40:00	1.47	341.12	301.21		
12:40:30	1.43	341.46	301.51		
12:41:00	1.45	341.66	301.9		
12:41:30	1.09	341.76	301.84		
12:42:00	1.12	340.3	301.01		
12:42:30	1.09	342.09	300.61		
12:43:00	1.1	341.98	301.59		
12:43:30	1.08	341.21	301.3		
12:44:00	1.06	341.61	300.34		
12:44:30	1.09	341.82	301.48		
12:45:00	1.06	341.36	300.57		
12:45:30	1.11	341.51	301.41		
12:46:00	1.13	340.81	301.05		
12:46:30	1.1	341.21	301.01		
12:47:00	1.09	341.98	301.81		
12:47:30	1.08	341.06	301.69		
12:48:00	1.12	341.29	301.72		
12:48:30	1.11	341.21	301.94		
12:49:00	1.09	341.1	301.19		
12:49:30	1.11	340.34	300.66		
12:50:00	1.06	340.99	301.75		
12:50:30	1.07	340.76	301.62		
12:51:00	1.08	340.33	302.05		
12:51:30	1.08	340.64	301.04		
12:52:00	1.08	340.42	301.8		
12:52:30	1.08	341.05	301.89		
12:53:00	1.11	340.22	301.01		
12:53:30	1.05	341.41	301.45		
12:54:00	1.1	341.78	302.1		
12:54:30	1.05	340.52	300.65		
12:55:00	1.05	340.73	301.58		
12:55:30	1.1	341.25	301.38		
12:56:00	1.11	341.39	300.94		
12:56:30	1.08	350.05	301.78		
12:57:00	1.07	348.99	302.27		
12:57:30	1.11	349.69	302.05		
12:58:00	1.05	349.79	301.8		
12:58:30	1.06	349.6	302.46		
12:59:00	1.07	349.47	302.09		
12:59:30	1.08	349.11	301.62		
13:00:00	1.05	349.7	301.6		
13:00:30	1.13	350.21	301.44		
13:01:00	1.06	349.38	301.2		
13:01:30	1.1	349.84	289.73		
13:02:00	1.07	349.01	290.23		
13:02:30	1.08	349.11	289.94		
13:03:00	1.07	350.53	289.41		
13:03:30	1.09	349.53	288.49		
13:04:00	1.13	350.54	289.62		
13:04:30	1.12	349.25	290.46		
13:05:00	1.06	349.66	290.15		
13:05:30	1.08	349.09	289.59		
13:06:00	1.11	348.91	290.2		
13:06:30	1.09	349.03	289.86		
13:07:00	1.09	348.88	289.75		
13:07:30	1.07	350.19	289.82		
13:08:00	1.09	348.77	289.05		
13:08:30	1.08	349.19	289.45		
13:09:00	1.08	349.01	290.47		
13:09:30	1.08	349.93	290.06		
13:10:00	1.1	349.46	289.98		
13:10:30	1.1	349.19	289.25		
13:11:00	1.09	349.98	290.16		
13:11:30	1.05	349.71	290.25		
13:12:00	1.14	349.41	290.13		
13:12:30	1.09	349.26	289.4		
13:13:00	1.08	349.17	290.26		
13:13:30	1.06	349.88	289.26		
13:14:00	1.09	350.19	289.55		
13:14:30	1.07	349.05	289.79		
13:15:00	1.09	349.45	288.56		
13:15:30	1.07	349.62	290.32		
13:16:00	1.07	349.17	289.77		
13:16:30	1.09	349.77	290.72		
13:17:00	1.07	348.68	289.8		
13:17:30	1.07	348.51	290.18		
13:18:00	1.1	349.16	290.29		
13:18:30	1.08	349.77	290.49		
13:19:00	1.06	349.58	289.91		
13:19:30	1.04	349.72	288.72		
13:20:00	1.06	349.44	289.64		
13:20:30	1.16	349.05	290.28		
13:21:00	1.04	349.09	290.84		
13:21:30	1.11	348.95	289.7		
13:22:00	1.11	348.81	289.88		
13:22:30	1.08	349.88	290.64		
13:23:00	1.11	348.9	289.74		
13:23:30	1.1	348.75	290.59		
13:24:00	1.12	349.53	290.37		
13:24:30	1.06	348.49	290.72		
13:25:00	1.07	347.86	290.71		
13:25:30	1.13	348.26	290.63		
13:26:00	1.1	348.32	289.79		
13:26:30	1.1	347.33	290.34		
13:27:00	1.1	347.69	291.15		
13:27:30	1.05	348.35	289.81		
13:28:00	1.06	348.55	290.64		
13:28:30	1.12	348.32	290.75		
13:29:00	1.11	349.28	290.14		
13:29:30	1.09	348.35	291.59		
13:30:00	1.08	347.67	291.04		
13:30:30	1.09	348.38	290.43		
13:31:00	1.06	348.02	289.73		
13:31:30	1.09	349	291.1		
13:32:00	1.1	347.89	291.18		
13:32:30	1.12	348.64	301.86		
13:33:00	1.05	348.04	301.8		
13:33:30	1.12	347.57	300.94		
13:34:00	1.02	347.21	301.83		
13:34:30	1.04	348.4	301.85		
13:35:00	1.04	347.73	302.14		
13:35:30	1.04	347.69	302.31		
13:36:00	1.1	346.43	302.21		
13:36:30	1.04	346.64	302.18		
13:37:00	1.07	347.29	301.07		
13:37:30	1.06	348.18	301.64		
13:38:00	1.08	348.06	301.85		
13:38:30	1.03	347.91	302.55		
13:39:00	1.06	347.63	301.39		
13:39:30	1.08	347.23	301.36		
13:40:00	1.01	347.97	301.61		
13:40:30	1.05	348.07	301.77		
13:41:00	1.06	347.44	301.8		
13:41:30	1.03	347.51	301.84		
13:42:00	1.05	348.04	302.08		
13:42:30	1.04	346.99	302.27		
13:43:00	1.07	347.57	301.79		
13:43:30	1.12	348.57	301.21		
13:44:00	1.07	346.26	301.55		
13:44:30	1.1	345.84	301.93		
13:45:00	1.07	347.08	301.18		
13:45:30	1.06	347.91	300.87		
13:46:00	1.1	347.18	300.15		
13:46:30	1.08	347.01	300.56		
13:47:00	1.11	346.41	300.71		
13:47:30	1.08	347.32	300.64		
13:48:00	1.04	346.75	300.63		
13:48:30	1.06	346.23	301.53		
13:49:00	1.09	346.95	301.61		
13:49:30	1.05	346.89	302.48		
13:50:00	1	347.1	301.19		
13:50:30	1.03	346.98	301.23		
13:51:00	1.08	346.65	300.89		
13:51:30	1.12	344.97	301.5		
13:52:00	1.13	346.56	301.05		
13:52:30	1.08	346.25	300.89		
13:53:00	1.06	346.74	301.21		
13:53:30	1.09	345.92	301.02		
13:54:00	1.07	346.84	301.1		
13:54:30	1.11	346.9	300.85		
13:55:00	1.11	346.32	300.88		
13:55:30	1.09	345.92	300.29		
13:56:00	1.07	346.37	300.43		
13:56:30	1.08	347.16	300.26		
13:57:00	1.11	346.8	300.28		
13:57:30	1.09	346.32	301.47		
13:58:00	1.11	345.7	301.74		
13:58:30	1.1	345.86	301.84		
13:59:00	1.13	346.74	301.26		
13:59:30	1.08	345.97	301.27		
14:00:00	1.18	346.59	300.7		
14:00:30	1.22	345.8	300.4		
14:01:00	1.2	345.2	300.98		
14:01:30	1.18	345.91	300.65		
14:02:00	1.21	344.75	301.32		
14:02:30	1.22	345.47	301.25		
14:03:00	1.18	345.36	301.26		
14:03:30	1.2	345.77	300.41		
14:04:00	1.2	345.15	305.61		
14:04:30	1.22	344.11	305.37		
14:05:00	1.2	345.9	305.43		
14:05:30	1.17	344.61	304.46		
14:06:00	1.18	344.86	304.96		
14:06:30	1.19	345.18	304.34		
14:07:00	1.21	344.68	305.69		
14:07:30	1.2	344.32	304.65		
14:08:00	1.2	345.54	305.44		
14:08:30	1.16	345.21	305.15		
14:09:00	1.2	344.26	304.44		
14:09:30	1.21	345.16	305.07		
14:10:00	1.2	343.92	304.21		
14:10:30	1.24	344.71	304.01		
14:11:00	1.18	345.03	303.97		
14:11:30	1.2	343.93	303.9		
14:12:00	1.21	344.16	304.91		
14:12:30	1.14	343.51	304.75		
14:13:00	1.17	344.6	304.22		
14:13:30	1.19	342.98	303.73		
14:14:00	1.16	344.19	303.69		
14:14:30	1.21	343.69	303.07		
14:15:00	1.17	344.03	303.37		
14:15:30	1.23	344.42	303.11		
14:16:00	1.22	343.62	302.9		
14:16:30	1.21	343.57	302.44		
14:17:00	1.21	343.73	302.53		
14:17:30	1.21	343.36	303.04		
14:18:00	1.18	343.95	302.52		
14:18:30	1.21	343.18	302.89		
14:19:00	1.19	342.88	302.68		
14:19:30	1.23	342.63	301.43		
14:20:00	1.19	342.76	301.45		
14:20:30	1.14	342.96	301.67		
14:21:00	1.23	342.18	301.32		
14:21:30	1.2	341.93	301.41		
14:22:00	1.2	342.39	301.57		
14:22:30	1.21	345.42	301.43		
14:23:00	1.23	344.68	301.51		
14:23:30	1.21	345.67	301.6		
14:24:00	1.26	345.76	301.34		
14:24:30	1.17	344.66	301.64		
14:25:00	1.21	344.93	300.74		
14:25:30	1.18	345.04	301.52		
14:26:00	1.18	345.74	300.15		
14:26:30	1.21	345.39	301.45		
14:27:00	1.18	345.44	300.33		
14:27:30	1.17	344.74	300.96		
14:28:00	1.18	345.62	301.48		
14:28:30	1.18	344.7	300.01		
14:29:00	1.12	345.16	299.63		
14:29:30	1.18	346.1	299.76		
14:30:00	1.19	345.16	299.56		
14:30:30	1.19	345.46	298.92		
14:31:00	1.22	346.11	298.63		
14:31:30	1.19	345	299.46		
14:32:00	1.19	344.45	299.19		
14:32:30	1.2	345.49	299.47		
14:33:00	1.2	345.57	298.69		
14:33:30	1.17	345.08	298.44		
14:34:00	1.2	345.16	298.91		
14:34:30	1.23	345.06	298.75		
14:35:00	1.19	345.72	298.08		
14:35:30	1.2	345.82	298.64		
14:36:00	1.14	345.41	298.24		
14:36:30	1.18	345.47	298.3		
14:37:00	1.2	345.03	297.79		
14:37:30	1.22	346.53	298.23		
14:38:00	1.22	345.88	296.84		
14:38:30	1.26	345.37	298.09		
14:39:00	1.19	345.84	297.96		
14:39:30	1.22	346.32	297.21		
14:40:00	1.23	346.03	297.28		
14:40:30	1.21	346.46	296.93		
14:41:00	1.18	344.92	296.98		
14:41:30	1.21	345.01	296.67		
14:42:00	1.19	345.31	298.34		
14:42:30	1.22	345.3	296.71		
14:43:00	1.2	344.99	296.51		
14:43:30	1.25	344.28	297.92		
14:44:00	1.25	345.4	295.58		
14:44:30	1.22	346.08	296.4		
14:45:00	1.21	345.21	296.92		
14:45:30	1.22	345.65	296.89		
14:46:00	1.24	345.6	295.98		
14:46:30	1.24	346.06	296.05		
14:47:00	1.22	345.83	295.92		
14:47:30	1.21	346.04	295.32		
14:48:00	1.22	345.44	295.85		
14:48:30	1.24	346.53	295.27		
14:49:00	1.24	345.77	295.91		
14:49:30	1.23	345.76	294.75		
14:50:00	1.24	344.96	296.27		
14:50:30	1.23	345.2	295		
14:51:00	1.25	346.01	294.56		
14:51:30	1.21	349.83	295.73		
14:52:00	1.23	349.46	294.14		
14:52:30	1.26	349.65	294.44		
14:53:00	1.24	350.03	294.52		
14:53:30	1.26	349.01	293.68		
14:54:00	1.26	349.88	295.44		
14:54:30	1.25	349.66	293.92		
14:55:00	1.25	349.48	294.54		
14:55:30	1.21	348.95	293.9		
14:56:00	1.26	350.25	293.65		
14:56:30	1.25	349.71	294.4		
14:57:00	1.26	349.86	294.53		
14:57:30	1.24	349.12	294.51		
14:58:00	1.29	349.94	294.38		
14:58:30	1.28	349.14	293.48		
14:59:00	1.26	350.32	293.09		
14:59:30	1.27	349.02	293.21		
15:00:00	1.28	349.68	292.98		
15:00:30	1.27	349.44	292.65		
15:01:00	1.31	350.1	292.99		
15:01:30	1.26	350.47	292.62		
15:02:00	1.28	349.15	293.47		
15:02:30	1.28	349.61	293.29		
15:03:00	1.28	348.93	292.66		
15:03:30	1.3	350.03	292.7		
15:04:00	1.29	349.75	292.13		
15:04:30	1.27	350.26	292.2		
15:05:00	1.28	350.29	293.64		
15:05:30	1.31	349.05	292.42		
15:06:00	1.33	349.56	291.83		
15:06:30	1.29	349.66	300.78		
15:07:00	1.32	349.43	301.1		
15:07:30	1.32	350.33	301.16		
15:08:00	1.28	349.62	301.34		
15:08:30	1.26	349.74	302		
15:09:00	1.32	349.16	301.2		
15:09:30	1.24	349.94	301.03		
15:10:00	1.31	350.38	302.44		
15:10:30	1.32	349.64	301.46		
15:11:00	1.31	349.2	301.26		
15:11:30	1.29	350.2	301.39		
15:12:00	1.32	350.24	300.77		
15:12:30	1.32	349.97	301.05		
15:13:00	1.33	350.12	301.68		
15:13:30	1.32	349.78	301.42		
15:14:00	1.29	350.38	301.9		
15:14:30	1.32	350.13	301.77		
15:15:00	1.38	349.07	301.7		
15:15:30	1.28	350.1	301.98		
15:16:00	1.29	349.51	302.03		
15:16:30	1.31	350.47	302.79		
15:17:00	1.31	350.04	300.85		
15:17:30	1.28	348.63	301.67		
15:18:00	1.35	349.24	301.14		
15:18:30	1.32	349.82	301.73		
15:19:00	1.09	350.44	302.4		
15:19:30	1.09	349.88	301.85		
15:20:00	1.05	345.19	302.26		
15:20:30	1.07	344.53	301.75		
15:21:00	1.08	344.87	302.91		
15:21:30	1.06	345.77	302.04		
15:22:00	1.04	345.44	301.4		
15:22:30	1.08	345.68	302.33		
15:23:00	1.03	345.05	302.68		
15:23:30	1.06	345.38	301.75		
15:24:00	1.08	346.1	302.37		
15:24:30	1.03	345.18	303.24		
15:25:00	1.03	346.16	303.48		
15:25:30	1.05	346	303.26		
15:26:00	1.04	346.17	302.68		
15:26:30	1.01	345.47	302.63		
15:27:00	1.03	345.74	302.22		
15:27:30	1.02	345.01	301.81		
15:28:00	1.05	343.74	302.64		
15:28:30	1.08	345.26	302.27		
15:29:00	1.05	345.7	302.29		
15:29:30	1.04	345.67	303.07		
15:30:00	1.04	344.85	302.55		
15:30:30	1.01	345.24	302.39		
15:31:00	1.05	345.28	302.75		
15:31:30	1.07	345.6	302.41		
15:32:00	1.05	344.53	302.58		
15:32:30	1.03	345.6	303.26		
15:33:00	1.05	344.94	303.26		
15:33:30	1.03	345.22	302.35		
15:34:00	1.05	345.89	301.67		
15:34:30	1.03	345.44	302.05		
15:35:00	1.01	346.32	303.1		
15:35:30	1.08	344.71	302.28		
15:36:00	1.04	345.12	301.95		
15:36:30	1.06	345.52	302.58		
15:37:00	1	345.79	303.25		
15:37:30	1.03	345.59	293.51		
15:38:00	1.05	344.96	293.6		
15:38:30	1.04	345.46	293.94		
15:39:00	1.04	344.33	294.23		
15:39:30	1.04	344.74	293.06		
15:40:00	1.01	345.42	292.24		
15:40:30	1.01	345.2	293.84		
15:41:00	1.05	344.44	293.42		
15:41:30	1	344.5	293.8		
15:42:00	1.02	344.84	293.64		
15:42:30	0.99	345.08	293.23		
15:43:00	1.03	345.71	293.26		
15:43:30	1.02	344.51	294.02		
15:44:00	1.02	344.55	293.08		
15:44:30	1.03	345.37	292.05		
15:45:00	1.2	345.67	293.28		
15:45:30	1.19	345.55	292.76		
15:46:00	1.18	344.35	292.89		
15:46:30	1.22	344.42	293.71		
15:47:00	1.19	345.18	292.98		
15:47:30	1.21	345.31	293.48		
15:48:00	1.16	344.62	293.69		
15:48:30	1.19	344.93	293.58		
15:49:00	1.23	349.33	293.14		
15:49:30	1.19	348.58	293.5		
15:50:00	1.18	348.24	293.41		
15:50:30	1.2	348.73	293.9		
15:51:00	1.17	347.52	292.46		
15:51:30	1.17	348.3	292.95		
15:52:00	1.2	347.94	293.77		
15:52:30	1.2	348.62	292.94		
15:53:00	1.21	347.66	293.44		
15:53:30	1.19	347.94	293.59		
15:54:00	1.18	348.33	293.18		
15:54:30	1.21	347.55	292.94		
15:55:00	1.17	346.53	293.38		
15:55:30	1.19	347.95	292.8		
15:56:00	1.19	346.73	292.59		
15:56:30	1.21	347.16	293.77		
15:57:00	1.19	346.37	292.79		
15:57:30	1.2	346.63	293.15		
15:58:00	1.23	346.67	292.45		
15:58:30	1.19	346.94	292.76		
15:59:00	1.16	346.1	292.69		
15:59:30	1.14	346.35	293.33		
16:00:00	1.2	346.95	293.31		
16:00:30	1.18	346.48	292.29		
16:01:00	1.19	347.05	294.19		
16:01:30	1.15	345.67	293.62		
16:02:00	1.2	346.14	293.46		
16:02:30	1.17	345.38	292.88		
16:03:00	1.17	344.88	293.09		
16:03:30	1.18	344.95	292.62		
16:04:00	1.2	345.94	292.73		
16:04:30	1.2	344.98	292.4		
16:05:00	1.21	345.11	293.87		
16:05:30	1.2	345.56	293.7		
16:06:00	1.18	344.95	293.06		
16:06:30	1.17	345.14	293.73		
16:07:00	1.16	344.58	292.93		
16:07:30	1.16	344.13	292.86		
16:08:00	1.17	344.61	293.23		
16:08:30	1.2	343.81	293.19		
16:09:00	1.15	344.76	291.31		
16:09:30	1.17	344.64	291.38		
16:10:00	1.18	345.25	291.02		
16:10:30	1.17	343.36	292.35		
16:11:00	1.21	343.69	291.81		
16:11:30	1.16	344	291.63		
16:12:00	1.2	343.72	291.9		
16:12:30	1.21	343.35	292.49		
16:13:00	1.22	343.98	292.17		
16:13:30	1.15	342.82	291.4		
16:14:00	1.2	343.58	291.72		
16:14:30	1.23	343.28	291.54		
16:15:00	1.2	344.22	292.07		
16:15:30	1.17	342.55	292.66		
16:16:00	1.16	342.9	291.53		
16:16:30	1.17	342.19	292.2		
16:17:00	1.2	343.01	291.45		
16:17:30	1.16	345.21	291.98		
16:18:00	1.2	345.86	291.67		
16:18:30	1.19	344.76	292.77		
16:19:00	1.15	344.88	292.31		
16:19:30	1.19	345.68	292.67		
16:20:00	1.2	345.45	291.74		
16:20:30	1.2	344.43	292.78		
16:21:00	1.21	344.87	292.34		
16:21:30	1.21	344.73	292.31		
16:22:00	1.17	344.57	292.92		
16:22:30	1.18	344.97	292.36		
16:23:00	1.18	345.29	292.89		
16:23:30	1.19	344.72	292.04		
16:24:00	1.21	345.84	292.18		
16:24:30	1.18	344.84	291.89		
16:25:00	1.22	345.63	292.06		
16:25:30	1.17	345.31	291.99		
16:26:00	1.18	345.2	292.9		
16:26:30	1.18	346.11	292.69		
16:27:00	1.16	345.06	293.24		
16:27:30	1.24	344.91	291.8		
16:28:00	1.15	345.12	292.74		
16:28:30	1.18	344.51	293.35		
16:29:00	1.18	345.83	292.38		
16:29:30	1.13	344.57	292.31		
16:30:00	1.19	345.15	292.48		
16:30:30	1.19	345.87	292.61		
16:31:00	1.19	345.42	292.79		
16:31:30	1.22	345.16	292.98		
16:32:00	1.17	345.35	293.42		
16:32:30	1.2	345.5	293.13		
16:33:00	1.2	346.38	293.74		
16:33:30	1.16	345.52	293.18		
16:34:00	1.15	345.37	292.99		
16:34:30	1.19	345.36	291.83		
16:35:00	1.21	344.97	292.99		
16:35:30	1.2	346.6	293.79		
16:36:00	1.18	345.31	292.72		
16:36:30	1.18	345.59	293.42		
16:37:00	1.2	343.81	292.87		
16:37:30	1.02	345.07	293.56		
16:38:00	1.01	344.87	293.46		
16:38:30	1.02	345.07	292.85		
16:39:00	1.04	345.31	293.79		
16:39:30	1.04	344.47	293.49		
16:40:00	1.06	344.78	299.05		