广,1
区,2
市,3
东,4
省,5
1,6
号,7
州,8
0,9
路,10
2,11
南,12
3,13
山,14
大,15
街,16
镇,17
城,18
5,19
4,20
6,21
村,22
8,23
道,24
楼,25
深,26
河,27
圳,28
新,29
中,30
江,31
海,32
栋,33
7,34
龙,35
园,36
9,37
佛,38
惠,39
西,40
业,41
房,42
白,43
云,44
华,45
天,46
安,47
一,48
岗,49
花,50
工,51
莞,52
北,53
巷,54
珠,55
二,56
三,57
宝,58
室,59
石,60
沙,61
公,62
厦,63
金,64
场,65
阳,66
禺,67
番,68
湾,69
德,70
门,71
京,72
A,73
湖,74
座,75
黄,76
商,77
田,78
福,79
苏,80
顺,81
都,82
平,83
-,84
水,85
塘,86
洲,87
口,88
B,89
和,90
元,91
秀,92
荔,93
国,94
心,95
司,96
四,97
科,98
越,99
兴,100
小,101
五,102
县,103
明,104
其,105
头,106
他,107
社,108
高,109
增,110
苑,111
桥,112
单,113
长,114
有,115
发,116
禅,117
会,118
岭,119
香,120
层,121
永,122
富,123
乐,124
限,125
家,126
庆,127
埔,128
民,129
横,130
开,131
建,132
铺,133
罗,134
景,135
马,136
光,137
地,138
桂,139
店,140
宿,141
技,142
舍,143
丰,144
上,145
乡,146
里,147
环,148
际,149
井,150
万,151
肇,152
C,153
下,154
六,155
之,156
部,157
溪,158
居,159
十,160
院,161
源,162
汇,163
务,164
幢,165
港,166
美,167
文,168
联,169
浦,170
信,171
第,172
学,173
庄,174
化,175
太,176
电,177
交,178
星,179
从,180
凤,181
泰,182
合,183
人,184
行,185
狮,186
康,187
松,188
边,189
昌,190
利,191
林,192
坑,193
前,194
期,195
九,196
宁,197
银,198
首,199
达,200
委,201
车,202
红,203
创,204
沥,205
清,206
D,207
厂,208
吉,209
嘉,210
段,211
?,212
七,213
岐,214
滨,215
涌,216
寓,217
盛,218
八,219
同,220
端,221
雅,222
观,223
夏,224
办,225
祥,226
）,227
岸,228
围,229
蓬,230
鹤,231
站,232
坪,233
百,234
基,235
物,236
（,237
丽,238
布,239
子,240
步,241
翠,242
亚,243
流,244
队,245
产,246
与,247
世,248
丘,249
通,250
方,251
组,252
鼓,253
禾,254
风,255
装,256
处,257
设,258
澜,259
陈,260
贸,261
辖,262
名,263
锦,264
庭,265
保,266
面,267
良,268
坊,269
档,270
豪,271
武,272
驻,273
自,274
朗,275
生,276
叉,277
酒,278
峰,279
淮,280
濮,281
怡,282
屋,283
济,284
阁,285
理,286
管,287
,288
台,289
卡,290
员,291
机,292
集,293
材,294
服,295
博,296
力,297
棠,298
后,299
E,300
碧,301
古,302
许,303
钟,304
品,305
政,306
府,307
鸿,308
编,309
米,310
梅,311
莲,312
川,313
容,314
F,315
恒,316
虎,317
隆,318
火,319
关,320
秦,321
局,322
郑,323
运,324
洛,325
汽,326
竹,327
瑞,328
育,329
胜,330
时,331
角,332
经,333
对,334
汕,335
裕,336
仲,337
槎,338
周,339
盐,340
医,341
约,342
恺,343
旁,344
意,345
宏,346
营,347
成,348
壁,349
馆,350
教,351
饰,352
封,353
事,354
代,355
潭,356
正,357
内,358
凰,359
青,360
玄,361
茂,362
排,363
梯,364
具,365
淡,366
浪,367
圃,368
悦,369
农,370
张,371
尾,372
斗,373
铁,374
泉,375
宾,376
霞,377
进,378
峡,379
体,380
尚,381
佳,382
岩,383
茶,384
潮,385
盈,386
驿,387
荷,388
王,389
益,390
木,391
分,392
洋,393
易,394
辉,395
向,396
丹,397
远,398
团,399
爱,400
炬,401
凯,402
升,403
c,404
侨,405
润,406
芳,407
绿,408
迎,409
塔,410
御,411
陂,412
原,413
所,414
兰,415
萝,416
贝,417
振,418
洞,419
料,420
均,421
a,422
荣,423
紫,424
综,425
b,426
坂,427
玉,428
堂,429
货,430
庙,431
鼎,432
侧,433
骏,434
卫,435
常,436
邺,437
财,438
顶,439
梁,440
雨,441
淇,442
牛,443
直,444
牌,445
燕,446
强,447
仙,448
老,449
术,450
坦,451
治,452
冲,453
望,454
春,455
榄,456
威,457
外,458
睢,459
栖,460
轩,461
放,462
油,463
旗,464
旺,465
官,466
彩,467
聚,468
校,469
赤,470
航,471
解,472
寮,473
双,474
G,475
柏,476
粤,477
作,478
展,479
杨,480
伦,481
季,482
日,483
界,484
纪,485
樟,486
虹,487
岛,488
朝,489
灶,490
逸,491
要,492
码,493
厚,494
纺,495
邦,496
英,497
谷,498
栏,499
程,500
桃,501
蓝,502
股,503
秋,504
麦,505
整,506
鑫,507
陵,508
魏,509
仓,510
沿,511
数,512
月,513
仔,514
属,515
融,516
绣,517
群,518
份,519
树,520
艺,521
贤,522
动,523
来,524
仁,525
维,526
智,527
户,528
器,529
健,530
屏,531
汉,532
总,533
项,534
樵,535
焦,536
，,537
神,538
皮,539
批,540
制,541
配,542
唐,543
鹏,544
专,545
乌,546
斯,547
义,548
目,549
奥,550
立,551
加,552
亭,553
陶,554
旧,555
李,556
麻,557
君,558
住,559
出,560
洪,561
格,562
购,563
固,564
归,565
连,566
穗,567
蛘,568
H,569
勒,570
寿,571
年,572
墩,573
怀,574
土,575
厅,576
堤,577
背,578
负,579
位,580
恩,581
翔,582
销,583
超,584
板,585
迪,586
宇,587
友,588
叶,589
梓,590
晓,591
众,592
果,593
置,594
食,595
漯,596
派,597
资,598
草,599
尔,600
客,601
诚,602
件,603
登,604
捷,605
T,606
泽,607
腾,608
全,609
售,610
好,611
字,612
皇,613
甲,614
澳,615
鞋,616
温,617
晖,618
湛,619
伟,620
共,621
军,622
活,623
支,624
贵,625
榕,626
茅,627
特,628
坡,629
谢,630
库,631
飞,632
计,633
实,634
半,635
象,636
研,637
网,638
欧,639
i,640
域,641
主,642
临,643
普,644
息,645
池,646
羊,647
畔,648
速,649
士,650
瑶,651
鹅,652
灵,653
圩,654
企,655
圣,656
浉,657
织,658
杏,659
郊,660
师,661
轻,662
宜,663
汝,664
用,665
钢,666
蔡,667
柜,668
筑,669
雪,670
空,671
堡,672
演,673
坛,674
儿,675
戍,676
,677
落,678
印,679
碣,680
回,681
礼,682
领,683
灯,684
能,685
族,686
寨,687
快,688
比,689
棉,690
滩,691
瓷,692
黎,693
药,694
险,695
窖,696
芙,697
帝,698
甘,699
寺,700
软,701
幸,702
L,703
附,704
鱼,705
央,706
幼,707
揭,708
脑,709
精,710
拱,711
津,712
右,713
S,714
韵,715
线,716
先,717
冠,718
监,719
森,720
警,721
馨,722
至,723
球,724
.,725
渡,726
P,727
塑,728
禹,729
刘,730
坳,731
克,732
朱,733
亿,734
范,735
写,736
齐,737
扬,738
多,739
然,740
职,741
色,742
濠,743
启,744
递,745
莱,746
税,747
卧,748
修,749
藤,750
岑,751
圆,752
冈,753
~,754
鹿,755
造,756
讯,757
奇,758
间,759
祖,760
假,761
#,762
耀,763
埠,764
细,765
蕉,766
彭,767
镜,768
氏,769
湘,770
章,771
宅,772
菜,773
渔,774
,775
杜,776
径,777
伯,778
岳,779
慧,780
邮,781
盘,782
屯,783
浮,784
定,785
械,786
鳌,787
窑,788
兆,789
便,790
M,791
简,792
旭,793
,794
俊,795
泥,796
谊,797
荟,798
虼,799
革,800
招,801
雄,802
图,803
旅,804
O,805
汾,806
防,807
检,808
荆,809
赛,810
旋,811
思,812
郡,813
鸡,814
葛,815
曹,816
吓,817
坝,818
誉,819
手,820
隔,821
陆,822
宛,823
志,824
K,825
蛇,826
麒,827
验,828
纳,829
d,830
颐,831
喜,832
(,833
),834
究,835
将,836
欣,837
眼,838
卓,839
结,840
I,841
法,842
韶,843
沟,844
影,845
衣,846
尼,847
善,848
N,849
柯,850
,851
翡,852
才,853
移,854
复,855
琴,856
如,857
麟,858
谭,859
畅,860
坭,861
弘,862
雍,863
烈,864
优,865
干,866
汤,867
叠,868
投,869
茵,870
浩,871
铭,872
雁,873
片,874
邑,875
枫,876
涛,877
e,878
芦,879
餐,880
语,881
巴,882
榴,883
蓉,884
书,885
瑰,886
葵,887
敦,888
萧,889
壹,890
柳,891
荫,892
劳,893
襄,894
凌,895
左,896
锋,897
祈,898
留,899
、,900
玫,901
卖,902
宫,903
斜,904
境,905
ひ,906
勤,907
童,908
千,909
徽,910
亨,911
卢,912
起,913
密,914
览,915
现,916
墟,917
植,918
底,919
o,920
收,921
度,922
桐,923
J,924
睦,925
波,926
浚,927
陇,928
淘,929
点,930
栅,931
晶,932
游,933
摩,934
麓,935
核,936
闸,937
陕,938
质,939
夫,940
曙,941
粮,942
沁,943
郭,944
延,945
胡,946
级,947
阮,948
卦,949
身,950
控,951
矿,952
阜,953
胶,954
鸣,955
气,956
的,957
为,958
袁,959
禄,960
晟,961
应,962
丁,963
琶,964
备,965
得,966
],967
祠,968
标,969
",",970
包,971
歧,972
响,973
蠼,974
遂,975
泌,976
尧,977
淳,978
船,979
两,980
晴,981
冷,982
傍,983
致,984
未,985
厝,986
微,987
律,988
可,989
梦,990
蚬,991
护,992
牧,993
玛,994
仕,995
权,996
模,997
私,998
潼,999
佑,1000
熙,1001
崇,1002
顿,1003
诊,1004
协,1005
纸,1006
,1007
涧,1008
衡,1009
 ,1010
舞,1011
枝,1012
f,1013
咸,1014
窝,1015
跃,1016
墅,1017
曲,1018
召,1019
表,1020
邓,1021
孟,1022
V,1023
培,1024
杰,1025
薇,1026
垦,1027
郾,1028
零,1029
本,1030
,1031
宋,1032
p,1033
坎,1034
浙,1035
诺,1036
螺,1037
近,1038
丛,1039
测,1040
溧,1041
吴,1042
芬,1043
典,1044
养,1045
桑,1046
野,1047
鲁,1048
迳,1049
任,1050
转,1051
记,1052
采,1053
蟠,1054
孙,1055
杞,1056
徐,1057
鸦,1058
蚝,1059
辅,1060
证,1061
咀,1062
逢,1063
别,1064
锁,1065
笋,1066
冼,1067
纵,1068
又,1069
炭,1070
忠,1071
考,1072
供,1073
根,1074
调,1075
_,1076
脚,1077
重,1078
诗,1079
繁,1080
亮,1081
蛭,1082
租,1083
赵,1084
菊,1085
纬,1086
余,1087
梧,1088
殷,1089
依,1090
陟,1091
丝,1092
雷,1093
乾,1094
想,1095
托,1096
泗,1097
划,1098
。,1099
照,1100
训,1101
何,1102
顷,1103
莆,1104
络,1105
桔,1106
沃,1107
满,1108
禧,1109
往,1110
传,1111
察,1112
昆,1113
窗,1114
虞,1115
饭,1116
视,1117
无,1118
确,1119
停,1120
匹,1121
晋,1122
鹭,1123
接,1124
伊,1125
铜,1126
烟,1127
s,1128
申,1129
敏,1130
统,1131
情,1132
仑,1133
蛐,1134
穴,1135
报,1136
晨,1137
曾,1138
态,1139
虮,1140
由,1141
缤,1142
磨,1143
宦,1144
珍,1145
韩,1146
舆,1147
澄,1148
哈,1149
邵,1150
狱,1151
柘,1152
映,1153
泓,1154
菱,1155
,1156
翰,1157
钻,1158
昊,1159
嵩,1160
音,1161
架,1162
到,1163
拉,1164
豫,1165
铝,1166
曼,1167
充,1168
Q,1169
梨,1170
鹰,1171
妇,1172
鲜,1173
承,1174
煌,1175
沧,1176
消,1177
柠,1178
瓦,1179
储,1180
阴,1181
辰,1182
愉,1183
郎,1184
女,1185
型,1186
―,1187
拓,1188
久,1189
铂,1190
毛,1191
沐,1192
入,1193
吧,1194
裙,1195
孝,1196
菲,1197
颖,1198
尉,1199
告,1200
休,1201
邻,1202
真,1203
掌,1204
缘,1205
蒲,1206
以,1207
费,1208
珑,1209
迈,1210
吕,1211
尖,1212
k,1213
伍,1214
炼,1215
扶,1216
糖,1217
莎,1218
漫,1219
贡,1220
蚰,1221
样,1222
鞍,1223
l,1224
滑,1225
提,1226
闲,1227
浴,1228
饮,1229
颍,1230
汀,1231
咨,1232
潘,1233
带,1234
询,1235
煤,1236
刷,1237
盟,1238
冶,1239
茗,1240
濂,1241
榜,1242
瀚,1243
棕,1244
胪,1245
巨,1246
n,1247
副,1248
洗,1249
蛟,1250
课,1251
腰,1252
不,1253
幕,1254
轮,1255
,1256
泊,1257
臣,1258
显,1259
？,1260
锐,1261
/,1262
乔,1263
足,1264
桦,1265
今,1266
输,1267
驾,1268
歌,1269
玻,1270
靖,1271
蜜,1272
艾,1273
霄,1274
始,1275
赖,1276
玩,1277
规,1278
砖,1279
毓,1280
,1281
链,1282
阿,1283
甫,1284
潢,1285
廊,1286
味,1287
灰,1288
仪,1289
厨,1290
犀,1291
屿,1292
榈,1293
鄢,1294
系,1295
券,1296
尹,1297
蛄,1298
纷,1299
溢,1300
笔,1301
谐,1302
刀,1303
疗,1304
g,1305
党,1306
－,1307
辛,1308
随,1309
坤,1310
涡,1311
魁,1312
查,1313
冰,1314
量,1315
初,1316
蟮,1317
璃,1318
t,1319
猎,1320
萍,1321
蛑,1322
阅,1323
橡,1324
硅,1325
享,1326
莫,1327
庐,1328
获,1329
U,1330
互,1331
芒,1332
佰,1333
蟹,1334
址,1335
秣,1336
苹,1337
v,1338
h,1339
夹,1340
沈,1341
欢,1342
也,1343
责,1344
男,1345
赣,1346
闻,1347
肯,1348
冯,1349
那,1350
凹,1351
播,1352
节,1353
灏,1354
蛏,1355
姚,1356
,1357
在,1358
剑,1359
嶂,1360
虾,1361
颜,1362
R,1363
钱,1364
督,1365
浈,1366
稔,1367
班,1368
舟,1369
妆,1370
示,1371
蕾,1372
练,1373
睿,1374
翻,1375
知,1376
握,1377
榭,1378
积,1379
鄱,1380
倾,1381
热,1382
肃,1383
指,1384
芝,1385
爵,1386
樊,1387
当,1388
庵,1389
独,1390
倚,1391
乙,1392
鞔,1393
妮,1394
执,1395
稻,1396
勘,1397
鲤,1398
,1399
槐,1400
黑,1401
牟,1402
病,1403
盆,1404
,1405
趣,1406
更,1407
媒,1408
亩,1409
翟,1410
个,1411
,1412
蚵,1413
历,1414
嘴,1415
瓜,1416
颂,1417
牡,1418
肚,1419
饶,1420
蛉,1421
较,1422
儒,1423
锈,1424
蒙,1425
·,1426
鄂,1427
迅,1428
凉,1429
硕,1430
鉴,1431
苞,1432
相,1433
瀛,1434
杭,1435
辆,1436
宣,1437
绩,1438
贺,1439
付,1440
敬,1441
过,1442
逦,1443
俱,1444
鹪,1445
豆,1446
侣,1447
洁,1448
蒋,1449
赢,1450
崤,1451
崖,1452
卉,1453
素,1454
娄,1455
锡,1456
侯,1457
谱,1458
低,1459
劲,1460
赫,1461
渑,1462
拔,1463
隐,1464
迁,1465
鸭,1466
戒,1467
打,1468
贞,1469
锅,1470
抚,1471
送,1472
条,1473
塞,1474
弼,1475
,1476
斑,1477
箱,1478
垣,1479
毒,1480
郸,1481
槟,1482
审,1483
鸟,1484
尊,1485
就,1486
滔,1487
渠,1488
征,1489
岚,1490
蔚,1491
索,1492
施,1493
蚌,1494
奕,1495
宗,1496
声,1497
猪,1498
珊,1499
祺,1500
棚,1501
坚,1502
希,1503
莘,1504
W,1505
篁,1506
皋,1507
墙,1508
针,1509
弯,1510
廖,1511
翼,1512
拥,1513
汴,1514
肥,1515
猫,1516
,1517
,1518
庚,1519
雾,1520
孔,1521
,1522
夷,1523
试,1524
纱,1525
眠,1526
宕,1527
董,1528
茜,1529
m,1530
肉,1531
驰,1532
弓,1533
r,1534
极,1535
箕,1536
巡,1537
矮,1538
障,1539
舜,1540
瘦,1541
唯,1542
堆,1543
粉,1544
宵,1545
蝶,1546
介,1547
娜,1548
壬,1549
屈,1550
Y,1551
丫,1552
冬,1553
熊,1554
韦,1555
砂,1556
吾,1557
^,1558
雀,1559
添,1560
早,1561
骆,1562
感,1563
琪,1564
离,1565
导,1566
频,1567
郏,1568
熹,1569
涂,1570
啃,1571
泮,1572
墨,1573
亲,1574
峻,1575
纯,1576
廷,1577
咖,1578
浔,1579
鹊,1580
露,1581
反,1582
即,1583
功,1584
莉,1585
按,1586
画,1587
蛎,1588
荥,1589
挂,1590
揽,1591
髀,1592
钜,1593
渝,1594
魅,1595
株,1596
浣,1597
姜,1598
祝,1599
曦,1600
急,1601
邸,1602
姬,1603
狗,1604
构,1605
泸,1606
邱,1607
值,1608
霖,1609
伴,1610
缇,1611
于,1612
～,1613
拇,1614
顾,1615
,1616
穆,1617
臻,1618
玑,1619
壳,1620
娱,1621
帆,1622
看,1623
郁,1624
算,1625
妈,1626
绅,1627
奔,1628
形,1629
楚,1630
己,1631
,1632
毅,1633
辽,1634
压,1635
肖,1636
牙,1637
燃,1638
枣,1639
静,1640
柑,1641
炮,1642
摄,1643
凝,1644
孵,1645
贷,1646
还,1647
珀,1648
守,1649
策,1650
郴,1651
邢,1652
走,1653
荡,1654
腊,1655
钰,1656
棋,1657
炉,1658
凡,1659
岔,1660
兵,1661
舒,1662
玲,1663
块,1664
少,1665
杆,1666
笙,1667
懿,1668
继,1669
婆,1670
ㄔ,1671
诸,1672
洼,1673
眉,1674
杉,1675
姓,1676
憬,1677
抗,1678
酷,1679
峦,1680
骨,1681
Z,1682
杠,1683
玺,1684
蚨,1685
宴,1686
蛲,1687
胎,1688
骄,1689
樱,1690
靓,1691
状,1692
访,1693
菁,1694
帮,1695
苗,1696
啡,1697
蓄,1698
虢,1699
绵,1700
预,1701
种,1702
藏,1703
绘,1704
箭,1705
腔,1706
溶,1707
念,1708
贾,1709
烧,1710
萃,1711
浅,1712
碑,1713
母,1714
隽,1715
命,1716
宸,1717
途,1718
苜,1719
填,1720
占,1721
蚧,1722
袋,1723
蹄,1724
龟,1725
严,1726
问,1727
勇,1728
汪,1729
郦,1730
奚,1731
贴,1732
稳,1733
婴,1734
渤,1735
椰,1736
羽,1737
逍,1738
鸽,1739
混,1740
漳,1741
见,1742
液,1743
衙,1744
苍,1745
堰,1746
潜,1747
玖,1748
,1749
蓿,1750
苯,1751
式,1752
唇,1753
廉,1754
跨,1755
准,1756
伏,1757
瓯,1758
慈,1759
婚,1760
骞,1761
u,1762
伤,1763
案,1764
冻,1765
簪,1766
毕,1767
姿,1768
萨,1769
佐,1770
弟,1771
j,1772
蜂,1773
慕,1774
厢,1775
w,1776
助,1777
隅,1778
愁,1779
故,1780
染,1781
坐,1782
是,1783
巢,1784
榆,1785
枢,1786
票,1787
帽,1788
史,1789
滞,1790
缆,1791
宥,1792
纤,1793
茨,1794
娇,1795
涵,1796
戴,1797
颈,1798
变,1799
符,1800
堑,1801
履,1802
X,1803
砚,1804
楠,1805
去,1806
淅,1807
盾,1808
蟾,1809
瑚,1810
柴,1811
圭,1812
弄,1813
蚋,1814
话,1815
薪,1816
版,1817
莹,1818
幌,1819
岁,1820
钧,1821
岱,1822
晏,1823
暹,1824
尤,1825
拾,1826
迥,1827
薛,1828
遍,1829
踞,1830
求,1831
碳,1832
蚪,1833
磐,1834
诜,1835
赞,1836
泷,1837
候,1838
我,1839
选,1840
挥,1841
巩,1842
泳,1843
琼,1844
妍,1845
漓,1846
哥,1847
隧,1848
奶,1849
疾,1850
烤,1851
,1852
了,1853
肤,1854
改,1855
泛,1856
囗,1857
沸,1858
薰,1859
等,1860
鹘,1861
暖,1862
昂,1863
孚,1864
篮,1865
拿,1866
銮,1867
昭,1868
蔬,1869
舰,1870
壮,1871
存,1872
暨,1873
乳,1874
叁,1875
靶,1876
卜,1877
蜍,1878
庞,1879
坜,1880
署,1881
淋,1882
熟,1883
价,1884
橙,1885
盂,1886
魔,1887
猛,1888
霍,1889
像,1890
待,1891
夜,1892
|,1893
,1894
蒸,1895
慎,1896
耐,1897
彰,1898
宽,1899
推,1900
必,1901
血,1902
贯,1903
龄,1904
y,1905
赏,1906
议,1907
匠,1908
旱,1909
奋,1910
励,1911
蚩,1912
剧,1913
,1914
闫,1915
啤,1916
骱,1917
则,1918
朋,1919
额,1920
截,1921
蛤,1922
扁,1923
轨,1924
担,1925
萌,1926
檀,1927
列,1928
闽,1929
钓,1930
听,1931
晚,1932
芭,1933
,1934
圹,1935
皓,1936
净,1937
琳,1938
战,1939
射,1940
埕,1941
铃,1942
畜,1943
咏,1944
耳,1945
仰,1946
,1947
攀,1948
耙,1949
垌,1950
仍,1951
漾,1952
卷,1953
奢,1954
骊,1955
鸥,1956
峪,1957
杂,1958
裴,1959
套,1960
蓓,1961
寰,1962
吃,1963
刑,1964
甸,1965
昱,1966
及,1967
焕,1968
瑜,1969
评,1970
漱,1971
引,1972
帕,1973
参,1974
淞,1975
恋,1976
肽,1977
甜,1978
纽,1979
芹,1980
激,1981
葡,1982
霸,1983
肮,1984
虻,1985
氮,1986
{,1987
芷,1988
举,1989
搂,1990
肿,1991
谯,1992
祁,1993
缓,1994
缜,1995
栗,1996
磁,1997
甭,1998
非,1999
绀,2000
蒂,2001
床,2002
宰,2003
钦,2004
烽,2005
识,2006
探,2007
择,2008
锻,2009
朴,2010
据,2011
刚,2012
敖,2013
蚓,2014
辣,2015
:,2016
蛱,2017
搴,2018
镖,2019
彬,2020
漆,2021
悠,2022
矶,2023
柿,2024
橱,2025
骑,2026
衔,2027
柱,2028
迦,2029
铸,2030
蓼,2031
匡,2032
凫,2033
脉,2034
沂,2035
绸,2036
虚,2037
聪,2038
巧,2039
姆,2040
埒,2041
垅,2042
完,2043
帘,2044
裥,2045
耕,2046
拐,2047
崔,2048
萄,2049
纲,2050
乘,2051
暮,2052
璞,2053
莺,2054
垭,2055
瘤,2056
灿,2057
兄,2058
弦,2059
：,2060
腐,2061
沾,2062
荽,2063
琥,2064
偃,2065
峨,2066
距,2067
绍,2068
榨,2069
,2070
蔷,2071
辇,2072
虺,2073
跑,2074
斌,2075
镀,2076
逑,2077
蝴,2078
燎,2079
０,2080
栾,2081
疫,2082
帅,2083
堪,2084
摇,2085
习,2086
墓,2087
醒,2088
窘,2089
席,2090
请,2091
饲,2092
犁,2093
忧,2094
戏,2095
雕,2096
挺,2097
你,2098
侦,2099
澎,2100
赁,2101
髟,2102
霆,2103
础,2104
题,2105
丙,2106
剪,2107
茉,2108
蛸,2109
荻,2110
,2111
押,2112
@,2113
桨,2114
慢,2115
轴,2116
宙,2117
圈,2118
芜,2119
粥,2120
戌,2121
畈,2122
烯,2123
Ａ,2124
兜,2125
奈,2126
盖,2127
傅,2128
掖,2129
梵,2130
埭,2131
覃,2132
仿,2133
婷,2134
芊,2135
愠,2136
卤,2137
桶,2138
褰,2139
懂,2140
谦,2141
蚣,2142
豹,2143
驶,2144
呈,2145
浸,2146
锣,2147
炳,2148
灌,2149
坞,2150
者,2151
犬,2152
矛,2153
逯,2154
幻,2155
函,2156
碟,2157
废,2158
舐,2159
菀,2160
氨,2161
笼,2162
性,2163
磊,2164
滕,2165
旦,2166
蛩,2167
沣,2168
姐,2169
,2170
蜀,2171
灞,2172
冀,2173
绰,2174
汶,2175
欲,2176
殿,2177
奎,2178
栈,2179
浏,2180
骐,2181
崧,2182
琦,2183
震,2184
翁,2185
峤,2186
垂,2187
叽,2188
亳,2189
滴,2190
杯,2191
锭,2192
觉,2193
桠,2194
憧,2195
菠,2196
蚯,2197
冢,2198
啼,2199
恂,2200
断,2201
曜,2202
蚶,2203
扒,2204
芯,2205
琅,2206
痘,2207
耗,2208
枪,2209
唤,2210
芽,2211
倒,2212
俄,2213
污,2214
犯,2215
肺,2216
艳,2217
吟,2218
,2219
虫,2220
锂,2221
救,2222
醉,2223
靥,2224
凼,2225
再,2226
邯,2227
袂,2228
拣,2229
皂,2230
剂,2231
狄,2232
玮,2233
概,2234
兔,2235
鼻,2236
町,2237
茭,2238
拌,2239
散,2240
著,2241
倍,2242
寄,2243
晒,2244
吊,2245
爪,2246
陀,2247
碌,2248
涉,2249
拜,2250
炜,2251
因,2252
乱,2253
瀍,2254
认,2255
驼,2256
弥,2257
菏,2258
窕,2259
烨,2260
闾,2261
呼,2262
虿,2263
,2264
煜,2265
绒,2266
裘,2267
俪,2268
褚,2269
箔,2270
妙,2271
操,2272
窈,2273
估,2274
,2275
佗,2276
秘,2277
搓,2278
寤,2279
饼,2280
诖,2281
而,2282
献,2283
龚,2284
终,2285
妹,2286
竟,2287
沅,2288
什,2289
殖,2290
虬,2291
爷,2292
疆,2293
勐,2294
蜉,2295
Ｂ,2296
傲,2297
蚺,2298
刁,2299
愚,2300
璇,2301
鄞,2302
崴,2303
艘,2304
蛋,2305
菩,2306
畲,2307
遮,2308
漂,2309
ㄉ,2310
遇,2311
踏,2312
蚁,2313
奴,2314
彦,2315
轵,2316
抱,2317
乃,2318
贩,2319
闪,2320
z,2321
蹈,2322
搬,2323
漕,2324
宄,2325
鼠,2326
稽,2327
免,2328
宠,2329
辶,2330
椿,2331
蜓,2332
璧,2333
鹃,2334
潦,2335
x,2336
渚,2337
挡,2338
蛞,2339
滋,2340
q,2341
渭,2342
册,2343
寸,2344
埃,2345
彼,2346
妃,2347
薯,2348
注,2349
洒,2350
邹,2351
砹,2352
邝,2353
+,2354
卅,2355
载,2356
秩,2357
轲,2358
璐,2359
卸,2360
豸,2361
炫,2362
效,2363
娃,2364
忆,2365
搜,2366
衢,2367
止,2368
侄,2369
盏,2370
娘,2371
葫,2372
蕴,2373
迩,2374
轭,2375
嵋,2376
檬,2377
迓,2378
橄,2379
各,2380
棵,2381
潞,2382
塬,2383
寒,2384
弗,2385
厉,2386
竞,2387
洹,2388
擎,2389
粘,2390
匆,2391
只,2392
类,2393
蠡,2394
搅,2395
湄,2396
糕,2397
《,2398
适,2399
薄,2400
蜷,2401
拦,2402
令,2403
铲,2404
尺,2405
淄,2406
串,2407
芾,2408
说,2409
・,2410
蛴,2411
媛,2412
午,2413
彤,2414
丈,2415
伸,2416
胖,2417
稚,2418
蔗,2419
决,2420
泵,2421
疏,2422
焓,2423
狼,2424
楷,2425
逡,2426
喷,2427
仇,2428
娅,2429
耿,2430
昶,2431
残,2432
姑,2433
唱,2434
次,2435
涟,2436
黛,2437
戈,2438
跟,2439
磅,2440
沛,2441
窦,2442
肠,2443
猴,2444
瞿,2445
佬,2446
峙,2447
缪,2448
妨,2449
兽,2450
闵,2451
聂,2452
椒,2453
坟,2454
捞,2455
斋,2456
款,2457
媳,2458
亦,2459
荃,2460
拨,2461
孩,2462
最,2463
缟,2464
巫,2465
淀,2466
俏,2467
饺,2468
促,2469
朔,2470
爸,2471
艮,2472
韬,2473
吸,2474
戎,2475
啊,2476
么,2477
呦,2478
浆,2479
若,2480
侠,2481
堵,2482
舶,2483
迭,2484
滢,2485
缔,2486
碗,2487
蜮,2488
叫,2489
膳,2490
言,2491
蚴,2492
盒,2493
遥,2494
炒,2495
竺,2496
崎,2497
蛳,2498
⊙,2499
烂,2500
退,2501
仟,2502
勋,2503
栎,2504
耒,2505
笃,2506
祭,2507
返,2508
罐,2509
瑾,2510
汲,2511
殊,2512
扇,2513
裳,2514
”,2515
倩,2516
崩,2517
璜,2518
没,2519
赋,2520
沱,2521
齿,2522
幅,2523
授,2524
扣,2525
笨,2526
盼,2527
滁,2528
叙,2529
笆,2530
昕,2531
哲,2532
粒,2533
蒌,2534
鸠,2535
陌,2536
嵘,2537
隙,2538
鳄,2539
葆,2540
砦,2541
脊,2542
逋,2543
芸,2544
榔,2545
懋,2546
泡,2547
键,2548
挚,2549
偏,2550
遵,2551
笏,2552
匀,2553
琏,2554
沪,2555
“,2556
伙,2557
潍,2558
壶,2559
袍,2560
轿,2561
缩,2562
裁,2563
渊,2564
膜,2565
汗,2566
缱,2567
椹,2568
续,2569
脂,2570
呓,2571
甯,2572
让,2573
谖,2574
虑,2575
砬,2576
ぶ,2577
橘,2578
秧,2579
兹,2580
搏,2581
赔,2582
惫,2583
汛,2584
恐,2585
詹,2586
飘,2587
蚍,2588
竣,2589
拍,2590
烫,2591
拖,2592
辑,2593
酸,2594
破,2595
呗,2596
靳,2597
聊,2598
珂,2599
朵,2600
圪,2601
读,2602
扩,2603
略,2604
拗,2605
瓶,2606
熠,2607
狭,2608
短,2609
使,2610
巽,2611
镁,2612
茹,2613
做,2614
寅,2615
愿,2616
羌,2617
诠,2618
　,2619
阔,2620
猜,2621
逻,2622
铣,2623
讼,2624
翊,2625
掇,2626
桌,2627
煲,2628
骡,2629
奉,2630
椅,2631
磷,2632
冉,2633
贫,2634
梭,2635
萋,2636
,2637
弹,2638
孕,2639
丞,2640
逅,2641
湿,2642
赐,2643
槌,2644
！,2645
陡,2646
逄,2647
搪,2648
郝,2649
灈,2650
碱,2651
差,2652
涤,2653
圾,2654
醭,2655
稍,2656
祯,2657
掬,2658
巾,2659
遗,2660
逭,2661
＜,2662
４,2663
录,2664
埂,2665
嗨,2666
绮,2667
驹,2668
允,2669
滥,2670
》,2671
淼,2672
艇,2673
,2674
凸,2675
,2676
樾,2677
寻,2678
垫,2679
垃,2680
几,2681
降,2682
尿,2683
簧,2684
镆,2685
裤,2686
舫,2687
恳,2688
贰,2689
呕,2690
勿,2691
堌,2692
摆,2693
藕,2694
受,2695
订,2696
∧,2697
匙,2698
邗,2699
,2700
取,2701
纶,2702
汨,2703
忻,2704
铧,2705
句,2706
峒,2707
阒,2708
伽,2709
酱,2710
粟,2711
穰,2712
绯,2713
蕙,2714
买,2715
烩,2716
柚,2717
戊,2718
聆,2719
槽,2720
泾,2721
每,2722
滦,2723
翅,2724
徒,2725
诙,2726
挹,2727
签,2728
币,2729
蜻,2730
铖,2731
睛,2732
缙,2733
匣,2734
阆,2735
恬,2736
锪,2737
洙,2738
滟,2739
癸,2740
阀,2741
逶,2742
蚂,2743
藻,2744
嫩,2745
纹,2746
酉,2747
毯,2748
蔓,2749
持,2750
枚,2751
郢,2752
,2753
亢,2754
冒,2755
籍,2756
涅,2757
胸,2758
稠,2759
吡,2760
遣,2761
阪,2762
砺,2763
须,2764
壕,2765
讲,2766
焊,2767
掠,2768
伾,2769
窜,2770
竭,2771
淑,2772
锒,2773
屠,2774
庸,2775
焙,2776
寇,2777
尘,2778
笫,2779
刻,2780
篷,2781
彻,2782
咯,2783
阵,2784
に,2785
秉,2786
坏,2787
沼,2788
罾,2789
暗,2790
鳝,2791
毫,2792
翘,2793
謇,2794
倡,2795
鹄,2796
呀,2797
渎,2798
溏,2799
称,2800
肾,2801
梳,2802
盗,2803
迷,2804
崃,2805
饕,2806
叮,2807
吨,2808
募,2809
折,2810
醍,2811
棒,2812
酆,2813
钊,2814
丨,2815
锴,2816
涯,2817
悉,2818
糯,2819
迨,2820
眷,2821
驴,2822
涎,2823
娥,2824
禁,2825
幽,2826
颉,2827
迤,2828
衫,2829
Ｇ,2830
笑,2831
崛,2832
堀,2833
髦,2834
肪,2835
释,2836
潇,2837
淌,2838
儋,2839
末,2840
愈,2841
壤,2842
绝,2843
胞,2844
缏,2845
６,2846
宓,2847
⑽,2848
披,2849
钗,2850
驳,2851
筒,2852
钣,2853
荒,2854
璋,2855
挪,2856
桩,2857
煞,2858
换,2859
烘,2860
稀,2861
泶,2862
桓,2863
掘,2864
阶,2865
鞫,2866
含,2867
叔,2868
钥,2869
窒,2870
谨,2871
哦,2872
这,2873
沉,2874
俞,2875
俯,2876
澧,2877
另,2878
页,2879
鸪,2880
荚,2881
击,2882
错,2883
芮,2884
臂,2885
渣,2886
蛾,2887
Ｃ,2888
鸫,2889
啦,2890
搭,2891
Ч,2892
牯,2893
默,2894
肌,2895
靠,2896
篇,2897
『,2898
炎,2899
佩,2900
窿,2901
忍,2902
闹,2903
肆,2904
迹,2905
撞,2906
氟,2907
援,2908
拆,2909
骅,2910
坌,2911
∏,2912
沤,2913
聘,2914
柄,2915
紧,2916
岈,2917
拢,2918
阑,2919
炙,2920
胤,2921
惯,2922
嵖,2923
谴,2924
怖,2925
鸹,2926
豚,2927
伞,2928
敢,2929
暄,2930
沽,2931
柔,2932
烃,2933
厘,2934
漠,2935
撒,2936
羚,2937
昙,2938
柒,2939
尬,2940
娟,2941
苇,2942
尽,2943
被,2944
湍,2945
戚,2946
瞬,2947
怕,2948
婵,2949
勾,2950
邙,2951
谌,2952
饿,2953
箐,2954
逵,2955
琊,2956
率,2957
洽,2958
袖,2959
趵,2960
蚕,2961
寝,2962
茆,2963
溜,2964
摊,2965
崆,2966
贪,2967
喽,2968
芗,2969
碾,2970
补,2971
笊,2972
萦,2973
孜,2974
啄,2975
倪,2976
鲍,2977
帐,2978
鹁,2979
阎,2980
瞻,2981
插,2982
氧,2983
卞,2984
俺,2985
缸,2986
捕,2987
涪,2988
氛,2989
郧,2990
悟,2991
楹,2992
曰,2993
酚,2994
喉,2995
匪,2996
骋,2997
蘼,2998
筇,2999
酪,3000
沫,3001
缃,3002
钅,3003
嘶,3004
禽,3005
析,3006
蕊,3007
暇,3008
菡,3009
唛,3010
,3011
弋,3012
奄,3013
迕,3014
罡,3015
诽,3016
`,3017
拘,3018
茄,3019
狸,3020
咪,3021
喻,3022
捌,3023
灸,3024
奖,3025
硬,3026
缝,3027
钛,3028
酃,3029
焱,3030
谈,3031
＞,3032
泄,3033
爽,3034
娲,3035
溱,3036
夕,3037
把,3038
帜,3039
舸,3040
芋,3041
瞎,3042
辕,3043
垸,3044
濑,3045
皖,3046
丸,3047
咧,3048
呜,3049
烦,3050
苟,3051
熬,3052
筹,3053
漪,3054
垄,3055
袜,3056
氪,3057
氤,3058
炷,3059
挤,3060
赊,3061
躺,3062
芩,3063
铨,3064
籁,3065
炸,3066
减,3067
旌,3068
雯,3069
睡,3070
爆,3071
蠛,3072
逊,3073
殴,3074
驮,3075
谝,3076
Ｌ,3077
透,3078
瑟,3079
棱,3080
序,3081
肓,3082
诉,3083
钒,3084
蹇,3085
蚱,3086
辟,3087
琵,3088
肛,3089
侬,3090
隍,3091
鹧,3092
蒿,3093
髑,3094
扎,3095
盎,3096
淖,3097
俭,3098
切,3099
＃,3100
そ,3101
髻,3102
菌,3103
伶,3104
垴,3105
僚,3106
醇,3107
挛,3108
诮,3109
；,3110
彪,3111
莨,3112
铅,3113
予,3114
鲸,3115
症,3116
,3117
势,3118
罟,3119
‘,3120
蝉,3121
拭,3122
垱,3123
斐,3124
蟒,3125
鹂,3126
鸾,3127
磺,3128
胥,3129
暑,3130
词,3131
粱,3132
咔,3133
蛙,3134
焖,3135
涝,3136
携,3137
枘,3138
丶,3139
爹,3140
羲,3141
硝,3142
嵌,3143
绞,3144
∥,3145
鲲,3146
婺,3147
锎,3148
粗,3149
≈,3150
痛,3151
垕,3152
＝,3153
逖,3154
彝,3155
攸,3156
晔,3157
突,3158
呆,3159
洧,3160
爰,3161
ば,3162
岙,3163
鞴,3164
偶,3165
翕,3166
抄,3167
汐,3168
Ы,3169
衍,3170
浒,3171
蔻,3172
扯,3173
惴,3174
脸,3175
叟,3176
癫,3177
账,3178
迮,3179
Ｐ,3180
炖,3181
葳,3182
疟,3183
淯,3184
论,3185
悲,3186
浑,3187
汁,3188
怪,3189
斛,3190
葱,3191
枕,3192
灾,3193
损,3194
畴,3195
*,3196
哟,3197
馥,3198
害,3199
苦,3200
砀,3201
跳,3202
译,3203
舷,3204
循,3205
谋,3206
疤,3207
某,3208
洮,3209
浓,3210
．,3211
赉,3212
趾,3213
拟,3214
媚,3215
Ｔ,3216
惩,3217
给,3218
桅,3219
烁,3220
镂,3221
矍,3222
难,3223
…,3224
峁,3225
魉,3226
=,3227
惺,3228
佘,3229
矫,3230
珞,3231
潩,3232
罢,3233
臧,3234
栩,3235
涮,3236
狐,3237
且,3238
乓,3239
述,3240
穿,3241
既,3242
锌,3243
刺,3244
判,3245
甬,3246
萱,3247
挞,3248
饔,3249
茈,3250
腿,3251
餍,3252
裨,3253
靡,3254
Ｄ,3255
鄙,3256
淦,3257
皆,3258
」,3259
晃,3260
篱,3261
蕃,3262
藿,3263
鲇,3264
馍,3265
胙,3266
啪,3267
浜,3268
ザ,3269
廓,3270
１,3271
拼,3272
帛,3273
骰,3274
菹,3275
乎,3276
乩,3277
锶,3278
父,3279
勃,3280
ご,3281
届,3282
觅,3283
黔,3284
巍,3285
怨,3286
很,3287
疃,3288
颊,3289
轧,3290
凭,3291
遄,3292
笤,3293
异,3294
汊,3295
吭,3296
鸬,3297
鹚,3298
蓟,3299
塾,3300
欠,3301
牢,3302
蠊,3303
谰,3304
枯,3305
束,3306
煮,3307
菸,3308
恿,3309
埝,3310
失,3311
泫,3312
珈,3313
９,3314
】,3315
滂,3316
瑙,3317
挑,3318
拳,3319
们,3320
喂,3321
鹕,3322
捍,3323
笠,3324
痔,3325
屎,3326
椎,3327
渫,3328
硖,3329
湫,3330
嵴,3331
е,3332
涣,3333
锼,3334
锥,3335
缎,3336
割,3337
哪,3338
罪,3339
撕,3340
绥,3341
崂,3342
铠,3343
孤,3344
Ｅ,3345
铵,3346
搞,3347
菇,3348
撼,3349
碇,3350
ü,3351
耘,3352
鸢,3353
咂,3354
俸,3355
÷,3356
>,3357
刊,3358
钵,3359
徘,3360
蹲,3361
滤,3362
腹,3363
Ф,3364
昔,3365
弈,3366
樽,3367
钲,3368
跹,3369
砍,3370
般,3371
嘟,3372
洺,3373
跆,3374
亏,3375
殡,3376
峄,3377
笪,3378
驱,3379
揖,3380
哑,3381
耸,3382
咚,3383
尝,3384
魑,3385
扳,3386
茔,3387
懒,3388
晁,3389
咱,3390
<,3391
呵,3392
诵,3393
锯,3394
氲,3395
蜗,3396
愣,3397
绕,3398
逼,3399
吞,3400
吖,3401
於,3402
Т,3403
菪,3404
罘,3405
弛,3406
祛,3407
蜃,3408
或,3409
\,3410
婶,3411
醴,3412
吐,3413
抢,3414
恢,3415
恤,3416
蛹,3417
镒,3418
ㄋ,3419
吹,3420
亍,3421
铿,3422
邳,3423
垒,3424
な,3425
隶,3426
卿,3427
罕,3428
庠,3429
锹,3430
脖,3431
鏊,3432
苔,3433
衬,3434
锷,3435
锵,3436
忡,3437
卑,3438
俐,3439
繇,3440
嘀,3441
嫂,3442
呙,3443
抽,3444
蛛,3445
哨,3446
闰,3447
鳖,3448
舌,3449
砼,3450
虱,3451
岷,3452
侍,3453
菔,3454
喀,3455
抖,3456
鳞,3457
硫,3458
槁,3459
叻,3460
洱,3461
撑,3462
傻,3463
姗,3464
吠,3465
佣,3466
琉,3467
仅,3468
炽,3469
挢,3470
叭,3471
乜,3472
罩,3473
谛,3474
笮,3475
舵,3476
薮,3477
借,3478
茎,3479
脐,3480
藁,3481
兑,3482
髁,3483
煊,3484
鹇,3485
缑,3486
【,3487
哇,3488
ぢ,3489
飨,3490
庶,3491
谒,3492
谣,3493
枧,3494
魇,3495
仆,3496
舱,3497
枰,3498
莳,3499
碎,3500
龃,3501
抛,3502
岽,3503
踪,3504
膏,3505
鄣,3506
胭,3507
臼,3508
笛,3509
鲨,3510
筷,3511
秤,3512
仝,3513
鸷,3514
栀,3515
昝,3516
韭,3517
肢,3518
蜘,3519
孪,3520
牍,3521
埋,3522
恕,3523
兼,3524
锸,3525
隹,3526
凛,3527
辐,3528
[,3529
诼,3530
こ,3531
逆,3532
俩,3533
翱,3534
恼,3535
毂,3536
姣,3537
⒚,3538
枞,3539
鸨,3540
烙,3541
瓮,3542
⒖,3543
喔,3544
霭,3545
鞅,3546
丑,3547
俑,3548
催,3549
契,3550
晌,3551
逗,3552
阌,3553
寥,3554
掀,3555
炕,3556
笱,3557
哎,3558
缠,3559
箫,3560
钳,3561
棣,3562
吩,3563
稼,3564
她,3565
诘,3566
札,3567
锚,3568
π,3569
俗,3570
獭,3571
柰,3572
缴,3573
婉,3574
缨,3575
杓,3576
踅,3577
楝,3578
髅,3579
峥,3580
萁,3581
嫌,3582
僮,3583
窭,3584
胺,3585
勺,3586
惊,3587
焯,3588
苌,3589
碰,3590
硇,3591
锰,3592
除,3593
死,3594
迟,3595
磬,3596
Х,3597
愦,3598
疼,3599
淹,3600
嘻,3601
鞑,3602
扑,3603
踉,3604
屹,3605
避,3606
慌,3607
滚,3608
驭,3609
卒,3610
憷,3611
擦,3612
胃,3613
闺,3614
鸱,3615
筋,3616
此,3617
侗,3618
旎,3619
腩,3620
婪,3621
鹈,3622
缫,3623
∨,3624
吗,3625
⒎,3626
辈,3627
筠,3628
旃,3629
宪,3630
Ｎ,3631
塆,3632
氖,3633
追,3634
邀,3635
饧,3636
斤,3637
钩,3638
叨,3639
违,3640
庇,3641
姨,3642
霓,3643
羿,3644
號,3645
沭,3646
答,3647
笄,3648
缉,3649
捶,3650
嫘,3651
陨,3652
ψ,3653
腺,3654
λ,3655
炊,3656
浇,3657
箩,3658
疯,3659
郇,3660
例,3661
翎,3662
狈,3663
苈,3664
饱,3665
虏,3666
哼,3667
玳,3668
陪,3669
垠,3670
滍,3671
仃,3672
谟,3673
旷,3674
矢,3675
找,3676
壑,3677
沦,3678
臀,3679
叱,3680
牵,3681
矩,3682
瑛,3683
痰,3684
旬,3685
嘘,3686
铼,3687
锫,3688
佃,3689
Ｆ,3690
醋,3691
昼,3692
〈,3693
茫,3694
睐,3695
卮,3696
莜,3697
胩,3698
耶,3699
湟,3700
饴,3701
盔,3702
锕,3703
颢,3704
３,3705
哉,3706
铰,3707
栽,3708
ざ,3709
胆,3710
哐,3711
浠,3712
氯,3713
旨,3714
糊,3715
嗔,3716
暧,3717
婕,3718
吵,3719
僧,3720
阻,3721
囟,3722
肝,3723
竖,3724
芪,3725
ㄍ,3726
姻,3727
蟛,3728
萆,3729
诒,3730
哭,3731
熏,3732
况,3733
旖,3734
俅,3735
荼,3736
巅,3737
〗,3738
咬,3739
呷,3740
蓁,3741
哒,3742
哆,3743
肼,3744
颗,3745
鹆,3746
砥,3747
朽,3748
ト,3749
抵,3750
触,3751
谜,3752
菥,3753
痹,3754
狂,3755
逃,3756
啸,3757
藜,3758
姥,3759
娴,3760
鸳,3761
嵛,3762
窟,3763
∽,3764
汰,3765
慰,3766
榻,3767
镶,3768
鹳,3769
奂,3770
绳,3771
５,3772
鬼,3773
嗌,3774
诏,3775
蔽,3776
夭,3777
∫,3778
煦,3779
忙,3780
鹦,3781
吆,3782
菘,3783
蛮,3784
杪,3785
吁,3786
泼,3787
蔺,3788
璨,3789
熳,3790
龅,3791
だ,3792
Ｖ,3793
诛,3794
廿,3795
齑,3796
罅,3797
缺,3798
削,3799
琛,3800
恭,3801
扫,3802
＠,3803
诲,3804
┟,3805
桷,3806
徊,3807
乖,3808
谏,3809
∷,3810
枋,3811
蕲,3812
莸,3813
跤,3814
喊,3815
偷,3816
拂,3817
矣,3818
囤,3819
〉,3820
恰,3821
ㄎ,3822
＼,3823
莼,3824
ゴ,3825
肟,3826
豉,3827
敌,3828
潆,3829
锘,3830
楦,3831
菅,3832
哿,3833
瑁,3834
裰,3835
芫,3836
绫,3837
骗,3838
芘,3839
嗬,3840
锤,3841
摘,3842
挠,3843
ǎ,3844
瞥,3845
钉,3846
镄,3847
囊,3848
缥,3849
呃,3850
$,3851
铬,3852
斓,3853
涞,3854
绷,3855
甄,3856
阙,3857
喙,3858
嗷,3859
珲,3860
泻,3861
瞧,3862
浊,3863
蝗,3864
徕,3865
倬,3866
猩,3867
谥,3868
纫,3869
俎,3870
渴,3871
闳,3872
菽,3873
酥,3874
磋,3875
Ⅱ,3876
骥,3877
岘,3878
乒,3879
胂,3880
努,3881
ㄐ,3882
讨,3883
筛,3884
锨,3885
嗯,3886
忘,3887
袄,3888
＂,3889
悬,3890
纠,3891
栉,3892
す,3893
濉,3894
},3895
釉,3896
茸,3897
盲,3898
嘌,3899
惟,3900
茴,3901
鲫,3902
Я,3903
债,3904
溆,3905
筲,3906
孑,3907
菖,3908
嗄,3909
γ,3910
抡,3911
钨,3912
钡,3913
俟,3914
睫,3915
δ,3916
呱,3917
诱,3918
淙,3919
熔,3920
怛,3921
淝,3922
坨,3923
ú,3924
氡,3925
裹,3926
矸,3927
杀,3928
缒,3929
鸯,3930
闭,3931
挖,3932
┛,3933
涓,3934
绪,3935
恍,3936
慷,3937
澹,3938
磕,3939
鄯,3940
秒,3941
讴,3942
叹,3943
鹑,3944
胁,3945
绲,3946
祟,3947
争,3948
犹,3949
谑,3950
镭,3951
锝,3952
澈,3953
绾,3954
酿,3955
缧,3956
鹉,3957
鞘,3958
聋,3959
褐,3960
缯,3961
悸,3962
跋,3963
嚼,3964
焰,3965
⒔,3966
垛,3967
梢,3968
钮,3969
舾,3970
锏,3971
赶,3972
璟,3973
圻,3974
遐,3975
θ,3976
喾,3977
亘,3978
袒,3979
伧,3980
敛,3981
嘿,3982
郜,3983
谂,3984
邬,3985
锟,3986
杌,3987
噢,3988
簿,3989
枭,3990
雎,3991
闷,3992
盱,3993
钞,3994
戮,3995
焚,3996
⒙,3997
脏,3998
魃,3999
鹗,4000
泺,4001
衤,4002
拷,4003
滹,4004
骧,4005
饨,4006
龌,4007
坠,4008
ぐ,4009
掏,4010
绻,4011
役,4012
擢,4013
糠,4014
槿,4015
胚,4016
杈,4017
愧,4018
饩,4019
莽,4020
萎,4021
貌,4022
槭,4023
哂,4024
嫁,4025
腌,4026
趟,4027
Ｈ,4028
裔,4029
徳,4030
珉,4031
碛,4032
蜡,4033
漏,4034
猿,4035
憔,4036
謦,4037
芈,4038
屐,4039
瑭,4040
霜,4041
畚,4042
斧,4043
傣,4044
じ,4045
却,4046
煨,4047
楣,4048
疑,4049
鹫,4050
ㄓ,4051
鬻,4052
埤,4053
坻,4054
篦,4055
兮,4056
镐,4057
涫,4058
咝,4059
跌,4060
着,4061
怒,4062
ヒ,4063
眭,4064
卵,4065
够,4066
谅,4067
羔,4068
渥,4069
楞,4070
斩,4071
锲,4072
佶,4073
⌒,4074
呢,4075
湃,4076
吻,4077
┥,4078
晕,4079
昇,4080
鹬,4081
χ,4082
／,4083
茁,4084
吮,4085
莓,4086
瞳,4087
坩,4088
幛,4089
%,4090
撩,4091
杷,4092
├,4093
嗦,4094
匾,4095
锞,4096
绊,4097
嘣,4098
桢,4099
窄,4100
懊,4101
喧,4102
鱿,4103
但,4104
危,4105
砑,4106
昀,4107
曳,4108
涨,4109
⒒,4110
芥,4111
氢,4112
瀑,4113
馀,4114
赌,4115
凳,4116
亓,4117
厕,4118
坯,4119
罚,4120
沓,4121
绱,4122
μ,4123
逛,4124
忖,4125
庾,4126
劝,4127
л,4128
ど,4129
蓖,4130
并,4131
晾,4132
赂,4133
渐,4134
炻,4135
偌,4136
樓,4137
蛔,4138
谇,4139
τ,4140
您,4141
暂,4142
伺,4143
铎,4144
霏,4145
暴,4146
①,4147
疽,4148
妓,4149
拧,4150
掷,4151
缶,4152
乍,4153
＆,4154
竿,4155
晗,4156
绎,4157
荀,4158
拮,4159
翩,4160
鹋,4161
擀,4162
啥,4163
テ,4164
痴,4165
嬴,4166
浯,4167
亟,4168
锇,4169
邕,4170
镡,4171
烛,4172
嵯,4173
瓣,4174
⒃,4175
锩,4176
诶,4177
伐,4178
烷,4179
「,4180
骁,4181
毋,4182
颛,4183
扰,4184
蔼,4185
镰,4186
挽,4187
嗟,4188
獯,4189
勰,4190
涔,4191
夸,4192
,4193
哺,4194
堽,4195
翌,4196
胗,4197
ず,4198
沮,4199
龆,4200
蝌,4201
谙,4202
珏,4203
岫,4204
宀,4205
ブ,4206
萤,4207
嗑,4208
Ｑ,4209
苓,4210
洵,4211
妻,4212
拊,4213
ニ,4214
锊,4215
捻,4216
谓,4217
颅,4218
爻,4219
б,4220
饸,4221
缕,4222
骶,4223
餮,4224
楂,4225
簏,4226
＿,4227
炀,4228
趼,4229
捆,4230
澡,4231
Ｊ,4232
撵,4233
胄,4234
歇,4235
悍,4236
湓,4237
甚,4238
趸,4239
嘈,4240
侵,4241
°,4242
毖,4243
诰,4244
隘,4245
髂,4246
ノ,4247
绑,4248
雏,4249
②,4250
婧,4251
昵,4252
鲂,4253
肴,4254
睾,4255
鸵,4256
袈,4257
磙,4258
阈,4259
Ｋ,4260
С,4261
涿,4262
墼,4263
需,4264
涠,4265
砸,4266
梗,4267
畸,4268
娣,4269
隗,4270
蕹,4271
拯,4272
滇,4273
濯,4274
仵,4275
阏,4276
鲆,4277
郫,4278
胛,4279
潋,4280
僖,4281
葬,4282
Χ,4283
偕,4284
痤,4285
替,4286
⒋,4287
烀,4288
咿,4289
肩,4290
寐,4291
璀,4292
⒐,4293
懵,4294
涸,4295
區,4296
佟,4297
奏,4298
枇,4299
顼,4300
藉,4301
夺,4302
痪,4303
覆,4304
缈,4305
樨,4306
爬,4307
呛,4308
攻,4309
屡,4310
饹,4311
勖,4312
愀,4313
篙,4314
つ,4315
嵝,4316
硒,4317
俾,4318
框,4319
邈,4320
┮,4321
藩,4322
剩,4323
鋈,4324
珩,4325
砣,4326
幺,4327
汜,4328
羡,4329
籽,4330
它,4331
娑,4332
雳,4333
艄,4334
鸸,4335
谆,4336
崽,4337
馋,4338
眯,4339
ξ,4340
聿,4341
该,4342
葜,4343
叩,4344
г,4345
咕,4346
扛,4347
旄,4348
蝎,4349
蹬,4350
嗖,4351
桉,4352
阡,4353
ピ,4354
∈,4355
靼,4356
魂,4357
陉,4358
沌,4359
雒,4360
辊,4361
豢,4362
埸,4363
粞,4364
褡,4365
衽,4366
脆,4367
艿,4368
箍,4369
粽,4370
诨,4371
窃,4372
罄,4373
舣,4374
朕,4375
嚎,4376
妞,4377
邪,4378
些,4379
昧,4380
⊥,4381
葩,4382
Ц,4383
溯,4384
闼,4385
靛,4386
嗽,4387
腥,4388
鞠,4389
獾,4390
铛,4391
钿,4392
仨,4393
曛,4394
稞,4395
玥,4396
龇,4397
蒽,4398
礅,4399
撂,4400
饪,4401
悄,4402
ǖ,4403
坷,4404
裼,4405
倘,4406
缅,4407
喝,4408
栓,4409
绽,4410
钸,4411
鲈,4412
畦,4413
愎,4414
馄,4415
鼋,4416
荇,4417
巿,4418
脱,4419
彘,4420
斫,4421
呐,4422
详,4423
酂,4424
蠖,4425
髓,4426
豁,4427
嘎,4428
衿,4429
衷,4430
踔,4431
柙,4432
困,4433
蒗,4434
呶,4435
煎,4436
弃,4437
拒,4438
描,4439
敕,4440
懔,4441
骝,4442
蚊,4443
患,4444
琢,4445
鳘,4446
镌,4447
〔,4448
胱,4449
戽,4450
惑,4451
釜,4452
砻,4453
烹,4454
筝,4455
嗒,4456
⒉,4457
悼,4458
笥,4459
;,4460
吼,4461
κ,4462
∪,4463
锉,4464
缁,4465
橦,4466
怿,4467
碓,4468
辘,4469
桁,4470
硭,4471
魄,4472
巳,4473
钠,4474
诞,4475
迂,4476
眙,4477
崮,4478
穹,4479
姘,4480
渲,4481
Ｉ,4482
蠹,4483
闶,4484
礁,4485
跻,4486
呤,4487
叵,4488
缌,4489
糍,4490
撤,4491
莊,4492
绢,4493
趋,4494
舂,4495
怯,4496
捋,4497
魍,4498
颇,4499
蟀,4500
囚,4501
後,4502
蚤,4503
菝,4504
钏,4505
’,4506
闯,4507
鞣,4508
丕,4509
忽,4510
懦,4511
饷,4512
窨,4513
淠,4514
蜚,4515
枉,4516
歪,4517
焐,4518
犊,4519
蘅,4520
袷,4521
艚,4522
嫣,4523
殓,4524
似,4525
阂,4526
婀,4527
±,4528
廪,4529
≡,4530
埚,4531
┕,4532
苫,4533
莒,4534
泔,4535
晰,4536
抓,4537
龉,4538
嫔,4539
洄,4540
薏,4541
萜,4542
阐,4543
谁,4544
咦,4545
胧,4546
屑,4547
蜞,4548
艉,4549
淆,4550
勉,4551
さ,4552
７,4553
Ｒ,4554
龍,4555
践,4556
匝,4557
嘛,4558
劭,4559
皿,4560
哓,4561
ㄖ,4562
偎,4563
筏,4564
凶,4565
槲,4566
の,4567
镱,4568
帼,4569
β,4570
』,4571
隼,4572
垢,4573
竽,4574
歆,4575
怂,4576
裂,4577
锖,4578
悔,4579
咭,4580
磴,4581
舻,4582
缢,4583
诤,4584
獐,4585
锓,4586
剖,4587
捉,4588
ε,4589
锑,4590
仗,4591
遢,4592
膨,4593
荞,4594
ㄊ,4595
嗤,4596
簇,4597
ス,4598
已,4599
×,4600
僬,4601
甏,4602
憨,4603
∩,4604
累,4605
薅,4606
⑸,4607
剿,4608
畋,4609
撬,4610
裎,4611
踢,4612
娌,4613
妫,4614
で,4615
荊,4616
┳,4617
诃,4618
榉,4619
辜,4620
箬,4621
蓥,4622
抹,4623
泣,4624
腋,4625
嗪,4626
钼,4627
骂,4628
缭,4629
鄄,4630
８,4631
憾,4632
羟,4633
Ⅰ,4634
韫,4635
霹,4636
東,4637
榍,4638
棺,4639
浍,4640
眸,4641
≌,4642
隋,4643
ㄏ,4644
酯,4645
岌,4646
盅,4647
瓢,4648
咽,4649
灼,4650
蹦,4651
醪,4652
罴,4653
泯,4654
鲅,4655
&,4656
胫,4657
惜,4658
蚀,4659
掂,4660
刮,4661
┏,4662
括,4663
歉,4664
抬,4665
尕,4666
邛,4667
∠,4668
弧,4669
幂,4670
茏,4671
凇,4672
蜴,4673
碉,4674
钇,4675
螯,4676
铀,4677
煸,4678
哗,4679
擞,4680
嫦,4681
亥,4682
趴,4683
ｂ,4684
篓,4685
Ｍ,4686
毗,4687
筱,4688
⒄,4689
荧,4690
ケ,4691
隳,4692
缣,4693
辏,4694
碲,4695
捅,4696
踊,4697
阄,4698
栌,4699
捣,4700
诹,4701
偿,4702
迫,4703
跄,4704
褂,4705
踵,4706
倜,4707
祷,4708
掣,4709
惶,4710
谄,4711
敷,4712
阍,4713
绛,4714
２,4715
⒁,4716
粹,4717
禀,4718
嬲,4719
驷,4720
裆,4721
塍,4722
霉,4723
卯,4724
笸,4725
琚,4726
绦,4727
笞,4728
嘁,4729
檎,4730
旯,4731
墉,4732
漩,4733
渌,4734
陬,4735
茱,4736
單,4737
夥,4738
楸,4739
嗵,4740
刹,4741
橥,4742
劬,4743
〕,4744
袭,4745
莶,4746
绚,4747
讧,4748
枥,4749
棟,4750
⑿,4751
噗,4752
赦,4753
酵,4754
與,4755
锆,4756
馒,4757
辗,4758
墒,4759
慵,4760
犇,4761
删,4762
挝,4763
艰,4764
Ｏ,4765
綦,4766
呋,4767
偻,4768
堇,4769
蠢,4770
髋,4771
侥,4772
幡,4773
厮,4774
朐,4775
葑,4776
渗,4777
娼,4778
辔,4779
咳,4780
髌,4781
赭,4782
媪,4783
氩,4784
峭,4785
珥,4786
＋,4787
漉,4788
耍,4789
砗,4790
诟,4791
螳,4792
钐,4793
驸,4794
扈,4795
錾,4796
皙,4797
讽,4798
寂,4799
ズ,4800
厍,4801
簌,4802
彷,4803
诳,4804
逐,4805
泠,4806
擂,4807
③,4808
Ⅴ,4809
颁,4810
噜,4811
牲,4812
倮,4813
缀,4814
煺,4815
澶,4816
梆,4817
椋,4818
┞,4819
葭,4820
坵,4821
撸,4822
郯,4823
镏,4824
褪,4825
旮,4826
瞪,4827
粲,4828
掳,4829
鞯,4830
阖,4831
黃,4832
袢,4833
尴,4834
滏,4835
摸,4836
Ｓ,4837
窆,4838
菰,4839
炝,4840
鳗,4841
奁,4842
螂,4843
凿,4844
阊,4845
σ,4846
槠,4847
內,4848
砭,4849
岜,4850
嗫,4851
曷,4852
睹,4853
萑,4854
阚,4855
簸,4856
ヂ,4857
棘,4858
幔,4859
鍪,4860
龊,4861
秸,4862
苷,4863
黉,4864
纣,4865
榛,4866
恶,4867
酶,4868
嘞,4869
嫡,4870
裢,4871
ユ,4872
紊,4873
锢,4874
衰,4875
鄹,4876
笈,4877
荐,4878
脯,4879
蕨,4880
せ,4881
诩,4882
否,4883
逾,4884
菟,4885
跎,4886
疙,4887
鸶,4888
玟,4889
牖,4890
ㄒ,4891
鶴,4892
伪,4893
タ,4894
剃,4895
硚,4896
嵇,4897
伲,4898
ド,4899
笕,4900
ㄑ,4901
稷,4902
弱,4903
舯,4904
钎,4905
脾,4906
窳,4907
谠,4908
夤,4909
哩,4910
鎏,4911
踣,4912
劢,4913
胰,4914
竦,4915
窍,4916
糟,4917
嶷,4918
捐,4919
絮,4920
衾,4921
狡,4922
杖,4923
┲,4924
渖,4925
赝,4926
缍,4927
晡,4928
┐,4929
娉,4930
┠,4931
钶,4932
酬,4933
夯,4934
嬉,4935
邰,4936
丿,4937
槊,4938
陽,4939
瘩,4940
轶,4941
喵,4942
籼,4943
傩,4944
薷,4945
穸,4946
茧,4947
ぞ,4948
∮,4949
雌,4950
贻,4951
姝,4952
攵,4953
煽,4954
膛,4955
蔸,4956
遒,4957
!,4958
蹊,4959
诔,4960
刂,4961
敲,4962
嫠,4963
偈,4964
鹩,4965
ぷ,4966
踩,4967
蜕,4968
惨,4969
斡,4970
粼,4971
琨,4972
裣,4973
瘫,4974
荛,4975
莅,4976
霰,4977
崭,4978
辞,4979
岬,4980
ο,4981
蹯,4982
唔,4983
穷,4984
髯,4985
薜,4986
鲶,4987
蓑,4988
∶,4989
锍,4990
砰,4991
趁,4992
嫒,4993
Ｗ,4994
痈,4995
胀,4996
ρ,4997
袅,4998
裸,4999
龈,5000
秆,5001
颀,5002
劈,5003
佤,5004
砉,5005
糇,5006
鞒,5007
扉,5008
ナ,5009
枸,5010
杲,5011
跷,5012
匕,5013
鹾,5014
艽,5015
俳,5016
誓,5017
栊,5018
绺,5019
铤,5020
毙,5021
泘,5022
棍,5023
姊,5024
钽,5025
畛,5026
橛,5027
硐,5028
鎮,5029
匏,5030
飓,5031
芍,5032
啖,5033
偬,5034
硪,5035
υ,5036
畎,5037
祐,5038
嬷,5039
Ш,5040
秭,5041
呒,5042
埇,5043
劾,5044
伢,5045
焉,5046
笾,5047
氙,5048
⒑,5049
萏,5050
鲐,5051
炯,5052
凑,5053
呖,5054
矾,5055
垓,5056
谔,5057
扼,5058
溥,5059
攘,5060
镯,5061
饣,5062
忌,5063
珙,5064
鲢,5065
ê,5066
匚,5067
孛,5068
鹞,5069
柞,5070
篆,5071
忱,5072
挣,5073
Ρ,5074
棹,5075
邨,5076
獠,5077
铮,5078
莴,5079
镔,5080
祜,5081
サ,5082
缮,5083
庖,5084
橇,5085
锛,5086
ù,5087
垡,5088
鞭,5089
蒯,5090
杳,5091
⑤,5092
桧,5093
酝,5094
拎,5095
咴,5096
馇,5097
栳,5098
Υ,5099
⒂,5100
瘾,5101
锬,5102
愫,5103
怎,5104
砘,5105
厄,5106
茯,5107
沔,5108
￣,5109
杵,5110
槛,5111
孺,5112
砟,5113
妥,5114
┪,5115
┫,5116
暝,5117
橹,5118
芰,5119
氐,5120
⒌,5121
铄,5122
珐,5123
抟,5124
Ψ,5125
碚,5126
鸩,5127
撇,5128
嫱,5129
粑,5130
冂,5131
戶,5132
扌,5133
冕,5134
抠,5135
в,5136
バ,5137
瓒,5138
橐,5139
ǔ,5140
钍,5141
茑,5142
┚,5143
壅,5144
狒,5145
邡,5146
辨,5147
舁,5148
檐,5149
礤,5150
缰,5151
榷,5152
嵊,5153
臭,5154
瓴,5155
纂,5156
舅,5157
败,5158
肘,5159
し,5160
疚,5161
钪,5162
茌,5163
洚,5164
缬,5165
⒅,5166
虔,5167
煳,5168
髡,5169
鼍,5170
怌,5171
阋,5172
萘,5173
砜,5174
倌,5175
韧,5176
惚,5177
龀,5178
嬗,5179
奘,5180
岂,5181
苁,5182
侈,5183
裟,5184
哄,5185
谕,5186
憩,5187
崦,5188
醛,5189
垮,5190
艹,5191
魈,5192
鹌,5193
缦,5194
鐾,5195
侃,5196
牒,5197
郓,5198
裱,5199
刈,5200
刨,5201
喇,5202
蝠,5203
媲,5204
婢,5205
栢,5206
耪,5207
谡,5208
鳅,5209
闱,5210
嫖,5211
桄,5212
蜢,5213
恪,5214
婊,5215
パ,5216
ッ,5217
П,5218
と,5219
嗉,5220
酩,5221
澌,5222
邂,5223
瞰,5224
槚,5225
遛,5226
媸,5227
嗣,5228
⑼,5229
铟,5230
倔,5231
膀,5232
厥,5233
岿,5234
浃,5235
溉,5236
ν,5237
ジ,5238
毡,5239
溟,5240
帷,5241
镟,5242
⒕,5243
ǘ,5244
刃,5245
蹩,5246
佼,5247
芏,5248
娓,5249
篾,5250
粕,5251
荘,5252
┙,5253
玎,5254
吏,5255
戆,5256
彳,5257
痉,5258
叛,5259
蹭,5260
瑷,5261
場,5262
┓,5263
泪,5264
恫,5265
迸,5266
叼,5267
跖,5268
飒,5269
啾,5270
瓠,5271
羑,5272
溵,5273
妖,5274
逝,5275
孢,5276
乞,5277
⒓,5278
墀,5279
酌,5280
褛,5281
寔,5282
嗳,5283
慊,5284
帚,5285
敞,5286
椭,5287
塌,5288
椟,5289
禇,5290
曝,5291
В,5292
鹜,5293
冮,5294
夂,5295
蘑,5296
帖,5297
珧,5298
锔,5299
镣,5300
⒆,5301
彗,5302
桎,5303
⒍,5304
乏,5305
濡,5306
肫,5307
癜,5308
碁,5309
窠,5310
讥,5311
惆,5312
′,5313
镉,5314
薨,5315
铢,5316
獬,5317
纛,5318
诅,5319
跣,5320
〇,5321
樯,5322
┯,5323
镓,5324
晤,5325
Τ,5326
醺,5327
忐,5328
崾,5329
贮,5330
盯,5331
ツ,5332
鲩,5333
荤,5334
诀,5335
臃,5336
诿,5337
滘,5338
兖,5339
妊,5340
Ь,5341
岣,5342
葶,5343
噬,5344
ˉ,5345
チ,5346
忝,5347
枨,5348
醮,5349
┰,5350
苣,5351
獒,5352
［,5353
糸,5354
耆,5355
蟊,5356
厌,5357
怜,5358
掉,5359
俚,5360
吒,5361
馅,5362
埯,5363
鞲,5364
褔,5365
訾,5366
蜾,5367
庒,5368
赘,5369
藓,5370
轳,5371
蘸,5372
铱,5373
拈,5374
蝾,5375
衲,5376
缂,5377
悴,5378
笳,5379
忪,5380
欺,5381
妤,5382
葺,5383
岵,5384
缗,5385
榫,5386
⑧,5387
嘧,5388
亡,5389
搽,5390
兀,5391
矽,5392
誊,5393
α,5394
茳,5395
骼,5396
昨,5397
龋,5398
匦,5399
羯,5400
丐,5401
祸,5402
颠,5403
単,5404
朦,5405
薹,5406
绨,5407
琬,5408
た,5409
硌,5410
プ,5411
碍,5412
柃,5413
啬,5414
儆,5415
穑,5416
卟,5417
趿,5418
Ι,5419
珺,5420
觳,5421
艋,5422
泞,5423
蘩,5424
ふ,5425
滓,5426
弁,5427
甩,5428
楮,5429
尸,5430
檠,5431
盍,5432
胨,5433
酰,5434
ё,5435
乇,5436
嚣,5437
虽,5438
淬,5439
捏,5440
┝,5441
凵,5442
睬,5443
舴,5444
锃,5445
φ,5446
锄,5447
淤,5448
豕,5449
肜,5450
祀,5451
⑹,5452
捎,5453
喃,5454
萸,5455
┑,5456
鬃,5457
篥,5458
搁,5459
嫉,5460
昃,5461
陋,5462
禵,5463
ㄗ,5464
饯,5465
圬,5466
敝,5467
峋,5468
埙,5469
彀,5470
噶,5471
苴,5472
灭,5473
恣,5474
糙,5475
秫,5476
窬,5477
捂,5478
仫,5479
狠,5480
颌,5481
鹛,5482
莛,5483
晷,5484
扭,5485
蜈,5486
〖,5487
袱,5488
耧,5489
ハ,5490
椑,5491
茼,5492
谘,5493
陷,5494
喑,5495
佥,5496
捡,5497
嘲,5498
猗,5499
荠,5500
袼,5501
莩,5502
ㄌ,5503
∑,5504
訇,5505
枳,5506
娶,5507
咩,5508
觊,5509
诣,5510
螃,5511
┖,5512
稗,5513
腻,5514
糜,5515
咎,5516
妒,5517
ぴ,5518
澍,5519
厶,5520
茚,5521
彖,5522
铈,5523
囯,5524
ζ,5525
僭,5526
］,5527
苋,5528
耷,5529
琮,5530
杩,5531
寡,5532
豊,5533
犍,5534
僳,5535
迢,5536
钌,5537
湎,5538
癞,5539
⑻,5540
饬,5541
钴,5542
刍,5543
尥,5544
劣,5545
劵,5546
忿,5547
涩,5548
栲,5549
伉,5550
砾,5551
馊,5552
睇,5553
√,5554
啻,5555
镫,5556
鹨,5557
瘴,5558
遨,5559
缛,5560
痕,5561
碴,5562
淫,5563
ィ,5564
蘭,5565
轰,5566
呔,5567
偾,5568
園,5569
⑩,5570
┬,5571
贼,5572
靴,5573
钺,5574
椤,5575
ぬ,5576
酇,5577
羰,5578
鸺,5579
囍,5580
悅,5581
蟆,5582
褒,5583
翥,5584
孬,5585
桀,5586
樘,5587
琇,5588
诎,5589
屬,5590
暌,5591
遭,5592
吣,5593
缡,5594
沲,5595
庹,5596
晞,5597
嘭,5598
揪,5599
蜊,5600
掩,5601
裉,5602
は,5603
┩,5604
拙,5605
鲎,5606
赴,5607
轸,5608
腚,5609
澗,5610
鄉,5611
秃,5612
坼,5613
び,5614
谀,5615
骈,5616
榱,5617
扦,5618
け,5619
ū,5620
蟪,5621
臬,5622
郅,5623
麽,5624
軹,5625
仡,5626
讠,5627
抨,5628
貂,5629
毁,5630
祉,5631
酢,5632
瑕,5633
仄,5634
碥,5635
讷,5636
槔,5637
苤,5638
卲,5639
箸,5640
ㄆ,5641
汞,5642
彡,5643
麋,5644
眀,5645
嗡,5646
孰,5647
ソ,5648
匍,5649
芑,5650
舛,5651
饥,5652
潁,5653
黹,5654
┎,5655
瞅,5656
忏,5657
麂,5658
堠,5659
茬,5660
仼,5661
踮,5662
妲,5663
悻,5664
锿,5665
桕,5666
箝,5667
徂,5668
尙,5669
荏,5670
肷,5671
渍,5672
嶝,5673
瘟,5674
ｅ,5675
沆,5676
捭,5677
啟,5678
挨,5679
└,5680
煅,5681
馗,5682
釆,5683
咙,5684
ゾ,5685
尢,5686
糁,5687
柬,5688
￥,5689
鳎,5690
辂,5691
疲,5692
傧,5693
蠲,5694
胬,5695
漷,5696
骺,5697
猷,5698
坍,5699
檫,5700
甓,5701
罂,5702
抑,5703
罨,5704
熨,5705
∞,5706
呂,5707
硗,5708
镛,5709
濱,5710
赈,5711
設,5712
邾,5713
沏,5714
燥,5715
別,5716
Π,5717
罱,5718
扮,5719
莰,5720
溲,5721
傥,5722
醚,5723
逮,5724
嚷,5725
歹,5726
牦,5727
鬯,5728
ǚ,5729
螗,5730
贬,5731
抻,5732
仞,5733
廨,5734
贱,5735
⒊,5736
Щ,5737
碜,5738
雇,5739
廠,5740
懈,5741
愕,5742
義,5743
皎,5744
強,5745
粪,5746
崞,5747
艟,5748
順,5749
劫,5750
苛,5751
钚,5752
フ,5753
兢,5754
郗,5755
ち,5756
钭,5757
甑,5758
瞾,5759
皤,5760
侑,5761
讳,5762
門,5763
┌,5764
虐,5765
谚,5766
ǜ,5767
瞩,5768
阃,5769
醯,5770
侩,5771
骢,5772
骖,5773
蝇,5774
咛,5775
塄,5776
骀,5777
奠,5778
钫,5779
赜,5780
ａ,5781
蠓,5782
镎,5783
忒,5784
惹,5785
跛,5786
汹,5787
檗,5788
骤,5789
馕,5790
銎,5791
啕,5792
误,5793
傈,5794
っ,5795
┭,5796
荑,5797
畏,5798
冽,5799
榇,5800
谧,5801
堉,5802
④,5803
旆,5804
馐,5805
д,5806
瓤,5807
嚅,5808
酋,5809
泱,5810
圄,5811
镗,5812
噻,5813
О,5814
俜,5815
俘,5816
嗝,5817
デ,5818
堍,5819
┗,5820
諸,5821
伛,5822
蕻,5823
轾,5824
倭,5825
侔,5826
⒛,5827
抉,5828
仂,5829
赚,5830
─,5831
哏,5832
幄,5833
Э,5834
羸,5835
稣,5836
肱,5837
ㄧ,5838
贲,5839
荩,5840
峽,5841
∵,5842
У,5843
滠,5844
瘘,5845
嫫,5846
圉,5847
ダ,5848
夙,5849
囝,5850
骉,5851
堕,5852
衩,5853
赠,5854
牺,5855
萼,5856
迄,5857
蠎,5858
攒,5859
厩,5860
蒎,5861
╂,5862
黏,5863
揣,5864
刖,5865
隨,5866
開,5867
菓,5868
鲭,5869
殳,5870
硼,5871
譬,5872
鹣,5873
沩,5874
癖,5875
ㄕ,5876
悌,5877
殉,5878
喱,5879
骷,5880
诫,5881
恽,5882
ｗ,5883
螽,5884
鴻,5885
ネ,5886
躬,5887
鲞,5888
痣,5889
扃,5890
夼,5891
舨,5892
蒹,5893
Ю,5894
コ,5895
扔,5896
礴,5897
镍,5898
遏,5899
弊,5900
ビ,5901
矜,5902
榘,5903
廣,5904
瘸,5905
岍,5906
榀,5907
粜,5908
濒,5909
⒈,5910
囫,5911
狳,5912
厣,5913
荭,5914
嗍,5915
戳,5916
舀,5917
悛,5918
嚓,5919
蠕,5920
佯,5921
遊,5922
敉,5923
铫,5924
镘,5925
麸,5926
業,5927
ゼ,5928
喆,5929
惧,5930
盥,5931
電,5932
垆,5933
苒,5934
篡,5935
翮,5936
摈,5937
椽,5938
蟑,5939
奸,5940
涑,5941
勍,5942
郄,5943
苠,5944
稲,5945
膺,5946
簋,5947
屮,5948
郃,5949
ね,5950
暾,5951
鳍,5952
Φ,5953
褴,5954
雲,5955
苻,5956
砌,5957
琐,5958
璎,5959
詈,5960
筐,5961
缚,5962
铌,5963
匮,5964
贿,5965
铒,5966
囱,5967
婿,5968
剔,5969
筚,5970
筅,5971
奧,5972
蝈,5973
穂,5974
仉,5975
耄,5976
凓,5977
黍,5978
跏,5979
鸲,5980
咋,5981
シ,5982
镬,5983
蚜,5984
弑,5985
曌,5986
濛,5987
萬,5988
栝,5989
俦,5990
侮,5991
羁,5992
顽,5993
撮,5994
怏,5995
氵,5996
擅,5997
阉,5998
馔,5999
師,6000
愛,6001
埽,6002
朊,6003
汔,6004
牮,6005
骓,6006
塚,6007
芎,6008
皱,6009
讪,6010
镅,6011
貊,6012
⑶,6013
樗,6014
廛,6015
犸,6016
搌,6017
佧,6018
華,6019
泐,6020
屉,6021
貉,6022
痢,6023
佚,6024
璺,6025
馏,6026
咆,6027
蹉,6028
舳,6029
┘,6030
妯,6031
琰,6032
洎,6033
浼,6034
韪,6035
頤,6036
ㄥ,6037
倏,6038
＇,6039
贽,6040
巯,6041
瀷,6042
皑,6043
胍,6044
戟,6045
媞,6046
炅,6047
哚,6048
脶,6049
贠,6050
哀,6051
砝,6052
洌,6053
敫,6054
翦,6055
诌,6056
逞,6057
镊,6058
屙,6059
觜,6060
畹,6061
ā,6062
溺,6063
垧,6064
碘,6065
稿,6066
蹼,6067
汩,6068
夔,6069
ι,6070
稹,6071
耨,6072
蜱,6073
晦,6074
羹,6075
ゲ,6076
熄,6077
措,6078
┦,6079
缄,6080
⑥,6081
咐,6082
麾,6083
讶,6084
財,6085
醣,6086
楊,6087
枷,6088
骠,6089
襟,6090
セ,6091
霁,6092
歺,6093
嗜,6094
嬖,6095
蘖,6096
黾,6097
Ｕ,6098
怄,6099
镝,6100
蜇,6101
筘,6102
遁,6103
浞,6104
蛰,6105
蒜,6106
雉,6107
⑨,6108
硎,6109
鏖,6110
眨,6111
組,6112
铗,6113
绶,6114
洑,6115
诓,6116
帧,6117
讵,6118
張,6119
嶙,6120
戛,6121
玘,6122
滺,6123
啇,6124
輿,6125
芤,6126
酗,6127
哧,6128
隰,6129
ㄈ,6130
柢,6131
冥,6132
伎,6133
砧,6134
姹,6135
悱,6136
丢,6137
铆,6138
樣,6139
胯,6140
踟,6141
嵬,6142
蹿,6143
動,6144
恨,6145
,6146
谎,6147
氿,6148
蝻,6149
廟,6150
倥,6151
鉆,6152
唬,6153
艏,6154
钆,6155
墁,6156
嘬,6157
桡,6158
灜,6159
鎐,6160
膈,6161
ò,6162
谍,6163
唏,6164
鳇,6165
趷,6166
钹,6167
棸,6168
狨,6169
冱,6170
戥,6171
惝,6172
瞄,6173
瘐,6174
Σ,6175
钝,6176
§,6177
莠,6178
簖,6179
磲,6180
铷,6181
⒀,6182
焜,6183
甪,6184
戗,6185
狙,6186
狯,6187
髫,6188
眕,6189
愍,6190
啵,6191
钔,6192
蛆,6193
窀,6194
ㄇ,6195
涕,6196
蝙,6197
潲,6198
糅,6199
褥,6200
Ⅵ,6201
苊,6202
躁,6203
恆,6204
炣,6205
舡,6206
暘,6207
迊,6208
驽,6209
囿,6210
塢,6211
邶,6212
卾,6213
厲,6214
瘳,6215
爨,6216
蝼,6217
粝,6218
┢,6219
弶,6220
岖,6221
泖,6222
趄,6223
筵,6224
坫,6225
镧,6226
讹,6227
蒴,6228
嘱,6229
み,6230
渺,6231
煕,6232
痧,6233
郉,6234
襾,6235
頡,6236
矗,6237
靚,6238
恃,6239
媾,6240
歙,6241
┨,6242
挍,6243
↑,6244
吳,6245
饫,6246
圜,6247
徙,6248
钾,6249
盹,6250
發,6251
芡,6252
摧,6253
铋,6254
痫,6255
瀾,6256
裾,6257
荗,6258
徤,6259
弭,6260
荜,6261
筌,6262
郞,6263
⑦,6264
淸,6265
氾,6266
镪,6267
朢,6268
膘,6269
铚,6270
磔,6271
愤,6272
唰,6273
玢,6274
镳,6275
樑,6276
湹,6277
礦,6278
挟,6279
缵,6280
☆,6281
蒡,6282
刽,6283
睑,6284
轂,6285
躯,6286
跫,6287
抒,6288
斥,6289
僵,6290
Ｙ,6291
學,6292
値,6293
阱,6294
脽,6295
埗,6296
醐,6297
鲚,6298
侪,6299
冿,6300
羧,6301
怔,6302
匯,6303
胳,6304
荨,6305
霈,6306
禪,6307
跸,6308
铯,6309
蜣,6310
舊,6311
馬,6312
旒,6313
楒,6314
ヅ,6315
飚,6316
機,6317
箢,6318
潠,6319
昏,6320
營,6321
颤,6322
氚,6323
戾,6324
賣,6325
衎,6326
颏,6327
蛊,6328
崟,6329
蜿,6330
瘠,6331
锾,6332
癌,6333
腠,6334
ｋ,6335
鳙,6336
豌,6337
橫,6338
啮,6339
馑,6340
橋,6341
許,6342
鼔,6343
縣,6344
溅,6345
筼,6346
熘,6347
腈,6348
犰,6349
铙,6350
廂,6351
哙,6352
♀,6353
㈣,6354
堎,6355
氓,6356
閣,6357
縂,6358
攴,6359
鲣,6360
兕,6361
噩,6362
觑,6363
颕,6364
帏,6365
鐿,6366
渓,6367
羞,6368
詞,6369
ｖ,6370
阕,6371
俵,6372
弾,6373
貿,6374
掁,6375
蠃,6376
磉,6377
栁,6378
荦,6379
轹,6380
專,6381
ぱ,6382
┤,6383
車,6384
脘,6385
○,6386
炱,6387
麝,6388
踹,6389
→,6390
澥,6391
瘰,6392
郐,6393
斟,6394
喬,6395
肀,6396
寞,6397
議,6398
鳳,6399
臺,6400
怙,6401
溴,6402
蓦,6403
绁,6404
濟,6405
檞,6406
橪,6407
砷,6408
焗,6409
黝,6410
ｉ,6411
冚,6412
冫,6413
堞,6414
⑾,6415
溇,6416
祚,6417
腕,6418
豐,6419
庑,6420
飙,6421
耖,6422
瘢,6423
鳜,6424
啷,6425
铍,6426
侉,6427
痍,6428
膑,6429
贶,6430
骚,6431
耦,6432
圮,6433
棑,6434
跺,6435
聲,6436
綜,6437
柩,6438
—,6439
棧,6440
钙,6441
怆,6442
驛,6443
瞒,6444
诋,6445
囹,6446
佺,6447
灡,6448
苄,6449
觐,6450
鋁,6451
甾,6452
鳊,6453
燚,6454
膻,6455
鲠,6456
℃,6457
＊,6458
俣,6459
運,6460
罔,6461
纾,6462
谳,6463
僦,6464
踝,6465
剥,6466
リ,6467
暀,6468
陝,6469
匈,6470
嘏,6471
現,6472
壇,6473
艨,6474
丧,6475
榧,6476
弩,6477
渟,6478
梏,6479
咻,6480
皈,6481
喘,6482
醢,6483
喋,6484
啧,6485
哔,6486
グ,6487
昴,6488
彐,6489
螋,6490
杼,6491
譙,6492
妗,6493
烊,6494
記,6495
颦,6496
ㄩ,6497
擒,6498
勛,6499
異,6500
垚,6501
緹,6502
恝,6503
慨,6504
馓,6505
疋,6506
沬,6507
蕖,6508
Ⅹ,6509
闩,6510
屺,6511
銘,6512
綠,6513
芄,6514
燈,6515
吲,6516
━,6517
倦,6518
诈,6519
羝,6520
唢,6521
杙,6522
捃,6523
醵,6524
礻,6525
儇,6526
鲋,6527
⒏,6528
吝,6529
帻,6530
扆,6531
犟,6532
粢,6533
環,6534
負,6535
聴,6536
犋,6537
厡,6538
吱,6539
尻,6540
勝,6541
脍,6542
陲,6543
玷,6544
ㄣ,6545
蹶,6546
遴,6547
疬,6548
戡,6549
氕,6550
俨,6551
铳,6552
痨,6553
钤,6554
△,6555
┿,6556
羋,6557
ｃ,6558
唻,6559
澉,6560
蟋,6561
↓,6562
預,6563
旰,6564
庥,6565
Ъ,6566
農,6567
劉,6568
茛,6569
佁,6570
彿,6571
撖,6572
柵,6573
┒,6574
瑗,6575
叚,6576
蓣,6577
Ⅲ,6578
廒,6579
刭,6580
撅,6581
漖,6582
％,6583
柺,6584
槱,6585
虍,6586
梃,6587
禮,6588
唾,6589
	,6590
棰,6591
顧,6592
觯,6593
厼,6594
栆,6595
┍,6596
椁,6597
蘧,6598
邴,6599
鲳,6600
冗,6601
娈,6602
豺,6603
衅,6604
焑,6605
桤,6606
纭,6607
堋,6608
揸,6609
驯,6610
柽,6611
钯,6612
啶,6613
掐,6614
媧,6615
窪,6616
甙,6617
牤,6618
钕,6619
眺,6620
個,6621
颔,6622
哝,6623
輪,6624
嗾,6625
嗓,6626
喟,6627
聖,6628
拴,6629
歃,6630
徹,6631
鲱,6632
喫,6633
玞,6634
囧,6635
螭,6636
蓠,6637
跚,6638
囡,6639
蔑,6640
夗,6641
怅,6642
侏,6643
赃,6644
苡,6645
經,6646
膦,6647
嶶,6648
燮,6649
肄,6650
笵,6651
佞,6652
镥,6653
畀,6654
㈡,6655
佴,6656
購,6657
嚁,6658
蛀,6659
诧,6660
雹,6661
橼,6662
恁,6663
礠,6664
礓,6665
酮,6666
辋,6667
臊,6668
赓,6669
岢,6670
谮,6671
筜,6672
芟,6673
濞,6674
矬,6675
哮,6676
陧,6677
肭,6678
⑺,6679
荬,6680
庋,6681
雠,6682
娆,6683
碶,6684
潴,6685
拽,6686
頌,6687
亻,6688
鼗,6689
蹒,6690
瀼,6691
鹎,6692
檑,6693
浬,6694
蜥,6695
咄,6696
艈,6697
麗,6698
鬣,6699
聍,6700
Γ,6701
飧,6702
掴,6703
衮,6704
篝,6705
嫜,6706
←,6707
廾,6708
剁,6709
徵,6710
炔,6711
曉,6712
館,6713
璩,6714
潺,6715
Ω,6716
衖,6717
棓,6718
砠,6719
湔,6720
鬲,6721
欀,6722
爿,6723
暢,6724
鷹,6725
⒗,6726
紅,6727
癯,6728
媤,6729
姫,6730
∴,6731
锺,6732
霾,6733
陛,6734
冑,6735
鼙,6736
饽,6737
丅,6738
酽,6739
秽,6740
谩,6741
裵,6742
㈧,6743
硷,6744
娠,6745
蹀,6746
※,6747
蘨,6748
邋,6749
頣,6750
洳,6751
柸,6752
げ,6753
锗,6754
睎,6755
轱,6756
