Day,Hour,Radiation
0,6,0.002881844
0,7,0.054755043
0,8,0.227665706
0,9,0.4870317
0,10,0.489913545
0,11,0.636887608
0,12,0.538904899
0,13,0.585014409
0,14,0.553314121
0,15,0.804034582
0,16,0.613832853
0,17,0.472622478
0,18,0.259365994
0,19,0.066282421
0,20,0
1,6,0.002881844
1,7,0.069164265
1,8,0.198847262
1,9,0.371757925
1,10,0.317002882
1,11,0.5129683
1,12,0.288184438
1,13,0.501440922
1,14,0.925072046
1,15,0.775216138
1,16,0.53314121
1,17,0.340057637
1,18,0.190201729
1,19,0.09221902
1,20,0
2,6,0.002881844
2,7,0.051873199
2,8,0.089337176
2,9,0.276657061
2,10,0.556195965
2,11,0.634005764
2,12,0.536023055
2,13,0.720461095
2,14,0.757925072
2,15,0.798270893
2,16,0.665706052
2,17,0.403458213
2,18,0.175792507
2,19,0.037463977
2,20,0
3,6,0
3,7,0.043227666
3,8,0.069164265
3,9,0.095100865
3,10,0.141210375
3,11,0.25648415
3,12,0.354466859
3,13,0.342939481
3,14,0.34870317
3,15,0.340057637
3,16,0.458213256
3,17,0.13832853
3,18,0.040345821
3,19,0.020172911
3,20,0
4,6,0
4,7,0.017291066
4,8,0.077809798
4,9,0.170028818
4,10,0.299711816
4,11,0.518731988
4,12,0.763688761
4,13,0.625360231
4,14,0.443804035
4,15,0.484149856
4,16,0.354466859
4,17,0.132564841
4,18,0.158501441
4,19,0.028818444
4,20,0
5,6,0
5,7,0.008645533
5,8,0.043227666
5,9,0.144092219
5,10,0.224783862
5,11,0.694524496
5,12,0.400576369
5,13,0.423631124
5,14,0.42074928
5,15,0.250720461
5,16,0.190201729
5,17,0.126801153
5,18,0.060518732
5,19,0.011527378
5,20,0
6,6,0
6,7,0.011527378
6,8,0.04610951
6,9,0.095100865
6,10,0.16426513
6,11,0.317002882
6,12,0.345821326
6,13,0.213256484
6,14,0.069164265
6,15,0.040345821
6,16,0.040345821
6,17,0.048991354
6,18,0.011527378
6,19,0.008645533
6,20,0
7,6,0
7,7,0.023054755
7,8,0.126801153
7,9,0.155619597
7,10,0.149855908
7,11,0.16426513
7,12,0.273775216
7,13,0.536023055
7,14,0.536023055
7,15,0.590778098
7,16,0.443804035
7,17,0.172910663
7,18,0.063400576
7,19,0.023054755
7,20,0
8,6,0
8,7,0.043227666
8,8,0.21037464
8,9,0.42074928
8,10,0.461095101
8,11,0.510086455
8,12,0.648414986
8,13,0.688760807
8,14,0.365994236
8,15,0.42074928
8,16,0.34870317
8,17,0.317002882
8,18,0.141210375
8,19,0.057636888
8,20,0
9,6,0
9,7,0.051873199
9,8,0.342939481
9,9,0.121037464
9,10,0.109510086
9,11,0.270893372
9,12,0.498559078
9,13,0.538904899
9,14,0.484149856
9,15,0.501440922
9,16,0.556195965
9,17,0.472622478
9,18,0.291066282
9,19,0.07204611
9,20,0
10,6,0
10,7,0.066282421
10,8,0.172910663
10,9,0.345821326
10,10,0.608069164
10,11,0.665706052
10,12,0.948126801
10,13,0.974063401
10,14,0.95389049
10,15,0.844380403
10,16,0.694524496
10,17,0.495677233
10,18,0.270893372
10,19,0.066282421
10,20,0
11,6,0
11,7,0.063400576
11,8,0.207492795
11,9,0.317002882
11,10,0.60518732
11,11,0.737752161
11,12,0.613832853
11,13,0.299711816
11,14,0.106628242
11,15,0.023054755
11,16,0.025936599
11,17,0.063400576
11,18,0.121037464
11,19,0.040345821
11,20,0
12,6,0
12,7,0.037463977
12,8,0.213256484
12,9,0.239193084
12,10,0.224783862
12,11,0.311239193
12,12,0.518731988
12,13,0.472622478
12,14,0.5129683
12,15,0.783861671
12,16,0.478386167
12,17,0.34870317
12,18,0.244956772
12,19,0.054755043
12,20,0.002881844
13,6,0
13,7,0.048991354
13,8,0.172910663
13,9,0.383285303
13,10,0.639769452
13,11,0.821325648
13,12,0.951008646
13,13,0.968299712
13,14,0.910662824
13,15,0.806916427
13,16,0.674351585
13,17,0.469740634
13,18,0.250720461
13,19,0.057636888
13,20,0
14,6,0
14,7,0.066282421
14,8,0.244956772
14,9,0.455331412
14,10,0.625360231
14,11,0.711815562
14,12,0.812680115
14,13,0.86167147
14,14,0.809798271
14,15,0.682997118
14,16,0.435158501
14,17,0.377521614
14,18,0.195965418
14,19,0.054755043
14,20,0
15,6,0
15,7,0.04610951
15,8,0.195965418
15,9,0.374639769
15,10,0.536023055
15,11,0.708933718
15,12,0.798270893
15,13,0.847262248
15,14,0.809798271
15,15,0.636887608
15,16,0.596541787
15,17,0.400576369
15,18,0.21037464
15,19,0.054755043
15,20,0
16,6,0
16,7,0.034582133
16,8,0.242074928
16,9,0.380403458
16,10,0.063400576
16,11,0.069164265
16,12,0.484149856
16,13,0.371757925
16,14,0.510086455
16,15,0.602305476
16,16,0.291066282
16,17,0.135446686
16,18,0.129682997
16,19,0.028818444
16,20,0
17,6,0
17,7,0.008645533
17,8,0.028818444
17,9,0.060518732
17,10,0.020172911
17,11,0.008645533
17,12,0.023054755
17,13,0.028818444
17,14,0.028818444
17,15,0.040345821
17,16,0.034582133
17,17,0.011527378
17,18,0.002881844
17,19,0.008645533
17,20,0
18,6,0
18,7,0.04610951
18,8,0.146974063
18,9,0.259365994
18,10,0.541786744
18,11,0.610951009
18,12,0.74351585
18,13,0.668587896
18,14,0.691642651
18,15,0.642651297
18,16,0.561959654
18,17,0.495677233
18,18,0.239193084
18,19,0.051873199
18,20,0
19,6,0
19,7,0.051873199
19,8,0.242074928
19,9,0.489913545
19,10,0.700288184
19,11,0.850144092
19,12,0.711815562
19,13,0.443804035
19,14,0.547550432
19,15,0.44092219
19,16,0.331412104
19,17,0.371757925
19,18,0.201729107
19,19,0.060518732
19,20,0
20,6,0
20,7,0.043227666
20,8,0.155619597
20,9,0.149855908
20,10,0.363112392
20,11,0.53314121
20,12,0.314121037
20,13,0.65129683
20,14,0.556195965
20,15,0.383285303
20,16,0.09221902
20,17,0.207492795
20,18,0.115273775
20,19,0.040345821
20,20,0
21,6,0
21,7,0.043227666
21,8,0.141210375
21,9,0.13832853
21,10,0.178674352
21,11,0.279538905
21,12,0.446685879
21,13,0.342939481
21,14,0.293948127
21,15,0.195965418
21,16,0.216138329
21,17,0.097982709
21,18,0.063400576
21,19,0.020172911
21,20,0
22,6,0
22,7,0.023054755
22,8,0.089337176
22,9,0.170028818
22,10,0.204610951
22,11,0.175792507
22,12,0.161383285
22,13,0.155619597
22,14,0.181556196
22,15,0.178674352
22,16,0.18443804
22,17,0.16426513
22,18,0.106628242
22,19,0.028818444
22,20,0
23,6,0
23,7,0.031700288
23,8,0.244956772
23,9,0.285302594
23,10,0.668587896
23,11,0.855907781
23,12,0.95389049
23,13,0.899135447
23,14,0.910662824
23,15,0.706051873
23,16,0.389048991
23,17,0.409221902
23,18,0.21037464
23,19,0.069164265
23,20,0
24,6,0
24,7,0.040345821
24,8,0.167146974
24,9,0.340057637
24,10,0.645533141
24,11,0.853025937
24,12,0.625360231
24,13,0.948126801
24,14,0.90778098
24,15,0.832853026
24,16,0.576368876
24,17,0.253602305
24,18,0.236311239
24,19,0.051873199
24,20,0
25,6,0
25,7,0.048991354
25,8,0.18443804
25,9,0.319884726
25,10,0.449567723
25,11,0.530259366
25,12,0.536023055
25,13,0.596541787
25,14,0.90778098
25,15,0.838616715
25,16,0.610951009
25,17,0.412103746
25,18,0.268011527
25,19,0.080691643
25,20,0
26,6,0
26,7,0.034582133
26,8,0.149855908
26,9,0.250720461
26,10,0.406340058
26,11,0.567723343
26,12,0.544668588
26,13,0.959654179
26,14,0.92795389
26,15,0.847262248
26,16,0.703170029
26,17,0.478386167
26,18,0.250720461
26,19,0.048991354
26,20,0
27,6,0
27,7,0.051873199
27,8,0.224783862
27,9,0.46685879
27,10,0.671469741
27,11,0.804034582
27,12,0.930835735
27,13,0.974063401
27,14,0.933717579
27,15,0.795389049
27,16,0.561959654
27,17,0.423631124
27,18,0.239193084
27,19,0.060518732
27,20,0
28,6,0
28,7,0.048991354
28,8,0.181556196
28,9,0.463976945
28,10,0.639769452
28,11,0.711815562
28,12,0.933717579
28,13,0.982708934
28,14,0.945244957
28,15,0.838616715
28,16,0.677233429
28,17,0.44092219
28,18,0.244956772
28,19,0.057636888
28,20,0
29,6,0
29,7,0.04610951
29,8,0.219020173
29,9,0.449567723
29,10,0.648414986
29,11,0.806916427
29,12,0.904899135
29,13,0.925072046
29,14,0.893371758
29,15,0.798270893
29,16,0.648414986
29,17,0.455331412
29,18,0.236311239
29,19,0.054755043
29,20,0
30,6,0
30,7,0.034582133
30,8,0.152737752
30,9,0.334293948
30,10,0.590778098
30,11,0.760806916
30,12,0.682997118
30,13,0.853025937
30,14,0.83573487
30,15,0.567723343
30,16,0.371757925
30,17,0.308357349
30,18,0.066282421
30,19,0.020172911
30,20,0
31,6,0
31,7,0.017291066
31,8,0.16426513
31,9,0.299711816
31,10,0.536023055
31,11,0.780979827
31,12,0.887608069
31,13,0.916426513
31,14,0.873198847
31,15,0.766570605
31,16,0.354466859
31,17,0.135446686
31,18,0.13832853
31,19,0.025936599
31,20,0
32,6,0
32,7,0.057636888
32,8,0.18443804
32,9,0.325648415
32,10,0.625360231
32,11,0.515850144
32,12,0.195965418
32,13,0.187319885
32,14,0.227665706
32,15,0.195965418
32,16,0.247838617
32,17,0.250720461
32,18,0.175792507
32,19,0.043227666
32,20,0
33,6,0
33,7,0.048991354
33,8,0.221902017
33,9,0.452449568
33,10,0.654178674
33,11,0.832853026
33,12,0.92795389
33,13,0.942363112
33,14,0.939481268
33,15,0.76945245
33,16,0.489913545
33,17,0.403458213
33,18,0.198847262
33,19,0.048991354
33,20,0
34,6,0
34,7,0.025936599
34,8,0.23054755
34,9,0.472622478
34,10,0.645533141
34,11,0.81556196
34,12,0.916426513
34,13,0.95389049
34,14,0.90778098
34,15,0.806916427
34,16,0.65129683
34,17,0.463976945
34,18,0.244956772
34,19,0.060518732
34,20,0
35,6,0
35,7,0.054755043
35,8,0.233429395
35,9,0.455331412
35,10,0.668587896
35,11,0.827089337
35,12,0.942363112
35,13,0.976945245
35,14,0.951008646
35,15,0.832853026
35,16,0.668587896
35,17,0.475504323
35,18,0.250720461
35,19,0.054755043
35,20,0
36,6,0
36,7,0.051873199
36,8,0.236311239
36,9,0.443804035
36,10,0.654178674
36,11,0.827089337
36,12,0.925072046
36,13,0.976945245
36,14,0.910662824
36,15,0.530259366
36,16,0.403458213
36,17,0.368876081
36,18,0.198847262
36,19,0.043227666
36,20,0
37,6,0
37,7,0.040345821
37,8,0.201729107
37,9,0.417867435
37,10,0.631123919
37,11,0.786743516
37,12,0.910662824
37,13,0.919308357
37,14,0.887608069
37,15,0.783861671
37,16,0.639769452
37,17,0.455331412
37,18,0.227665706
37,19,0.048991354
37,20,0
38,6,0
38,7,0.043227666
38,8,0.201729107
38,9,0.365994236
38,10,0.585014409
38,11,0.729106628
38,12,0.853025937
38,13,0.867435159
38,14,0.827089337
38,15,0.587896254
38,16,0.259365994
38,17,0.146974063
38,18,0.066282421
38,19,0.011527378
38,20,0
39,6,0
39,7,0.025936599
39,8,0.141210375
39,9,0.21037464
39,10,0.253602305
39,11,0.299711816
39,12,0.250720461
39,13,0.334293948
39,14,0.207492795
39,15,0.167146974
39,16,0.115273775
39,17,0.319884726
39,18,0.080691643
39,19,0.028818444
39,20,0
40,6,0
40,7,0.017291066
40,8,0.207492795
40,9,0.438040346
40,10,0.498559078
40,11,0.4870317
40,12,0.570605187
40,13,0.982708934
40,14,0.925072046
40,15,0.65129683
40,16,0.446685879
40,17,0.293948127
40,18,0.193083573
40,19,0.025936599
40,20,0
41,6,0
41,7,0.043227666
41,8,0.11815562
41,9,0.417867435
41,10,0.659942363
41,11,0.628242075
41,12,0.749279539
41,13,0.76945245
41,14,0.587896254
41,15,0.360230548
41,16,0.553314121
41,17,0.106628242
41,18,0.18443804
41,19,0.048991354
41,20,0
42,6,0
42,7,0.043227666
42,8,0.187319885
42,9,0.492795389
42,10,0.489913545
42,11,0.515850144
42,12,0.734870317
42,13,0.749279539
42,14,0.757925072
42,15,0.585014409
42,16,0.57925072
42,17,0.443804035
42,18,0.23054755
42,19,0.051873199
42,20,0
43,6,0
43,7,0.023054755
43,8,0.273775216
43,9,0.412103746
43,10,0.714697406
43,11,0.619596542
43,12,0.616714697
43,13,0.956772334
43,14,0.962536023
43,15,0.838616715
43,16,0.668587896
43,17,0.46685879
43,18,0.239193084
43,19,0.048991354
43,20,0
44,6,0
44,7,0.020172911
44,8,0.25648415
44,9,0.363112392
44,10,0.446685879
44,11,0.639769452
44,12,0.916426513
44,13,0.703170029
44,14,1
44,15,0.792507205
44,16,0.654178674
44,17,0.455331412
44,18,0.23054755
44,19,0.04610951
44,20,0
45,6,0
45,7,0.034582133
45,8,0.172910663
45,9,0.432276657
45,10,0.259365994
45,11,0.625360231
45,12,0.827089337
45,13,0.654178674
45,14,0.455331412
45,15,0.81556196
45,16,0.642651297
45,17,0.435158501
45,18,0.242074928
45,19,0.048991354
45,20,0
46,6,0
46,7,0.031700288
46,8,0.259365994
46,9,0.322766571
46,10,0.293948127
46,11,0.368876081
46,12,0.363112392
46,13,0.726224784
46,14,0.478386167
46,15,0.412103746
46,16,0.296829971
46,17,0.239193084
46,18,0.083573487
46,19,0.023054755
46,20,0
47,6,0
47,7,0.020172911
47,8,0.129682997
47,9,0.365994236
47,10,0.374639769
47,11,0.60518732
47,12,0.691642651
47,13,0.821325648
47,14,0.838616715
47,15,0.515850144
47,16,0.23054755
47,17,0.270893372
47,18,0.074927954
47,19,0.017291066
47,20,0
48,6,0
48,7,0.017291066
48,8,0.051873199
48,9,0.109510086
48,10,0.423631124
48,11,0.69740634
48,12,0.708933718
48,13,0.590778098
48,14,0.135446686
48,15,0.293948127
48,16,0.435158501
48,17,0.325648415
48,18,0.129682997
48,19,0.025936599
48,20,0
49,6,0
49,7,0.037463977
49,8,0.146974063
49,9,0.351585014
49,10,0.46685879
49,11,0.452449568
49,12,0.449567723
49,13,0.334293948
49,14,0.227665706
49,15,0.23054755
49,16,0.16426513
49,17,0.224783862
49,18,0.152737752
49,19,0.034582133
49,20,0
50,6,0
50,7,0.017291066
50,8,0.083573487
50,9,0.129682997
50,10,0.23054755
50,11,0.296829971
50,12,0.397694524
50,13,0.288184438
50,14,0.247838617
50,15,0.187319885
50,16,0.106628242
50,17,0.077809798
50,18,0.031700288
50,19,0.008645533
50,20,0
51,6,0
51,7,0.008645533
51,8,0.034582133
51,9,0.060518732
51,10,0.054755043
51,11,0.034582133
51,12,0.066282421
51,13,0.077809798
51,14,0.236311239
51,15,0.09221902
51,16,0.04610951
51,17,0.028818444
51,18,0.020172911
51,19,0.005763689
51,20,0
52,6,0
52,7,0.002881844
52,8,0.040345821
52,9,0.060518732
52,10,0.043227666
52,11,0.066282421
52,12,0.109510086
52,13,0.279538905
52,14,0.452449568
52,15,0.443804035
52,16,0.340057637
52,17,0.190201729
52,18,0.086455331
52,19,0.017291066
52,20,0
53,6,0
53,7,0.023054755
53,8,0.043227666
53,9,0.100864553
53,10,0.155619597
53,11,0.657060519
53,12,0.524495677
53,13,0.498559078
53,14,0.541786744
53,15,0.319884726
53,16,0.276657061
53,17,0.063400576
53,18,0.106628242
53,19,0.043227666
53,20,0
54,6,0
54,7,0.023054755
54,8,0.103746398
54,9,0.250720461
54,10,0.227665706
54,11,0.236311239
54,12,0.527377522
54,13,0.573487032
54,14,0.541786744
54,15,0.342939481
54,16,0.190201729
54,17,0.057636888
54,18,0.025936599
54,19,0.005763689
54,20,0
55,6,0
55,7,0.034582133
55,8,0.187319885
55,9,0.429394813
55,10,0.481268012
55,11,0.78962536
55,12,0.933717579
55,13,0.948126801
55,14,0.878962536
55,15,0.76945245
55,16,0.515850144
55,17,0.409221902
55,18,0.178674352
55,19,0.011527378
55,20,0
56,6,0
56,7,0.034582133
56,8,0.207492795
56,9,0.397694524
56,10,0.616714697
56,11,0.53314121
56,12,0.576368876
56,13,0.783861671
56,14,0.916426513
56,15,0.780979827
56,16,0.619596542
56,17,0.412103746
56,18,0.175792507
56,19,0.023054755
56,20,0
57,6,0
57,7,0.028818444
57,8,0.167146974
57,9,0.253602305
57,10,0.204610951
57,11,0.489913545
57,12,0.694524496
57,13,0.752161383
57,14,0.720461095
57,15,0.648414986
57,16,0.484149856
57,17,0.175792507
57,18,0.051873199
57,19,0.002881844
57,20,0
58,6,0
58,7,0.04610951
58,8,0.259365994
58,9,0.403458213
58,10,0.573487032
58,11,0.659942363
58,12,0.786743516
58,13,0.659942363
58,14,0.363112392
58,15,0.510086455
58,16,0.489913545
58,17,0.34870317
58,18,0.129682997
58,19,0.023054755
58,20,0
59,6,0
59,7,0.034582133
59,8,0.175792507
59,9,0.268011527
59,10,0.374639769
59,11,0.386167147
59,12,0.668587896
59,13,0.752161383
59,14,0.723342939
59,15,0.57925072
59,16,0.449567723
59,17,0.377521614
59,18,0.132564841
59,19,0.020172911
59,20,0
60,6,0
60,7,0.025936599
60,8,0.190201729
60,9,0.42074928
60,10,0.628242075
60,11,0.806916427
60,12,0.723342939
60,13,0.634005764
60,14,0.755043228
60,15,0.357348703
60,16,0.268011527
60,17,0.095100865
60,18,0.07204611
60,19,0.008645533
60,20,0
61,6,0
61,7,0.025936599
61,8,0.135446686
61,9,0.340057637
61,10,0.510086455
61,11,0.674351585
61,12,0.432276657
61,13,0.461095101
61,14,0.443804035
61,15,0.484149856
61,16,0.409221902
61,17,0.242074928
61,18,0.195965418
61,19,0.028818444
61,20,0
62,6,0
62,7,0.025936599
62,8,0.089337176
62,9,0.34870317
62,10,0.53314121
62,11,0.564841499
62,12,0.841498559
62,13,0.893371758
62,14,0.858789625
62,15,0.757925072
62,16,0.481268012
62,17,0.345821326
62,18,0.149855908
62,19,0.017291066
62,20,0
63,6,0
63,7,0.028818444
63,8,0.170028818
63,9,0.351585014
63,10,0.498559078
63,11,0.642651297
63,12,0.850144092
63,13,0.904899135
63,14,0.844380403
63,15,0.65129683
63,16,0.501440922
63,17,0.291066282
63,18,0.121037464
63,19,0.014409222
63,20,0
64,6,0
64,7,0.028818444
64,8,0.178674352
64,9,0.389048991
64,10,0.5129683
64,11,0.700288184
64,12,0.783861671
64,13,0.86167147
64,14,0.452449568
64,15,0.561959654
64,16,0.498559078
64,17,0.296829971
64,18,0.115273775
64,19,0.014409222
64,20,0
65,6,0
65,7,0.020172911
65,8,0.121037464
65,9,0.34870317
65,10,0.469740634
65,11,0.550432277
65,12,0.510086455
65,13,0.455331412
65,14,0.608069164
65,15,0.498559078
65,16,0.265129683
65,17,0.170028818
65,18,0.089337176
65,19,0.011527378
65,20,0
66,6,0
66,7,0.014409222
66,8,0.07204611
66,9,0.23054755
66,10,0.291066282
66,11,0.342939481
66,12,0.426512968
66,13,0.524495677
66,14,0.680115274
66,15,0.406340058
66,16,0.279538905
66,17,0.187319885
66,18,0.080691643
66,19,0.005763689
66,20,0
67,6,0
67,7,0.002881844
67,8,0.04610951
67,9,0.060518732
67,10,0.236311239
67,11,0.25648415
67,12,0.276657061
67,13,0.213256484
67,14,0.340057637
67,15,0.357348703
67,16,0.221902017
67,17,0.060518732
67,18,0.028818444
67,19,0.002881844
67,20,0
68,6,0
68,7,0.005763689
68,8,0.031700288
68,9,0.155619597
68,10,0.233429395
68,11,0.239193084
68,12,0.23054755
68,13,0.265129683
68,14,0.190201729
68,15,0.13832853
68,16,0.11815562
68,17,0.066282421
68,18,0.028818444
68,19,0.002881844
68,20,0
69,6,0
69,7,0.017291066
69,8,0.149855908
69,9,0.371757925
69,10,0.342939481
69,11,0.265129683
69,12,0.775216138
69,13,0.890489914
69,14,0.760806916
69,15,0.239193084
69,16,0.219020173
69,17,0.141210375
69,18,0.051873199
69,19,0.005763689
69,20,0
70,6,0
70,7,0.020172911
70,8,0.193083573
70,9,0.391930836
70,10,0.662824207
70,11,0.737752161
70,12,0.916426513
70,13,0.78962536
70,14,0.207492795
70,15,0.602305476
70,16,0.242074928
70,17,0.386167147
70,18,0.149855908
70,19,0.008645533
70,20,0
71,6,0
71,7,0.020172911
71,8,0.09221902
71,9,0.144092219
71,10,0.461095101
71,11,0.631123919
71,12,0.795389049
71,13,0.648414986
71,14,0.723342939
71,15,0.328530259
71,16,0.109510086
71,17,0.07204611
71,18,0.043227666
71,19,0.002881844
71,20,0
72,6,0
72,7,0.031700288
72,8,0.170028818
72,9,0.400576369
72,10,0.279538905
72,11,0.409221902
72,12,0.878962536
72,13,0.585014409
72,14,0.582132565
72,15,0.556195965
72,16,0.276657061
72,17,0.18443804
72,18,0.115273775
72,19,0.008645533
72,20,0
73,6,0
73,7,0.034582133
73,8,0.181556196
73,9,0.265129683
73,10,0.417867435
73,11,0.622478386
73,12,0.602305476
73,13,0.945244957
73,14,0.916426513
73,15,0.783861671
73,16,0.613832853
73,17,0.371757925
73,18,0.129682997
73,19,0.008645533
73,20,0
74,6,0
74,7,0.031700288
74,8,0.216138329
74,9,0.360230548
74,10,0.567723343
74,11,0.752161383
74,12,0.602305476
74,13,0.484149856
74,14,0.308357349
74,15,0.714697406
74,16,0.556195965
74,17,0.322766571
74,18,0.141210375
74,19,0.008645533
74,20,0
75,6,0
75,7,0.048991354
75,8,0.181556196
75,9,0.432276657
75,10,0.69740634
75,11,0.682997118
75,12,0.538904899
75,13,0.438040346
75,14,0.501440922
75,15,0.452449568
75,16,0.57925072
75,17,0.354466859
75,18,0.13832853
75,19,0.008645533
75,20,0
76,6,0
76,7,0.043227666
76,8,0.221902017
76,9,0.325648415
76,10,0.383285303
76,11,0.443804035
76,12,0.749279539
76,13,0.659942363
76,14,0.775216138
76,15,0.740634006
76,16,0.570605187
76,17,0.354466859
76,18,0.126801153
76,19,0.008645533
76,20,0
77,6,0
77,7,0.020172911
77,8,0.129682997
77,9,0.158501441
77,10,0.268011527
77,11,0.317002882
77,12,0.406340058
77,13,0.236311239
77,14,0.282420749
77,15,0.438040346
77,16,0.299711816
77,17,0.106628242
77,18,0.040345821
77,19,0.005763689
77,20,0
78,6,0
78,7,0.020172911
78,8,0.100864553
78,9,0.340057637
78,10,0.115273775
78,11,0.285302594
78,12,0.570605187
78,13,0.910662824
78,14,0.844380403
78,15,0.714697406
78,16,0.501440922
78,17,0.291066282
78,18,0.089337176
78,19,0.002881844
78,20,0
79,6,0
79,7,0.014409222
79,8,0.126801153
79,9,0.23054755
79,10,0.152737752
79,11,0.383285303
79,12,0.619596542
79,13,0.904899135
79,14,0.755043228
79,15,0.380403458
79,16,0.383285303
79,17,0.21037464
79,18,0.100864553
79,19,0.005763689
79,20,0
80,6,0
80,7,0.017291066
80,8,0.100864553
80,9,0.268011527
80,10,0.227665706
80,11,0.541786744
80,12,0.461095101
80,13,0.515850144
80,14,0.293948127
80,15,0.291066282
80,16,0.219020173
80,17,0.158501441
80,18,0.057636888
80,19,0.002881844
80,20,0
81,6,0
81,7,0.028818444
81,8,0.195965418
81,9,0.426512968
81,10,0.648414986
81,11,0.746397695
81,12,0.766570605
81,13,0.910662824
81,14,0.806916427
81,15,0.694524496
81,16,0.5129683
81,17,0.308357349
81,18,0.089337176
81,19,0.002881844
81,20,0
82,6,0
82,7,0.025936599
82,8,0.172910663
82,9,0.409221902
82,10,0.634005764
82,11,0.78962536
82,12,0.867435159
82,13,0.876080692
82,14,0.780979827
82,15,0.515850144
82,16,0.291066282
82,17,0.253602305
82,18,0.103746398
82,19,0.002881844
82,20,0
83,6,0
83,7,0.028818444
83,8,0.175792507
83,9,0.389048991
83,10,0.585014409
83,11,0.729106628
83,12,0.818443804
83,13,0.832853026
83,14,0.74351585
83,15,0.423631124
83,16,0.18443804
83,17,0.141210375
83,18,0.054755043
83,19,0.002881844
83,20,0
84,6,0
84,7,0.025936599
84,8,0.18443804
84,9,0.383285303
84,10,0.582132565
84,11,0.717579251
84,12,0.752161383
84,13,0.677233429
84,14,0.755043228
84,15,0.654178674
84,16,0.469740634
84,17,0.279538905
84,18,0.103746398
84,19,0.002881844
84,20,0
85,6,0
85,7,0.031700288
85,8,0.149855908
85,9,0.25648415
85,10,0.613832853
85,11,0.46685879
85,12,0.337175793
85,13,0.463976945
85,14,0.763688761
85,15,0.334293948
85,16,0.190201729
85,17,0.250720461
85,18,0.060518732
85,19,0.002881844
85,20,0
86,6,0
86,7,0.020172911
86,8,0.149855908
86,9,0.296829971
86,10,0.515850144
86,11,0.665706052
86,12,0.662824207
86,13,0.657060519
86,14,0.775216138
86,15,0.677233429
86,16,0.4870317
86,17,0.181556196
86,18,0.051873199
86,19,0.002881844
86,20,0
87,6,0
87,7,0.011527378
87,8,0.115273775
87,9,0.311239193
87,10,0.368876081
87,11,0.619596542
87,12,0.798270893
87,13,0.850144092
87,14,0.763688761
87,15,0.631123919
87,16,0.412103746
87,17,0.25648415
87,18,0.054755043
87,19,0.002881844
87,20,0
88,6,0
88,7,0.002881844
88,8,0.011527378
88,9,0.121037464
88,10,0.478386167
88,11,0.726224784
88,12,0.824207493
88,13,0.841498559
88,14,0.78962536
88,15,0.703170029
88,16,0.423631124
88,17,0.270893372
88,18,0.086455331
88,19,0.002881844
88,20,0
89,6,0
89,7,0.017291066
89,8,0.161383285
89,9,0.380403458
89,10,0.57925072
89,11,0.717579251
89,12,0.792507205
89,13,0.726224784
89,14,0.775216138
89,15,0.657060519
89,16,0.46685879
89,17,0.21037464
89,18,0.07204611
89,19,0.002881844
89,20,0
90,6,0
90,7,0.014409222
90,8,0.144092219
90,9,0.25648415
90,10,0.426512968
90,11,0.414985591
90,12,0.132564841
90,13,0.276657061
90,14,0.048991354
90,15,0.074927954
90,16,0.178674352
90,17,0.086455331
90,18,0.037463977
90,19,0.002881844
90,20,0
91,6,0
91,7,0.017291066
91,8,0.146974063
91,9,0.060518732
91,10,0.363112392
91,11,0.527377522
91,12,0.729106628
91,13,0.763688761
91,14,0.711815562
91,15,0.538904899
91,16,0.481268012
91,17,0.296829971
91,18,0.080691643
91,19,0.002881844
91,20,0
92,6,0
92,7,0.002881844
92,8,0.031700288
92,9,0.089337176
92,10,0.250720461
92,11,0.409221902
92,12,0.734870317
92,13,0.714697406
92,14,0.775216138
92,15,0.680115274
92,16,0.489913545
92,17,0.273775216
92,18,0.074927954
92,19,0
92,20,0
93,6,0
93,7,0.017291066
93,8,0.129682997
93,9,0.314121037
93,10,0.510086455
93,11,0.757925072
93,12,0.850144092
93,13,0.853025937
93,14,0.795389049
93,15,0.665706052
93,16,0.481268012
93,17,0.259365994
93,18,0.066282421
93,19,0
93,20,0
94,6,0
94,7,0.023054755
94,8,0.146974063
94,9,0.365994236
94,10,0.550432277
94,11,0.717579251
94,12,0.81556196
94,13,0.855907781
94,14,0.775216138
94,15,0.435158501
94,16,0.253602305
94,17,0.121037464
94,18,0.043227666
94,19,0
94,20,0
95,6,0
95,7,0.011527378
95,8,0.077809798
95,9,0.198847262
95,10,0.334293948
95,11,0.368876081
95,12,0.288184438
95,13,0.766570605
95,14,0.737752161
95,15,0.622478386
95,16,0.463976945
95,17,0.259365994
95,18,0.051873199
95,19,0
95,20,0
96,6,0
96,7,0.025936599
96,8,0.112391931
96,9,0.34870317
96,10,0.567723343
96,11,0.729106628
96,12,0.720461095
96,13,0.389048991
96,14,0.253602305
96,15,0.233429395
96,16,0.146974063
96,17,0.063400576
96,18,0.023054755
96,19,0
96,20,0
97,6,0
97,7,0.020172911
97,8,0.11815562
97,9,0.221902017
97,10,0.374639769
97,11,0.703170029
97,12,0.81556196
97,13,0.821325648
97,14,0.634005764
97,15,0.582132565
97,16,0.458213256
97,17,0.233429395
97,18,0.054755043
97,19,0
97,20,0
98,6,0
98,7,0.014409222
98,8,0.097982709
98,9,0.305475504
98,10,0.5129683
98,11,0.576368876
98,12,0.74351585
98,13,0.608069164
98,14,0.634005764
98,15,0.417867435
98,16,0.39481268
98,17,0.227665706
98,18,0.051873199
98,19,0
98,20,0
99,6,0
99,7,0.023054755
99,8,0.167146974
99,9,0.377521614
99,10,0.573487032
99,11,0.723342939
99,12,0.809798271
99,13,0.832853026
99,14,0.760806916
99,15,0.65129683
99,16,0.452449568
99,17,0.23054755
99,18,0.057636888
99,19,0
99,20,0
100,6,0
100,7,0.020172911
100,8,0.129682997
100,9,0.354466859
100,10,0.541786744
100,11,0.622478386
100,12,0.726224784
100,13,0.57925072
100,14,0.613832853
100,15,0.576368876
100,16,0.262247839
100,17,0.13832853
100,18,0.031700288
100,19,0
100,20,0
101,6,0
101,7,0.020172911
101,8,0.155619597
101,9,0.351585014
101,10,0.544668588
101,11,0.706051873
101,12,0.795389049
101,13,0.821325648
101,14,0.731988473
101,15,0.628242075
101,16,0.400576369
101,17,0.181556196
101,18,0.040345821
101,19,0
101,20,0
102,6,0
102,7,0.017291066
102,8,0.146974063
102,9,0.342939481
102,10,0.541786744
102,11,0.674351585
102,12,0.766570605
102,13,0.746397695
102,14,0.642651297
102,15,0.585014409
102,16,0.386167147
102,17,0.155619597
102,18,0.034582133
102,19,0
102,20,0
103,6,0
103,7,0.017291066
103,8,0.132564841
103,9,0.262247839
103,10,0.501440922
103,11,0.677233429
103,12,0.74351585
103,13,0.587896254
103,14,0.622478386
103,15,0.296829971
103,16,0.149855908
103,17,0.121037464
103,18,0.034582133
103,19,0
103,20,0
104,6,0
104,7,0
104,8,0.014409222
104,9,0.161383285
104,10,0.233429395
104,11,0.201729107
104,12,0.446685879
104,13,0.564841499
104,14,0.4870317
104,15,0.268011527
104,16,0.21037464
104,17,0.103746398
104,18,0.040345821
104,19,0
104,20,0
105,6,0
105,7,0.017291066
105,8,0.144092219
105,9,0.219020173
105,10,0.504322767
105,11,0.674351585
105,12,0.703170029
105,13,0.556195965
105,14,0.665706052
105,15,0.556195965
105,16,0.391930836
105,17,0.187319885
105,18,0.034582133
105,19,0
105,20,0
106,6,0
106,7,0.011527378
106,8,0.112391931
106,9,0.345821326
106,10,0.458213256
106,11,0.680115274
106,12,0.763688761
106,13,0.731988473
106,14,0.547550432
106,15,0.541786744
106,16,0.311239193
106,17,0.146974063
106,18,0.028818444
106,19,0
106,20,0
107,6,0
107,7,0.011527378
107,8,0.07204611
107,9,0.276657061
107,10,0.469740634
107,11,0.573487032
107,12,0.625360231
107,13,0.622478386
107,14,0.680115274
107,15,0.57925072
107,16,0.34870317
107,17,0.167146974
107,18,0.034582133
107,19,0
107,20,0
108,6,0
108,7,0.011527378
108,8,0.100864553
108,9,0.374639769
108,10,0.587896254
108,11,0.749279539
108,12,0.821325648
108,13,0.832853026
108,14,0.780979827
108,15,0.639769452
108,16,0.452449568
108,17,0.221902017
108,18,0.043227666
108,19,0
108,20,0
109,6,0
109,7,0.014409222
109,8,0.126801153
109,9,0.233429395
109,10,0.342939481
109,11,0.587896254
109,12,0.81556196
109,13,0.801152738
109,14,0.737752161
109,15,0.417867435
109,16,0.250720461
109,17,0.16426513
109,18,0.020172911
109,19,0
109,20,0
110,6,0
110,7,0.011527378
110,8,0.083573487
110,9,0.342939481
110,10,0.550432277
110,11,0.714697406
110,12,0.772334294
110,13,0.812680115
110,14,0.729106628
110,15,0.582132565
110,16,0.397694524
110,17,0.21037464
110,18,0.043227666
110,19,0
110,20,0
111,6,0
111,7,0.014409222
111,8,0.161383285
111,9,0.342939481
111,10,0.507204611
111,11,0.694524496
111,12,0.780979827
111,13,0.806916427
111,14,0.74351585
111,15,0.616714697
111,16,0.429394813
111,17,0.213256484
111,18,0.040345821
111,19,0
111,20,0
112,6,0
112,7,0.017291066
112,8,0.16426513
112,9,0.383285303
112,10,0.596541787
112,11,0.74351585
112,12,0.832853026
112,13,0.844380403
112,14,0.780979827
112,15,0.645533141
112,16,0.449567723
112,17,0.224783862
112,18,0.043227666
112,19,0
112,20,0
113,6,0
113,7,0.017291066
113,8,0.155619597
113,9,0.363112392
113,10,0.567723343
113,11,0.711815562
113,12,0.786743516
113,13,0.81556196
113,14,0.760806916
113,15,0.625360231
113,16,0.432276657
113,17,0.219020173
113,18,0.040345821
113,19,0
113,20,0
114,6,0
114,7,0.014409222
114,8,0.146974063
114,9,0.374639769
114,10,0.570605187
114,11,0.688760807
114,12,0.132564841
114,13,0.81556196
114,14,0.740634006
114,15,0.599423631
114,16,0.400576369
114,17,0.195965418
114,18,0.037463977
114,19,0
114,20,0
115,6,0
115,7,0.011527378
115,8,0.132564841
115,9,0.328530259
115,10,0.518731988
115,11,0.657060519
115,12,0.729106628
115,13,0.740634006
115,14,0.685878963
115,15,0.541786744
115,16,0.345821326
115,17,0.16426513
115,18,0.025936599
115,19,0
115,20,0
116,6,0
116,7,0.011527378
116,8,0.112391931
116,9,0.299711816
116,10,0.510086455
116,11,0.659942363
116,12,0.734870317
116,13,0.757925072
116,14,0.703170029
116,15,0.570605187
116,16,0.380403458
116,17,0.175792507
116,18,0.031700288
116,19,0
116,20,0
117,6,0
117,7,0.011527378
117,8,0.135446686
117,9,0.334293948
117,10,0.53314121
117,11,0.668587896
117,12,0.74351585
117,13,0.757925072
117,14,0.69740634
117,15,0.570605187
117,16,0.386167147
117,17,0.178674352
117,18,0.028818444
117,19,0
117,20,0
118,6,0
118,7,0.011527378
118,8,0.126801153
118,9,0.23054755
118,10,0.469740634
118,11,0.57925072
118,12,0.809798271
118,13,0.731988473
118,14,0.501440922
118,15,0.374639769
118,16,0.207492795
118,17,0.106628242
118,18,0.020172911
118,19,0
118,20,0
119,6,0
119,7,0.008645533
119,8,0.069164265
119,9,0.144092219
119,10,0.262247839
119,11,0.288184438
119,12,0.515850144
119,13,0.5129683
119,14,0.507204611
119,15,0.576368876
119,16,0.299711816
119,17,0.112391931
119,18,0.017291066
119,19,0
119,20,0
120,6,0
120,7,0.008645533
120,8,0.106628242
120,9,0.305475504
120,10,0.461095101
120,11,0.538904899
120,12,0.639769452
120,13,0.677233429
120,14,0.636887608
120,15,0.541786744
120,16,0.357348703
120,17,0.161383285
120,18,0.025936599
120,19,0
120,20,0
121,6,0
121,7,0.011527378
121,8,0.132564841
121,9,0.328530259
121,10,0.521613833
121,11,0.682997118
121,12,0.766570605
121,13,0.795389049
121,14,0.720461095
121,15,0.541786744
121,16,0.435158501
121,17,0.167146974
121,18,0.023054755
121,19,0
121,20,0
122,6,0
122,7,0.008645533
122,8,0.063400576
122,9,0.239193084
122,10,0.507204611
122,11,0.665706052
122,12,0.720461095
122,13,0.760806916
122,14,0.69740634
122,15,0.57925072
122,16,0.391930836
122,17,0.170028818
122,18,0.023054755
122,19,0
122,20,0
123,6,0
123,7,0.008645533
123,8,0.077809798
123,9,0.190201729
123,10,0.386167147
123,11,0.674351585
123,12,0.763688761
123,13,0.786743516
123,14,0.720461095
123,15,0.57925072
123,16,0.397694524
123,17,0.190201729
123,18,0.028818444
123,19,0
123,20,0
124,6,0
124,7,0.008645533
124,8,0.123919308
124,9,0.322766571
124,10,0.556195965
124,11,0.668587896
124,12,0.757925072
124,13,0.76945245
124,14,0.700288184
124,15,0.570605187
124,16,0.397694524
124,17,0.181556196
124,18,0.028818444
124,19,0
124,20,0
125,6,0
125,7,0.008645533
125,8,0.123919308
125,9,0.317002882
125,10,0.515850144
125,11,0.662824207
125,12,0.746397695
125,13,0.760806916
125,14,0.682997118
125,15,0.547550432
125,16,0.360230548
125,17,0.161383285
125,18,0.023054755
125,19,0
125,20,0
126,6,0
126,7,0.008645533
126,8,0.115273775
126,9,0.305475504
126,10,0.518731988
126,11,0.665706052
126,12,0.746397695
126,13,0.760806916
126,14,0.706051873
126,15,0.576368876
126,16,0.386167147
126,17,0.178674352
126,18,0.025936599
126,19,0
126,20,0
127,6,0
127,7,0.005763689
127,8,0.100864553
127,9,0.253602305
127,10,0.270893372
127,11,0.5129683
127,12,0.740634006
127,13,0.760806916
127,14,0.703170029
127,15,0.564841499
127,16,0.371757925
127,17,0.178674352
127,18,0.023054755
127,19,0
127,20,0
128,6,0
128,7,0.005763689
128,8,0.089337176
128,9,0.224783862
128,10,0.265129683
128,11,0.593659942
128,12,0.654178674
128,13,0.567723343
128,14,0.518731988
128,15,0.541786744
128,16,0.360230548
128,17,0.149855908
128,18,0.017291066
128,19,0
128,20,0
129,6,0
129,7,0.005763689
129,8,0.089337176
129,9,0.262247839
129,10,0.291066282
129,11,0.625360231
129,12,0.550432277
129,13,0.4870317
129,14,0.636887608
129,15,0.55907781
129,16,0.374639769
129,17,0.172910663
129,18,0.023054755
129,19,0
129,20,0
130,6,0
130,7,0.005763689
130,8,0.09221902
130,9,0.265129683
130,10,0.397694524
130,11,0.46685879
130,12,0.518731988
130,13,0.253602305
130,14,0.103746398
130,15,0.014409222
130,16,0.020172911
130,17,0.017291066
130,18,0.005763689
130,19,0
130,20,0
131,6,0
131,7,0.002881844
131,8,0.031700288
131,9,0.132564841
131,10,0.247838617
131,11,0.60518732
131,12,0.749279539
131,13,0.766570605
131,14,0.694524496
131,15,0.585014409
131,16,0.391930836
131,17,0.175792507
131,18,0.023054755
131,19,0
131,20,0
132,6,0
132,7,0.008645533
132,8,0.132564841
132,9,0.351585014
132,10,0.561959654
132,11,0.717579251
132,12,0.801152738
132,13,0.806916427
132,14,0.731988473
132,15,0.60518732
132,16,0.414985591
132,17,0.190201729
132,18,0.025936599
132,19,0
132,20,0
133,6,0
133,7,0.005763689
133,8,0.126801153
133,9,0.334293948
133,10,0.524495677
133,11,0.685878963
133,12,0.763688761
133,13,0.772334294
133,14,0.706051873
133,15,0.567723343
133,16,0.391930836
133,17,0.178674352
133,18,0.023054755
133,19,0
133,20,0
134,6,0
134,7,0.005763689
134,8,0.09221902
134,9,0.305475504
134,10,0.524495677
134,11,0.65129683
134,12,0.714697406
134,13,0.74351585
134,14,0.665706052
134,15,0.527377522
134,16,0.328530259
134,17,0.13832853
134,18,0.017291066
134,19,0
134,20,0
135,6,0
135,7,0.005763689
135,8,0.106628242
135,9,0.296829971
135,10,0.489913545
135,11,0.631123919
135,12,0.711815562
135,13,0.731988473
135,14,0.65129683
135,15,0.515850144
135,16,0.340057637
135,17,0.149855908
135,18,0.014409222
135,19,0
135,20,0
136,6,0
136,7,0.002881844
136,8,0.04610951
136,9,0.112391931
136,10,0.126801153
136,11,0.152737752
136,12,0.13832853
136,13,0.095100865
136,14,0.043227666
136,15,0.051873199
136,16,0.037463977
136,17,0.025936599
136,18,0.008645533
136,19,0
136,20,0
137,6,0
137,7,0.005763689
137,8,0.057636888
137,9,0.100864553
137,10,0.21037464
137,11,0.193083573
137,12,0.406340058
137,13,0.521613833
137,14,0.244956772
137,15,0.311239193
137,16,0.244956772
137,17,0.086455331
137,18,0.008645533
137,19,0
137,20,0
138,6,0
138,7,0.002881844
138,8,0.037463977
138,9,0.057636888
138,10,0.360230548
138,11,0.668587896
138,12,0.625360231
138,13,0.69740634
138,14,0.610951009
138,15,0.481268012
138,16,0.276657061
138,17,0.112391931
138,18,0.011527378
138,19,0
138,20,0
139,6,0
139,7,0.002881844
139,8,0.089337176
139,9,0.268011527
139,10,0.452449568
139,11,0.587896254
139,12,0.688760807
139,13,0.685878963
139,14,0.628242075
139,15,0.498559078
139,16,0.319884726
139,17,0.135446686
139,18,0.017291066
139,19,0
139,20,0
140,6,0
140,7,0.002881844
140,8,0.100864553
140,9,0.227665706
140,10,0.325648415
140,11,0.613832853
140,12,0.636887608
140,13,0.521613833
140,14,0.602305476
140,15,0.317002882
140,16,0.380403458
140,17,0.146974063
140,18,0.023054755
140,19,0
140,20,0
141,6,0
141,7,0.002881844
141,8,0.063400576
141,9,0.152737752
141,10,0.397694524
141,11,0.619596542
141,12,0.69740634
141,13,0.700288184
141,14,0.631123919
141,15,0.504322767
141,16,0.337175793
141,17,0.13832853
141,18,0.017291066
141,19,0
141,20,0
142,6,0
142,7,0.002881844
142,8,0.074927954
142,9,0.236311239
142,10,0.414985591
142,11,0.538904899
142,12,0.636887608
142,13,0.662824207
142,14,0.553314121
142,15,0.4870317
142,16,0.305475504
142,17,0.129682997
142,18,0.014409222
142,19,0
142,20,0
143,6,0
143,7,0.002881844
143,8,0.115273775
143,9,0.270893372
143,10,0.446685879
143,11,0.616714697
143,12,0.619596542
143,13,0.706051873
143,14,0.648414986
143,15,0.527377522
143,16,0.34870317
143,17,0.152737752
143,18,0.017291066
143,19,0
143,20,0
144,6,0
144,7,0.002881844
144,8,0.057636888
144,9,0.233429395
144,10,0.44092219
144,11,0.596541787
144,12,0.46685879
144,13,0.553314121
144,14,0.610951009
144,15,0.354466859
144,16,0.112391931
144,17,0.051873199
144,18,0.005763689
144,19,0
144,20,0
145,6,0
145,7,0.002881844
145,8,0.069164265
145,9,0.219020173
145,10,0.400576369
145,11,0.5129683
145,12,0.567723343
145,13,0.622478386
145,14,0.587896254
145,15,0.469740634
145,16,0.305475504
145,17,0.129682997
145,18,0.014409222
145,19,0
145,20,0
146,6,0
146,7,0.002881844
146,8,0.080691643
146,9,0.259365994
146,10,0.435158501
146,11,0.567723343
146,12,0.636887608
146,13,0.65129683
146,14,0.593659942
146,15,0.455331412
146,16,0.288184438
146,17,0.11815562
146,18,0.014409222
146,19,0
146,20,0
147,6,0
147,7,0.002881844
147,8,0.077809798
147,9,0.253602305
147,10,0.449567723
147,11,0.602305476
147,12,0.806916427
147,13,0.798270893
147,14,0.622478386
147,15,0.389048991
147,16,0.403458213
147,17,0.095100865
147,18,0.014409222
147,19,0
147,20,0
148,6,0
148,7,0.002881844
148,8,0.074927954
148,9,0.242074928
148,10,0.42074928
148,11,0.561959654
148,12,0.654178674
148,13,0.674351585
148,14,0.602305476
148,15,0.475504323
148,16,0.299711816
148,17,0.11815562
148,18,0.014409222
148,19,0
148,20,0
149,6,0
149,7,0.002881844
149,8,0.074927954
149,9,0.250720461
149,10,0.423631124
149,11,0.550432277
149,12,0.631123919
149,13,0.657060519
149,14,0.610951009
149,15,0.510086455
149,16,0.331412104
149,17,0.13832853
149,18,0.017291066
149,19,0
149,20,0
150,6,0
150,7,0.002881844
150,8,0.07204611
150,9,0.233429395
150,10,0.417867435
150,11,0.570605187
150,12,0.668587896
150,13,0.694524496
150,14,0.622478386
150,15,0.475504323
150,16,0.299711816
150,17,0.123919308
150,18,0.014409222
150,19,0
150,20,0
151,6,0
151,7,0
151,8,0.054755043
151,9,0.149855908
151,10,0.360230548
151,11,0.351585014
151,12,0.383285303
151,13,0.501440922
151,14,0.60518732
151,15,0.449567723
151,16,0.291066282
151,17,0.129682997
151,18,0.014409222
151,19,0
151,20,0
152,6,0
152,7,0
152,8,0.066282421
152,9,0.201729107
152,10,0.363112392
152,11,0.515850144
152,12,0.616714697
152,13,0.628242075
152,14,0.599423631
152,15,0.46685879
152,16,0.293948127
152,17,0.126801153
152,18,0.014409222
152,19,0
152,20,0
153,6,0
153,7,0
153,8,0.066282421
153,9,0.239193084
153,10,0.426512968
153,11,0.570605187
153,12,0.65129683
153,13,0.648414986
153,14,0.544668588
153,15,0.432276657
153,16,0.273775216
153,17,0.106628242
153,18,0.014409222
153,19,0
153,20,0
154,6,0
154,7,0
154,8,0.048991354
154,9,0.146974063
154,10,0.340057637
154,11,0.371757925
154,12,0.461095101
154,13,0.645533141
154,14,0.484149856
154,15,0.279538905
154,16,0.112391931
154,17,0.040345821
154,18,0.005763689
154,19,0
154,20,0
155,6,0
155,7,0
155,8,0.043227666
155,9,0.193083573
155,10,0.400576369
155,11,0.570605187
155,12,0.458213256
155,13,0.628242075
155,14,0.613832853
155,15,0.492795389
155,16,0.314121037
155,17,0.13832853
155,18,0.014409222
155,19,0
155,20,0
156,6,0
156,7,0
156,8,0.063400576
156,9,0.233429395
156,10,0.432276657
156,11,0.582132565
156,12,0.671469741
156,13,0.691642651
156,14,0.639769452
156,15,0.518731988
156,16,0.34870317
156,17,0.155619597
156,18,0.020172911
156,19,0
156,20,0
157,6,0
157,7,0
157,8,0.063400576
157,9,0.242074928
157,10,0.435158501
157,11,0.585014409
157,12,0.631123919
157,13,0.740634006
157,14,0.547550432
157,15,0.409221902
157,16,0.357348703
157,17,0.158501441
157,18,0.020172911
157,19,0
157,20,0
158,6,0
158,7,0
158,8,0.025936599
158,9,0.100864553
158,10,0.270893372
158,11,0.507204611
158,12,0.662824207
158,13,0.674351585
158,14,0.634005764
158,15,0.521613833
158,16,0.351585014
158,17,0.16426513
158,18,0.020172911
158,19,0
158,20,0
159,6,0
159,7,0
159,8,0.074927954
159,9,0.11815562
159,10,0.360230548
159,11,0.305475504
159,12,0.481268012
159,13,0.463976945
159,14,0.391930836
159,15,0.319884726
159,16,0.161383285
159,17,0.086455331
159,18,0.008645533
159,19,0
159,20,0
160,6,0
160,7,0
160,8,0.054755043
160,9,0.190201729
160,10,0.308357349
160,11,0.391930836
160,12,0.317002882
160,13,0.34870317
160,14,0.608069164
160,15,0.510086455
160,16,0.345821326
160,17,0.152737752
160,18,0.020172911
160,19,0
160,20,0
161,6,0
161,7,0
161,8,0.043227666
161,9,0.144092219
161,10,0.363112392
161,11,0.469740634
161,12,0.536023055
161,13,0.593659942
161,14,0.547550432
161,15,0.412103746
161,16,0.187319885
161,17,0.11815562
161,18,0.014409222
161,19,0
161,20,0
162,6,0
162,7,0
162,8,0.034582133
162,9,0.146974063
162,10,0.30259366
162,11,0.478386167
162,12,0.553314121
162,13,0.602305476
162,14,0.507204611
162,15,0.340057637
162,16,0.259365994
162,17,0.109510086
162,18,0.014409222
162,19,0
162,20,0
163,6,0
163,7,0
163,8,0.034582133
163,9,0.13832853
163,10,0.221902017
163,11,0.293948127
163,12,0.409221902
163,13,0.374639769
163,14,0.504322767
163,15,0.270893372
163,16,0.161383285
163,17,0.07204611
163,18,0.014409222
163,19,0
163,20,0
164,6,0
164,7,0
164,8,0.040345821
164,9,0.161383285
164,10,0.282420749
164,11,0.495677233
164,12,0.599423631
164,13,0.524495677
164,14,0.541786744
164,15,0.46685879
164,16,0.308357349
164,17,0.132564841
164,18,0.017291066
164,19,0
164,20,0
165,6,0
165,7,0
165,8,0.020172911
165,9,0.09221902
165,10,0.112391931
165,11,0.086455331
165,12,0.066282421
165,13,0.057636888
165,14,0.060518732
165,15,0.106628242
165,16,0.227665706
165,17,0.13832853
165,18,0.017291066
165,19,0
165,20,0
166,6,0
166,7,0
166,8,0.008645533
166,9,0.04610951
166,10,0.083573487
166,11,0.201729107
166,12,0.489913545
166,13,0.639769452
166,14,0.593659942
166,15,0.221902017
166,16,0.04610951
166,17,0.028818444
166,18,0.002881844
166,19,0
166,20,0
167,6,0
167,7,0
167,8,0.020172911
167,9,0.040345821
167,10,0.121037464
167,11,0.172910663
167,12,0.489913545
167,13,0.276657061
167,14,0.204610951
167,15,0.155619597
167,16,0.115273775
167,17,0.095100865
167,18,0.017291066
167,19,0
167,20,0
168,6,0
168,7,0
168,8,0.034582133
168,9,0.135446686
168,10,0.265129683
168,11,0.481268012
168,12,0.703170029
168,13,0.734870317
168,14,0.708933718
168,15,0.510086455
168,16,0.345821326
168,17,0.172910663
168,18,0.020172911
168,19,0
168,20,0
169,6,0
169,7,0
169,8,0.051873199
169,9,0.219020173
169,10,0.414985591
169,11,0.576368876
169,12,0.677233429
169,13,0.706051873
169,14,0.680115274
169,15,0.55907781
169,16,0.365994236
169,17,0.158501441
169,18,0.020172911
169,19,0
169,20,0
170,6,0
170,7,0
170,8,0.034582133
170,9,0.198847262
170,10,0.397694524
170,11,0.553314121
170,12,0.659942363
170,13,0.665706052
170,14,0.585014409
170,15,0.472622478
170,16,0.374639769
170,17,0.178674352
170,18,0.028818444
170,19,0
170,20,0
171,6,0
171,7,0
171,8,0.028818444
171,9,0.086455331
171,10,0.39481268
171,11,0.625360231
171,12,0.556195965
171,13,0.455331412
171,14,0.654178674
171,15,0.452449568
171,16,0.265129683
171,17,0.149855908
171,18,0.028818444
171,19,0
171,20,0
172,6,0
172,7,0
172,8,0.028818444
172,9,0.244956772
172,10,0.314121037
172,11,0.23054755
172,12,0.216138329
172,13,0.239193084
172,14,0.308357349
172,15,0.337175793
172,16,0.334293948
172,17,0.204610951
172,18,0.028818444
172,19,0
172,20,0
173,6,0
173,7,0
173,8,0.048991354
173,9,0.23054755
173,10,0.42074928
173,11,0.564841499
173,12,0.662824207
173,13,0.726224784
173,14,0.677233429
173,15,0.550432277
173,16,0.374639769
173,17,0.172910663
173,18,0.025936599
173,19,0
173,20,0
174,6,0
174,7,0
174,8,0
174,9,0.011527378
174,10,0.011527378
174,11,0.149855908
174,12,0.426512968
174,13,0.553314121
174,14,0.53314121
174,15,0.446685879
174,16,0.363112392
174,17,0.16426513
174,18,0.028818444
174,19,0
174,20,0
175,6,0
175,7,0
175,8,0.011527378
175,9,0.063400576
175,10,0.144092219
175,11,0.236311239
175,12,0.299711816
175,13,0.282420749
175,14,0.227665706
175,15,0.221902017
175,16,0.103746398
175,17,0.04610951
175,18,0.005763689
175,19,0
175,20,0
176,6,0
176,7,0
176,8,0.023054755
176,9,0.100864553
176,10,0.16426513
176,11,0.233429395
176,12,0.317002882
176,13,0.374639769
176,14,0.383285303
176,15,0.172910663
176,16,0.106628242
176,17,0.034582133
176,18,0.011527378
176,19,0
176,20,0
177,6,0
177,7,0
177,8,0.005763689
177,9,0.040345821
177,10,0.106628242
177,11,0.083573487
177,12,0.09221902
177,13,0.103746398
177,14,0.109510086
177,15,0.077809798
177,16,0.04610951
177,17,0.008645533
177,18,0
177,19,0
177,20,0
178,6,0
178,7,0
178,8,0.002881844
178,9,0.011527378
178,10,0.020172911
178,11,0.037463977
178,12,0.04610951
178,13,0.060518732
178,14,0.09221902
178,15,0.054755043
178,16,0.09221902
178,17,0.037463977
178,18,0.002881844
178,19,0
178,20,0
179,6,0
179,7,0
179,8,0.025936599
179,9,0.089337176
179,10,0.190201729
179,11,0.268011527
179,12,0.221902017
179,13,0.262247839
179,14,0.270893372
179,15,0.152737752
179,16,0.077809798
179,17,0.060518732
179,18,0.005763689
179,19,0
179,20,0
180,6,0
180,7,0
180,8,0.017291066
180,9,0.097982709
180,10,0.121037464
180,11,0.170028818
180,12,0.268011527
180,13,0.510086455
180,14,0.259365994
180,15,0.221902017
180,16,0.109510086
180,17,0.07204611
180,18,0.017291066
180,19,0
180,20,0
181,6,0
181,7,0
181,8,0.005763689
181,9,0.025936599
181,10,0.089337176
181,11,0.216138329
181,12,0.100864553
181,13,0.095100865
181,14,0.051873199
181,15,0.089337176
181,16,0.04610951
181,17,0.04610951
181,18,0.014409222
181,19,0
181,20,0
182,6,0
182,7,0
182,8,0.011527378
182,9,0.043227666
182,10,0.181556196
182,11,0.224783862
182,12,0.334293948
182,13,0.671469741
182,14,0.599423631
182,15,0.530259366
182,16,0.259365994
182,17,0.020172911
182,18,0.005763689
182,19,0
182,20,0
183,6,0
183,7,0
183,8,0.043227666
183,9,0.216138329
183,10,0.412103746
183,11,0.553314121
183,12,0.639769452
183,13,0.677233429
183,14,0.642651297
183,15,0.518731988
183,16,0.360230548
183,17,0.167146974
183,18,0.025936599
183,19,0
183,20,0
184,6,0
184,7,0
184,8,0.031700288
184,9,0.129682997
184,10,0.368876081
184,11,0.564841499
184,12,0.668587896
184,13,0.703170029
184,14,0.662824207
184,15,0.556195965
184,16,0.389048991
184,17,0.193083573
184,18,0.031700288
184,19,0
184,20,0
185,6,0
185,7,0
185,8,0.037463977
185,9,0.190201729
185,10,0.368876081
185,11,0.515850144
185,12,0.590778098
185,13,0.65129683
185,14,0.616714697
185,15,0.515850144
185,16,0.371757925
185,17,0.193083573
185,18,0.034582133
185,19,0
185,20,0
186,6,0
186,7,0
186,8,0.034582133
186,9,0.132564841
186,10,0.288184438
186,11,0.538904899
186,12,0.677233429
186,13,0.674351585
186,14,0.561959654
186,15,0.504322767
186,16,0.363112392
186,17,0.204610951
186,18,0.037463977
186,19,0
186,20,0
187,6,0
187,7,0
187,8,0.040345821
187,9,0.195965418
187,10,0.383285303
187,11,0.39481268
187,12,0.599423631
187,13,0.60518732
187,14,0.443804035
187,15,0.397694524
187,16,0.253602305
187,17,0.103746398
187,18,0.014409222
187,19,0
187,20,0
188,6,0
188,7,0
188,8,0.020172911
188,9,0.069164265
188,10,0.23054755
188,11,0.296829971
188,12,0.368876081
188,13,0.406340058
188,14,0.469740634
188,15,0.377521614
188,16,0.374639769
188,17,0.195965418
188,18,0.023054755
188,19,0
188,20,0
189,6,0
189,7,0
189,8,0.017291066
189,9,0.060518732
189,10,0.126801153
189,11,0.233429395
189,12,0.30259366
189,13,0.334293948
189,14,0.242074928
189,15,0.233429395
189,16,0.247838617
189,17,0.112391931
189,18,0.020172911
189,19,0
189,20,0
190,6,0
190,7,0
190,8,0.025936599
190,9,0.077809798
190,10,0.190201729
190,11,0.221902017
190,12,0.213256484
190,13,0.219020173
190,14,0.244956772
190,15,0.158501441
190,16,0.201729107
190,17,0.239193084
190,18,0.034582133
190,19,0
190,20,0
191,6,0
191,7,0
191,8,0.011527378
191,9,0.074927954
191,10,0.132564841
191,11,0.135446686
191,12,0.207492795
191,13,0.239193084
191,14,0.262247839
191,15,0.288184438
191,16,0.276657061
191,17,0.129682997
191,18,0.031700288
191,19,0
191,20,0
192,6,0
192,7,0
192,8,0.037463977
192,9,0.201729107
192,10,0.397694524
192,11,0.553314121
192,12,0.60518732
192,13,0.648414986
192,14,0.527377522
192,15,0.400576369
192,16,0.340057637
192,17,0.181556196
192,18,0.051873199
192,19,0
192,20,0
193,6,0
193,7,0
193,8,0.040345821
193,9,0.181556196
193,10,0.39481268
193,11,0.530259366
193,12,0.602305476
193,13,0.570605187
193,14,0.46685879
193,15,0.409221902
193,16,0.247838617
193,17,0.074927954
193,18,0.028818444
193,19,0
193,20,0
194,6,0
194,7,0
194,8,0.028818444
194,9,0.083573487
194,10,0.07204611
194,11,0.069164265
194,12,0.100864553
194,13,0.149855908
194,14,0.285302594
194,15,0.063400576
194,16,0.043227666
194,17,0.023054755
194,18,0.014409222
194,19,0
194,20,0
195,6,0
195,7,0
195,8,0.014409222
195,9,0.09221902
195,10,0.224783862
195,11,0.391930836
195,12,0.564841499
195,13,0.608069164
195,14,0.527377522
195,15,0.374639769
195,16,0.293948127
195,17,0.161383285
195,18,0.031700288
195,19,0
195,20,0
196,6,0
196,7,0
196,8,0.017291066
196,9,0.054755043
196,10,0.149855908
196,11,0.115273775
196,12,0.187319885
196,13,0.155619597
196,14,0.213256484
196,15,0.158501441
196,16,0.126801153
196,17,0.069164265
196,18,0.008645533
196,19,0
196,20,0
197,6,0
197,7,0
197,8,0.002881844
197,9,0.025936599
197,10,0.126801153
197,11,0.11815562
197,12,0.115273775
197,13,0.051873199
197,14,0.028818444
197,15,0.028818444
197,16,0.028818444
197,17,0.028818444
197,18,0.005763689
197,19,0
197,20,0
198,6,0
198,7,0
198,8,0
198,9,0.017291066
198,10,0.017291066
198,11,0.037463977
198,12,0.04610951
198,13,0.054755043
198,14,0.048991354
198,15,0.051873199
198,16,0.040345821
198,17,0.028818444
198,18,0.005763689
198,19,0
198,20,0
199,6,0
199,7,0
199,8,0.020172911
199,9,0.135446686
199,10,0.213256484
199,11,0.484149856
199,12,0.665706052
199,13,0.723342939
199,14,0.694524496
199,15,0.585014409
199,16,0.426512968
199,17,0.224783862
199,18,0.051873199
199,19,0
199,20,0
200,6,0
200,7,0
200,8,0.008645533
200,9,0.028818444
200,10,0.051873199
200,11,0.060518732
200,12,0.083573487
200,13,0.080691643
200,14,0.083573487
200,15,0.054755043
200,16,0.031700288
200,17,0.014409222
200,18,0.002881844
200,19,0
200,20,0
201,6,0
201,7,0
201,8,0.005763689
201,9,0.025936599
201,10,0.043227666
201,11,0.060518732
201,12,0.132564841
201,13,0.100864553
201,14,0.112391931
201,15,0.115273775
201,16,0.077809798
201,17,0.051873199
201,18,0.011527378
201,19,0
201,20,0
202,6,0
202,7,0
202,8,0.008645533
202,9,0.034582133
202,10,0.077809798
202,11,0.18443804
202,12,0.207492795
202,13,0.221902017
202,14,0.328530259
202,15,0.368876081
202,16,0.152737752
202,17,0.060518732
202,18,0.011527378
202,19,0
202,20,0
203,6,0
203,7,0
203,8,0.014409222
203,9,0.028818444
203,10,0.04610951
203,11,0.07204611
203,12,0.097982709
203,13,0.146974063
203,14,0.112391931
203,15,0.103746398
203,16,0.063400576
203,17,0.028818444
203,18,0.005763689
203,19,0
203,20,0
204,6,0
204,7,0
204,8,0.002881844
204,9,0.028818444
204,10,0.09221902
204,11,0.16426513
204,12,0.13832853
204,13,0.126801153
204,14,0.201729107
204,15,0.175792507
204,16,0.077809798
204,17,0.048991354
204,18,0.023054755
204,19,0
204,20,0
205,6,0
205,7,0
205,8,0.002881844
205,9,0.025936599
205,10,0.048991354
205,11,0.11815562
205,12,0.204610951
205,13,0.09221902
205,14,0.149855908
205,15,0.204610951
205,16,0.115273775
205,17,0.060518732
205,18,0.008645533
205,19,0
205,20,0
206,6,0
206,7,0
206,8,0.002881844
206,9,0.011527378
206,10,0.023054755
206,11,0.04610951
206,12,0.066282421
206,13,0.07204611
206,14,0.063400576
206,15,0.089337176
206,16,0.193083573
206,17,0.126801153
206,18,0.025936599
206,19,0
206,20,0
207,6,0
207,7,0
207,8,0.031700288
207,9,0.13832853
207,10,0.374639769
207,11,0.524495677
207,12,0.5129683
207,13,0.536023055
207,14,0.250720461
207,15,0.282420749
207,16,0.409221902
207,17,0.236311239
207,18,0.057636888
207,19,0
207,20,0
208,6,0
208,7,0
208,8,0.037463977
208,9,0.198847262
208,10,0.406340058
208,11,0.585014409
208,12,0.700288184
208,13,0.755043228
208,14,0.708933718
208,15,0.593659942
208,16,0.426512968
208,17,0.23054755
208,18,0.060518732
208,19,0
208,20,0
209,6,0
209,7,0
209,8,0.040345821
209,9,0.204610951
209,10,0.406340058
209,11,0.582132565
209,12,0.682997118
209,13,0.472622478
209,14,0.446685879
209,15,0.308357349
209,16,0.172910663
209,17,0.106628242
209,18,0.020172911
209,19,0
209,20,0
210,6,0
210,7,0
210,8,0.04610951
210,9,0.23054755
210,10,0.449567723
210,11,0.636887608
210,12,0.749279539
210,13,0.778097983
210,14,0.752161383
210,15,0.645533141
210,16,0.449567723
210,17,0.242074928
210,18,0.069164265
210,19,0
210,20,0
211,6,0
211,7,0
211,8,0.051873199
211,9,0.25648415
211,10,0.489913545
211,11,0.671469741
211,12,0.783861671
211,13,0.824207493
211,14,0.783861671
211,15,0.671469741
211,16,0.492795389
211,17,0.276657061
211,18,0.080691643
211,19,0
211,20,0
212,6,0
212,7,0
212,8,0.043227666
212,9,0.227665706
212,10,0.426512968
212,11,0.590778098
212,12,0.731988473
212,13,0.78962536
212,14,0.757925072
212,15,0.625360231
212,16,0.449567723
212,17,0.25648415
212,18,0.07204611
212,19,0
212,20,0
213,6,0
213,7,0
213,8,0.048991354
213,9,0.244956772
213,10,0.461095101
213,11,0.648414986
213,12,0.775216138
213,13,0.827089337
213,14,0.786743516
213,15,0.680115274
213,16,0.504322767
213,17,0.279538905
213,18,0.074927954
213,19,0
213,20,0
214,6,0
214,7,0
214,8,0.04610951
214,9,0.23054755
214,10,0.452449568
214,11,0.634005764
214,12,0.749279539
214,13,0.801152738
214,14,0.763688761
214,15,0.657060519
214,16,0.478386167
214,17,0.253602305
214,18,0.066282421
214,19,0
214,20,0
215,6,0
215,7,0
215,8,0.043227666
215,9,0.216138329
215,10,0.423631124
215,11,0.60518732
215,12,0.723342939
215,13,0.780979827
215,14,0.757925072
215,15,0.657060519
215,16,0.501440922
215,17,0.291066282
215,18,0.083573487
215,19,0
215,20,0
216,6,0
216,7,0
216,8,0.034582133
216,9,0.198847262
216,10,0.417867435
216,11,0.602305476
216,12,0.720461095
216,13,0.792507205
216,14,0.740634006
216,15,0.65129683
216,16,0.4870317
216,17,0.279538905
216,18,0.083573487
216,19,0
216,20,0
217,6,0
217,7,0
217,8,0.048991354
217,9,0.239193084
217,10,0.452449568
217,11,0.625360231
217,12,0.740634006
217,13,0.772334294
217,14,0.731988473
217,15,0.625360231
217,16,0.455331412
217,17,0.244956772
217,18,0.07204611
217,19,0
217,20,0
218,6,0
218,7,0
218,8,0.051873199
218,9,0.236311239
218,10,0.446685879
218,11,0.622478386
218,12,0.757925072
218,13,0.81556196
218,14,0.783861671
218,15,0.680115274
218,16,0.507204611
218,17,0.296829971
218,18,0.095100865
218,19,0
218,20,0
219,6,0
219,7,0
219,8,0.051873199
219,9,0.244956772
219,10,0.446685879
219,11,0.622478386
219,12,0.749279539
219,13,0.812680115
219,14,0.792507205
219,15,0.691642651
219,16,0.527377522
219,17,0.319884726
219,18,0.103746398
219,19,0
219,20,0
220,6,0
220,7,0
220,8,0.031700288
220,9,0.129682997
220,10,0.242074928
220,11,0.259365994
220,12,0.262247839
220,13,0.270893372
220,14,0.314121037
220,15,0.377521614
220,16,0.5129683
220,17,0.311239193
220,18,0.106628242
220,19,0
220,20,0
221,6,0
221,7,0
221,8,0.051873199
221,9,0.236311239
221,10,0.452449568
221,11,0.628242075
221,12,0.720461095
221,13,0.763688761
221,14,0.714697406
221,15,0.60518732
221,16,0.446685879
221,17,0.265129683
221,18,0.083573487
221,19,0
221,20,0
222,6,0
222,7,0
222,8,0.043227666
222,9,0.181556196
222,10,0.305475504
222,11,0.377521614
222,12,0.449567723
222,13,0.556195965
222,14,0.556195965
222,15,0.443804035
222,16,0.273775216
222,17,0.109510086
222,18,0.051873199
222,19,0
222,20,0
223,6,0
223,7,0
223,8,0.023054755
223,9,0.09221902
223,10,0.106628242
223,11,0.282420749
223,12,0.244956772
223,13,0.340057637
223,14,0.403458213
223,15,0.311239193
223,16,0.325648415
223,17,0.224783862
223,18,0.066282421
223,19,0
223,20,0
224,6,0
224,7,0
224,8,0.008645533
224,9,0.037463977
224,10,0.077809798
224,11,0.172910663
224,12,0.233429395
224,13,0.374639769
224,14,0.700288184
224,15,0.654178674
224,16,0.484149856
224,17,0.175792507
224,18,0.07204611
224,19,0
224,20,0
225,6,0
225,7,0
225,8,0.051873199
225,9,0.175792507
225,10,0.39481268
225,11,0.536023055
225,12,0.625360231
225,13,0.521613833
225,14,0.354466859
225,15,0.279538905
225,16,0.224783862
225,17,0.135446686
225,18,0.023054755
225,19,0
225,20,0
226,6,0
226,7,0
226,8,0.04610951
226,9,0.270893372
226,10,0.317002882
226,11,0.492795389
226,12,0.585014409
226,13,0.720461095
226,14,0.69740634
226,15,0.596541787
226,16,0.432276657
226,17,0.244956772
226,18,0.074927954
226,19,0
226,20,0
227,6,0
227,7,0
227,8,0.043227666
227,9,0.193083573
227,10,0.389048991
227,11,0.567723343
227,12,0.668587896
227,13,0.731988473
227,14,0.688760807
227,15,0.53314121
227,16,0.446685879
227,17,0.247838617
227,18,0.077809798
227,19,0
227,20,0
228,6,0
228,7,0
228,8,0.048991354
228,9,0.207492795
228,10,0.42074928
228,11,0.616714697
228,12,0.613832853
228,13,0.662824207
228,14,0.648414986
228,15,0.648414986
228,16,0.495677233
228,17,0.276657061
228,18,0.077809798
228,19,0.002881844
228,20,0
229,6,0
229,7,0
229,8,0.034582133
229,9,0.193083573
229,10,0.207492795
229,11,0.291066282
229,12,0.262247839
229,13,0.720461095
229,14,0.452449568
229,15,0.556195965
229,16,0.469740634
229,17,0.25648415
229,18,0.063400576
229,19,0
229,20,0
230,6,0
230,7,0
230,8,0.023054755
230,9,0.11815562
230,10,0.377521614
230,11,0.602305476
230,12,0.726224784
230,13,0.792507205
230,14,0.657060519
230,15,0.538904899
230,16,0.319884726
230,17,0.18443804
230,18,0.083573487
230,19,0.002881844
230,20,0
231,6,0
231,7,0
231,8,0.066282421
231,9,0.265129683
231,10,0.495677233
231,11,0.677233429
231,12,0.795389049
231,13,0.841498559
231,14,0.804034582
231,15,0.691642651
231,16,0.314121037
231,17,0.178674352
231,18,0.066282421
231,19,0.002881844
231,20,0
232,6,0
232,7,0
232,8,0.028818444
232,9,0.089337176
232,10,0.09221902
232,11,0.181556196
232,12,0.259365994
232,13,0.259365994
232,14,0.227665706
232,15,0.219020173
232,16,0.11815562
232,17,0.057636888
232,18,0.028818444
232,19,0.002881844
232,20,0
233,6,0
233,7,0
233,8,0.014409222
233,9,0.048991354
233,10,0.106628242
233,11,0.144092219
233,12,0.109510086
233,13,0.132564841
233,14,0.371757925
233,15,0.149855908
233,16,0.097982709
233,17,0.077809798
233,18,0.034582133
233,19,0.002881844
233,20,0
234,6,0
234,7,0
234,8,0.020172911
234,9,0.066282421
234,10,0.121037464
234,11,0.201729107
234,12,0.253602305
234,13,0.221902017
234,14,0.423631124
234,15,0.224783862
234,16,0.331412104
234,17,0.270893372
234,18,0.103746398
234,19,0.008645533
234,20,0
235,6,0
235,7,0
235,8,0.028818444
235,9,0.069164265
235,10,0.141210375
235,11,0.193083573
235,12,0.187319885
235,13,0.244956772
235,14,0.167146974
235,15,0.25648415
235,16,0.149855908
235,17,0.149855908
235,18,0.031700288
235,19,0.005763689
235,20,0
236,6,0
236,7,0
236,8,0.051873199
236,9,0.132564841
236,10,0.193083573
236,11,0.337175793
236,12,0.193083573
236,13,0.080691643
236,14,0.097982709
236,15,0.080691643
236,16,0.083573487
236,17,0.109510086
236,18,0.017291066
236,19,0
236,20,0
237,6,0
237,7,0
237,8,0.017291066
237,9,0.149855908
237,10,0.106628242
237,11,0.21037464
237,12,0.291066282
237,13,0.219020173
237,14,0.129682997
237,15,0.089337176
237,16,0.074927954
237,17,0.043227666
237,18,0.014409222
237,19,0
237,20,0
238,6,0
238,7,0
238,8,0.017291066
238,9,0.066282421
238,10,0.129682997
238,11,0.221902017
238,12,0.317002882
238,13,0.30259366
238,14,0.57925072
238,15,0.628242075
238,16,0.21037464
238,17,0.043227666
238,18,0.011527378
238,19,0
238,20,0
239,6,0
239,7,0
239,8,0.014409222
239,9,0.020172911
239,10,0.057636888
239,11,0.115273775
239,12,0.270893372
239,13,0.53314121
239,14,0.308357349
239,15,0.135446686
239,16,0.121037464
239,17,0.09221902
239,18,0.014409222
239,19,0
239,20,0
240,6,0
240,7,0
240,8,0.023054755
240,9,0.060518732
240,10,0.095100865
240,11,0.193083573
240,12,0.213256484
240,13,0.216138329
240,14,0.354466859
240,15,0.331412104
240,16,0.259365994
240,17,0.132564841
240,18,0.083573487
240,19,0
240,20,0
241,6,0
241,7,0
241,8,0.043227666
241,9,0.167146974
241,10,0.406340058
241,11,0.400576369
241,12,0.296829971
241,13,0.391930836
241,14,0.412103746
241,15,0.144092219
241,16,0.213256484
241,17,0.170028818
241,18,0.054755043
241,19,0
241,20,0
242,6,0
242,7,0
242,8,0.017291066
242,9,0.037463977
242,10,0.204610951
242,11,0.4870317
242,12,0.593659942
242,13,0.386167147
242,14,0.377521614
242,15,0.291066282
242,16,0.227665706
242,17,0.060518732
242,18,0.025936599
242,19,0
242,20,0
243,6,0
243,7,0
243,8,0.017291066
243,9,0.07204611
243,10,0.126801153
243,11,0.187319885
243,12,0.213256484
243,13,0.270893372
243,14,0.236311239
243,15,0.273775216
243,16,0.112391931
243,17,0.109510086
243,18,0.063400576
243,19,0.002881844
243,20,0
244,6,0
244,7,0
244,8,0.037463977
244,9,0.135446686
244,10,0.233429395
244,11,0.270893372
244,12,0.354466859
244,13,0.409221902
244,14,0.432276657
244,15,0.34870317
244,16,0.221902017
244,17,0.074927954
244,18,0.025936599
244,19,0
244,20,0
245,6,0
245,7,0
245,8,0.023054755
245,9,0.051873199
245,10,0.311239193
245,11,0.377521614
245,12,0.325648415
245,13,0.178674352
245,14,0.198847262
245,15,0.167146974
245,16,0.129682997
245,17,0.037463977
245,18,0.011527378
245,19,0
245,20,0
246,6,0
246,7,0
246,8,0.017291066
246,9,0.100864553
246,10,0.400576369
246,11,0.475504323
246,12,0.553314121
246,13,0.573487032
246,14,0.201729107
246,15,0.288184438
246,16,0.317002882
246,17,0.16426513
246,18,0.080691643
246,19,0
246,20,0
247,6,0
247,7,0
247,8,0.054755043
247,9,0.190201729
247,10,0.4870317
247,11,0.625360231
247,12,0.720461095
247,13,0.783861671
247,14,0.57925072
247,15,0.599423631
247,16,0.423631124
247,17,0.187319885
247,18,0.066282421
247,19,0
247,20,0
248,6,0
248,7,0
248,8,0.066282421
248,9,0.270893372
248,10,0.481268012
248,11,0.662824207
248,12,0.778097983
248,13,0.772334294
248,14,0.711815562
248,15,0.680115274
248,16,0.495677233
248,17,0.293948127
248,18,0.106628242
248,19,0.005763689
248,20,0
249,6,0
249,7,0
249,8,0.07204611
249,9,0.195965418
249,10,0.386167147
249,11,0.593659942
249,12,0.412103746
249,13,0.775216138
249,14,0.599423631
249,15,0.42074928
249,16,0.374639769
249,17,0.30259366
249,18,0.09221902
249,19,0.002881844
249,20,0
250,6,0
250,7,0
250,8,0.023054755
250,9,0.066282421
250,10,0.181556196
250,11,0.492795389
250,12,0.731988473
250,13,0.657060519
250,14,0.432276657
250,15,0.337175793
250,16,0.253602305
250,17,0.123919308
250,18,0.048991354
250,19,0.002881844
250,20,0
251,6,0
251,7,0
251,8,0.028818444
251,9,0.09221902
251,10,0.193083573
251,11,0.34870317
251,12,0.365994236
251,13,0.461095101
251,14,0.536023055
251,15,0.412103746
251,16,0.423631124
251,17,0.296829971
251,18,0.066282421
251,19,0.002881844
251,20,0
252,6,0
252,7,0
252,8,0.063400576
252,9,0.172910663
252,10,0.244956772
252,11,0.472622478
252,12,0.550432277
252,13,0.717579251
252,14,0.498559078
252,15,0.325648415
252,16,0.308357349
252,17,0.259365994
252,18,0.066282421
252,19,0.002881844
252,20,0
253,6,0
253,7,0.005763689
253,8,0.100864553
253,9,0.293948127
253,10,0.380403458
253,11,0.582132565
253,12,0.57925072
253,13,0.749279539
253,14,0.772334294
253,15,0.665706052
253,16,0.530259366
253,17,0.322766571
253,18,0.121037464
253,19,0.008645533
253,20,0
254,6,0
254,7,0.002881844
254,8,0.083573487
254,9,0.193083573
254,10,0.253602305
254,11,0.426512968
254,12,0.596541787
254,13,0.648414986
254,14,0.541786744
254,15,0.365994236
254,16,0.314121037
254,17,0.161383285
254,18,0.034582133
254,19,0.002881844
254,20,0
255,6,0
255,7,0
255,8,0.043227666
255,9,0.126801153
255,10,0.227665706
255,11,0.224783862
255,12,0.175792507
255,13,0.141210375
255,14,0.09221902
255,15,0.043227666
255,16,0.031700288
255,17,0.020172911
255,18,0.025936599
255,19,0
255,20,0
256,6,0
256,7,0.002881844
256,8,0.057636888
256,9,0.11815562
256,10,0.123919308
256,11,0.227665706
256,12,0.342939481
256,13,0.311239193
256,14,0.207492795
256,15,0.227665706
256,16,0.132564841
256,17,0.097982709
256,18,0.037463977
256,19,0.011527378
256,20,0
257,6,0
257,7,0.005763689
257,8,0.043227666
257,9,0.109510086
257,10,0.30259366
257,11,0.449567723
257,12,0.371757925
257,13,0.524495677
257,14,0.596541787
257,15,0.518731988
257,16,0.253602305
257,17,0.21037464
257,18,0.103746398
257,19,0.011527378
257,20,0
258,6,0
258,7,0.005763689
258,8,0.04610951
258,9,0.074927954
258,10,0.132564841
258,11,0.250720461
258,12,0.371757925
258,13,0.319884726
258,14,0.18443804
258,15,0.16426513
258,16,0.172910663
258,17,0.115273775
258,18,0.028818444
258,19,0
258,20,0
259,6,0
259,7,0
259,8,0.011527378
259,9,0.023054755
259,10,0.028818444
259,11,0.095100865
259,12,0.051873199
259,13,0.066282421
259,14,0.09221902
259,15,0.043227666
259,16,0.014409222
259,17,0.07204611
259,18,0.020172911
259,19,0
259,20,0
260,6,0
260,7,0
260,8,0.011527378
260,9,0.034582133
260,10,0.037463977
260,11,0.141210375
260,12,0.250720461
260,13,0.328530259
260,14,0.095100865
260,15,0.086455331
260,16,0.04610951
260,17,0.031700288
260,18,0.017291066
260,19,0
260,20,0
261,6,0
261,7,0
261,8,0.031700288
261,9,0.09221902
261,10,0.129682997
261,11,0.34870317
261,12,0.354466859
261,13,0.207492795
261,14,0.135446686
261,15,0.18443804
261,16,0.115273775
261,17,0.057636888
261,18,0.008645533
261,19,0
261,20,0
262,6,0
262,7,0
262,8,0.020172911
262,9,0.063400576
262,10,0.086455331
262,11,0.083573487
262,12,0.095100865
262,13,0.152737752
262,14,0.086455331
262,15,0.089337176
262,16,0.063400576
262,17,0.043227666
262,18,0.023054755
262,19,0
262,20,0
263,6,0
263,7,0
263,8,0.014409222
263,9,0.095100865
263,10,0.314121037
263,11,0.317002882
263,12,0.357348703
263,13,0.365994236
263,14,0.314121037
263,15,0.18443804
263,16,0.172910663
263,17,0.213256484
263,18,0.097982709
263,19,0.005763689
263,20,0
264,6,0
264,7,0
264,8,0.037463977
264,9,0.109510086
264,10,0.106628242
264,11,0.132564841
264,12,0.296829971
264,13,0.351585014
264,14,0.377521614
264,15,0.250720461
264,16,0.253602305
264,17,0.187319885
264,18,0.083573487
264,19,0.008645533
264,20,0
265,6,0
265,7,0.005763689
265,8,0.057636888
265,9,0.123919308
265,10,0.170028818
265,11,0.288184438
265,12,0.374639769
265,13,0.299711816
265,14,0.461095101
265,15,0.360230548
265,16,0.417867435
265,17,0.161383285
265,18,0.04610951
265,19,0.005763689
265,20,0
266,6,0
266,7,0.005763689
266,8,0.07204611
266,9,0.193083573
266,10,0.18443804
266,11,0.299711816
266,12,0.409221902
266,13,0.634005764
266,14,0.720461095
266,15,0.469740634
266,16,0.219020173
266,17,0.247838617
266,18,0.040345821
266,19,0.011527378
266,20,0
267,6,0
267,7,0.005763689
267,8,0.063400576
267,9,0.103746398
267,10,0.213256484
267,11,0.317002882
267,12,0.325648415
267,13,0.363112392
267,14,0.239193084
267,15,0.426512968
267,16,0.538904899
267,17,0.325648415
267,18,0.158501441
267,19,0.014409222
267,20,0
268,6,0
268,7,0.014409222
268,8,0.106628242
268,9,0.227665706
268,10,0.403458213
268,11,0.446685879
268,12,0.368876081
268,13,0.553314121
268,14,0.527377522
268,15,0.452449568
268,16,0.308357349
268,17,0.187319885
268,18,0.103746398
268,19,0.011527378
268,20,0
269,6,0
269,7,0.008645533
269,8,0.069164265
269,9,0.181556196
269,10,0.213256484
269,11,0.317002882
269,12,0.412103746
269,13,0.406340058
269,14,0.412103746
269,15,0.423631124
269,16,0.30259366
269,17,0.198847262
269,18,0.106628242
269,19,0.014409222
269,20,0
270,6,0
270,7,0.008645533
270,8,0.077809798
270,9,0.190201729
270,10,0.340057637
270,11,0.426512968
270,12,0.60518732
270,13,0.714697406
270,14,0.786743516
270,15,0.726224784
270,16,0.53314121
270,17,0.319884726
270,18,0.103746398
270,19,0.011527378
270,20,0
271,6,0
271,7,0
271,8,0.031700288
271,9,0.077809798
271,10,0.089337176
271,11,0.216138329
271,12,0.253602305
271,13,0.340057637
271,14,0.129682997
271,15,0.080691643
271,16,0.054755043
271,17,0.025936599
271,18,0.011527378
271,19,0
271,20,0
272,6,0
272,7,0
272,8,0.025936599
272,9,0.051873199
272,10,0.100864553
272,11,0.129682997
272,12,0.115273775
272,13,0.109510086
272,14,0.123919308
272,15,0.155619597
272,16,0.097982709
272,17,0.040345821
272,18,0.020172911
272,19,0
272,20,0
273,6,0
273,7,0.005763689
273,8,0.043227666
273,9,0.126801153
273,10,0.155619597
273,11,0.115273775
273,12,0.178674352
273,13,0.340057637
273,14,0.414985591
273,15,0.242074928
273,16,0.09221902
273,17,0.057636888
273,18,0.017291066
273,19,0
273,20,0
274,6,0
274,7,0
274,8,0.054755043
274,9,0.227665706
274,10,0.141210375
274,11,0.181556196
274,12,0.279538905
274,13,0.489913545
274,14,0.55907781
274,15,0.273775216
274,16,0.371757925
274,17,0.109510086
274,18,0.037463977
274,19,0.005763689
274,20,0
275,6,0
275,7,0
275,8,0.014409222
275,9,0.034582133
275,10,0.09221902
275,11,0.095100865
275,12,0.083573487
275,13,0.121037464
275,14,0.221902017
275,15,0.279538905
275,16,0.172910663
275,17,0.086455331
275,18,0.051873199
275,19,0.005763689
275,20,0
276,6,0
276,7,0.014409222
276,8,0.123919308
276,9,0.319884726
276,10,0.564841499
276,11,0.69740634
276,12,0.78962536
276,13,0.636887608
276,14,0.564841499
276,15,0.495677233
276,16,0.360230548
276,17,0.198847262
276,18,0.095100865
276,19,0.011527378
276,20,0
277,6,0
277,7,0.017291066
277,8,0.115273775
277,9,0.285302594
277,10,0.365994236
277,11,0.438040346
277,12,0.538904899
277,13,0.504322767
277,14,0.472622478
277,15,0.461095101
277,16,0.429394813
277,17,0.213256484
277,18,0.04610951
277,19,0.005763689
277,20,0
278,6,0
278,7,0
278,8,0.020172911
278,9,0.043227666
278,10,0.086455331
278,11,0.132564841
278,12,0.216138329
278,13,0.181556196
278,14,0.201729107
278,15,0.158501441
278,16,0.100864553
278,17,0.069164265
278,18,0.023054755
278,19,0.002881844
278,20,0
279,6,0
279,7,0
279,8,0.017291066
279,9,0.051873199
279,10,0.063400576
279,11,0.126801153
279,12,0.181556196
279,13,0.069164265
279,14,0.201729107
279,15,0.23054755
279,16,0.048991354
279,17,0.034582133
279,18,0.008645533
279,19,0
279,20,0
280,6,0
280,7,0.005763689
280,8,0.034582133
280,9,0.060518732
280,10,0.106628242
280,11,0.187319885
280,12,0.187319885
280,13,0.207492795
280,14,0.175792507
280,15,0.115273775
280,16,0.040345821
280,17,0.040345821
280,18,0.020172911
280,19,0
280,20,0
281,6,0
281,7,0.011527378
281,8,0.037463977
281,9,0.043227666
281,10,0.270893372
281,11,0.319884726
281,12,0.265129683
281,13,0.109510086
281,14,0.161383285
281,15,0.060518732
281,16,0.048991354
281,17,0.034582133
281,18,0.011527378
281,19,0
281,20,0
282,6,0
282,7,0
282,8,0.031700288
282,9,0.034582133
282,10,0.095100865
282,11,0.07204611
282,12,0.100864553
282,13,0.233429395
282,14,0.204610951
282,15,0.345821326
282,16,0.311239193
282,17,0.051873199
282,18,0.020172911
282,19,0.002881844
282,20,0
283,6,0
283,7,0.014409222
283,8,0.066282421
283,9,0.126801153
283,10,0.34870317
283,11,0.322766571
283,12,0.374639769
283,13,0.74351585
283,14,0.573487032
283,15,0.334293948
283,16,0.325648415
283,17,0.175792507
283,18,0.034582133
283,19,0
283,20,0
284,6,0
284,7,0.005763689
284,8,0.037463977
284,9,0.109510086
284,10,0.172910663
284,11,0.135446686
284,12,0.524495677
284,13,0.536023055
284,14,0.631123919
284,15,0.582132565
284,16,0.406340058
284,17,0.386167147
284,18,0.161383285
284,19,0.020172911
284,20,0
285,6,0
285,7,0.005763689
285,8,0.063400576
285,9,0.152737752
285,10,0.259365994
285,11,0.659942363
285,12,0.88184438
285,13,0.88184438
285,14,0.878962536
285,15,0.731988473
285,16,0.564841499
285,17,0.357348703
285,18,0.112391931
285,19,0.008645533
285,20,0
286,6,0
286,7,0.017291066
286,8,0.063400576
286,9,0.270893372
286,10,0.619596542
286,11,0.691642651
286,12,0.717579251
286,13,0.639769452
286,14,0.818443804
286,15,0.706051873
286,16,0.590778098
286,17,0.363112392
286,18,0.144092219
286,19,0.023054755
286,20,0
287,6,0
287,7,0.031700288
287,8,0.141210375
287,9,0.365994236
287,10,0.541786744
287,11,0.596541787
287,12,0.371757925
287,13,0.65129683
287,14,0.65129683
287,15,0.602305476
287,16,0.475504323
287,17,0.368876081
287,18,0.172910663
287,19,0.020172911
287,20,0
288,6,0
288,7,0.011527378
288,8,0.077809798
288,9,0.13832853
288,10,0.262247839
288,11,0.265129683
288,12,0.331412104
288,13,0.406340058
288,14,0.507204611
288,15,0.829971182
288,16,0.610951009
288,17,0.438040346
288,18,0.141210375
288,19,0.014409222
288,20,0
289,6,0
289,7,0.017291066
289,8,0.083573487
289,9,0.175792507
289,10,0.524495677
289,11,0.824207493
289,12,0.798270893
289,13,0.965417867
289,14,0.602305476
289,15,0.613832853
289,16,0.593659942
289,17,0.389048991
289,18,0.161383285
289,19,0.020172911
289,20,0
290,6,0
290,7,0.020172911
290,8,0.132564841
290,9,0.144092219
290,10,0.11815562
290,11,0.135446686
290,12,0.155619597
290,13,0.207492795
290,14,0.190201729
290,15,0.123919308
290,16,0.063400576
290,17,0.023054755
290,18,0.017291066
290,19,0
290,20,0
291,6,0
291,7,0
291,8,0.023054755
291,9,0.09221902
291,10,0.109510086
291,11,0.190201729
291,12,0.227665706
291,13,0.216138329
291,14,0.285302594
291,15,0.317002882
291,16,0.265129683
291,17,0.149855908
291,18,0.074927954
291,19,0.014409222
291,20,0
292,6,0
292,7,0.002881844
292,8,0.028818444
292,9,0.07204611
292,10,0.132564841
292,11,0.221902017
292,12,0.311239193
292,13,0.213256484
292,14,0.325648415
292,15,0.187319885
292,16,0.201729107
292,17,0.097982709
292,18,0.060518732
292,19,0.005763689
292,20,0
293,6,0
293,7,0.005763689
293,8,0.025936599
293,9,0.066282421
293,10,0.207492795
293,11,0.244956772
293,12,0.198847262
293,13,0.123919308
293,14,0.037463977
293,15,0.008645533
293,16,0.008645533
293,17,0.002881844
293,18,0
293,19,0
293,20,0
294,6,0
294,7,0.037463977
294,8,0.023054755
294,9,0.008645533
294,10,0.008645533
294,11,0.020172911
294,12,0.008645533
294,13,0.011527378
294,14,0.014409222
294,15,0.080691643
294,16,0.100864553
294,17,0.239193084
294,18,0.115273775
294,19,0.017291066
294,20,0
295,6,0
295,7,0.014409222
295,8,0.095100865
295,9,0.146974063
295,10,0.259365994
295,11,0.331412104
295,12,0.734870317
295,13,0.639769452
295,14,0.553314121
295,15,0.409221902
295,16,0.345821326
295,17,0.273775216
295,18,0.083573487
295,19,0.008645533
295,20,0
296,6,0
296,7,0.005763689
296,8,0.04610951
296,9,0.121037464
296,10,0.221902017
296,11,0.242074928
296,12,0.288184438
296,13,0.556195965
296,14,0.567723343
296,15,0.610951009
296,16,0.461095101
296,17,0.21037464
296,18,0.115273775
296,19,0.014409222
296,20,0
297,6,0
297,7,0.017291066
297,8,0.083573487
297,9,0.195965418
297,10,0.337175793
297,11,0.461095101
297,12,0.639769452
297,13,0.913544669
297,14,0.948126801
297,15,0.766570605
297,16,0.613832853
297,17,0.391930836
297,18,0.080691643
297,19,0.011527378
297,20,0
298,6,0
298,7,0.020172911
298,8,0.100864553
298,9,0.155619597
298,10,0.21037464
298,11,0.279538905
298,12,0.305475504
298,13,0.547550432
298,14,0.334293948
298,15,0.296829971
298,16,0.066282421
298,17,0.034582133
298,18,0.014409222
298,19,0
298,20,0
299,6,0
299,7,0.011527378
299,8,0.066282421
299,9,0.204610951
299,10,0.291066282
299,11,0.446685879
299,12,0.619596542
299,13,0.951008646
299,14,0.576368876
299,15,0.700288184
299,16,0.340057637
299,17,0.170028818
299,18,0.063400576
299,19,0.014409222
299,20,0
